UNITID,OPEID6,INSTNM,CITY,STABBR,ZIP,MAIN,NUMBRANCH,PREDDEG,HIGHDEG,CONTROL,REGION,LOCALE,ADM_RATE,SATVR25,SATVR75,SATMT25,SATMT75,ACTCM25,ACTCM75,UGDS,PPTUG_EF,NPT4_PUB,NPT4_PRIV,COSTT4_A,TUITIONFEE_IN,TUITIONFEE_OUT,PCTPELL,C150_4,RET_FT4,RET_PT4,PCTFLOAN,DEBT_MDN,GRAD_DEBT_MDN,net_price,sat_combined_25,sat_combined_75,test_score_source
100654,1002,Alabama A & M University,Normal,AL,35762,1,1,3,4,1,5,12.0,0.9027,365.0,485.0,360.0,495.0,16.0,19.0,4824.0,0.0655,15184.0,,22886.0,9857.0,18236.0,0.71,0.2396,0.5879,0.1316,0.7697,15000.0,34500.0,15184.0,725.0,980.0,SAT
100663,1052,University of Alabama at Birmingham,Birmingham,AL,35294,1,1,3,4,1,5,12.0,0.9181,440.0,630.0,550.0,740.0,21.0,28.0,12866.0,0.2515,17535.0,,24129.0,8328.0,19032.0,0.3532,0.5292,0.8436,0.4384,0.5207,15000.0,22500.0,17535.0,990.0,1370.0,SAT
100706,1055,University of Alabama in Huntsville,Huntsville,AL,35899,1,1,3,4,1,5,12.0,0.8123,550.0,660.0,530.0,670.0,25.0,31.0,6917.0,0.1496,19986.0,,22108.0,10280.0,21480.0,0.2765,0.4862,0.8248,0.375,0.4278,14000.0,22021.0,19986.0,1080.0,1330.0,SAT
100724,1005,Alabama State University,Montgomery,AL,36104,1,1,3,4,1,5,12.0,0.9787,380.0,485.0,375.0,481.0,16.0,20.0,4189.0,0.0771,12874.0,,19413.0,11068.0,19396.0,0.7377,0.2769,0.5923,0.35,0.769,18950.0,32637.0,12874.0,755.0,966.0,SAT
100751,1051,The University of Alabama,Tuscaloosa,AL,35487,1,1,3,4,1,5,12.0,0.533,530.0,640.0,520.0,640.0,23.0,32.0,32387.0,0.0792,21973.0,,28836.0,10780.0,28100.0,0.18,0.6787,0.8709,0.5556,0.3878,17500.0,23250.0,21973.0,1050.0,1280.0,SAT
100830,8310,Auburn University at Montgomery,Montgomery,AL,36117,1,1,3,4,1,5,12.0,0.8254,490.0,565.0,475.0,545.0,19.0,24.0,4211.0,0.2315,15310.0,,19892.0,8020.0,17140.0,0.4416,0.2765,0.6828,0.4571,0.5769,12500.0,25000.0,15310.0,965.0,1110.0,SAT
100858,1009,Auburn University,Auburn,AL,36849,1,1,3,4,1,5,13.0,0.8393,570.0,650.0,560.0,660.0,24.0,30.0,23391.0,0.0838,23416.0,,30458.0,10968.0,29640.0,0.1489,0.7658,0.9152,0.8718,0.3198,16380.0,21000.0,23416.0,1130.0,1310.0,SAT
100937,1012,Birmingham Southern College,Birmingham,AL,35254,1,1,3,3,2,5,12.0,0.6186,520.0,630.0,510.0,630.0,23.0,29.0,1283.0,0.0086,,22893.0,50440.0,35804.0,35804.0,0.1917,0.6606,0.753,,0.4467,18794.0,26000.0,22893.0,1030.0,1260.0,SAT
101189,1003,Faulkner University,Montgomery,AL,36109,1,1,3,4,2,5,12.0,0.5101,460.0,590.0,460.0,560.0,18.0,22.0,2272.0,0.2333,,23562.0,31720.0,20970.0,20970.0,0.5091,0.2801,0.5797,0.375,0.6469,15500.0,24000.0,23562.0,920.0,1150.0,SAT
101435,1019,Huntingdon College,Montgomery,AL,36106,1,1,3,3,2,5,12.0,0.5598,490.0,595.0,500.0,580.0,19.0,24.0,1099.0,0.2011,,19596.0,34675.0,26400.0,26400.0,0.4312,0.3672,0.6498,,0.7064,16000.0,26805.0,19596.0,990.0,1175.0,SAT
101480,1020,Jacksonville State University,Jacksonville,AL,36265,1,1,3,4,1,5,13.0,0.5402,420.0,530.0,420.0,520.0,19.0,26.0,6622.0,0.1818,18074.0,,20890.0,8166.0,15582.0,0.3785,0.3721,0.7411,0.3462,0.6466,15999.0,25000.0,18074.0,840.0,1050.0,SAT
101541,1023,Judson College,Marion,AL,36756,1,1,3,3,2,5,43.0,0.507,,,,,18.0,25.0,315.0,0.2698,,16872.0,30456.0,17896.0,17896.0,0.5644,0.32,0.5833,0.0,0.6626,10500.0,23500.0,16872.0,966.6666666666666,1206.6666666666667,ACT_coverted
101587,1024,University of West Alabama,Livingston,AL,35470,1,1,3,4,1,5,43.0,0.2821,440.0,520.0,420.0,500.0,18.0,23.0,2106.0,0.1249,13512.0,,19671.0,9204.0,16818.0,0.5308,0.3324,0.6568,0.75,0.6461,14250.0,26663.0,13512.0,860.0,1020.0,SAT
101693,1029,University of Mobile,Mobile,AL,36613,1,1,3,4,2,5,41.0,0.4702,460.0,560.0,450.0,540.0,20.0,25.0,1276.0,0.0972,,19125.0,35256.0,22210.0,22210.0,0.4666,0.4476,0.6861,,0.7616,19500.0,27000.0,19125.0,910.0,1100.0,SAT
101709,1004,University of Montevallo,Montevallo,AL,35115,1,1,3,4,1,5,21.0,0.6445,440.0,620.0,460.0,580.0,20.0,26.0,2329.0,0.0988,17020.0,,23938.0,12400.0,25030.0,0.3881,0.503,0.7759,0.5,0.5791,17213.0,24039.0,17020.0,900.0,1200.0,SAT
101879,1016,University of North Alabama,Florence,AL,35632,1,1,3,4,1,5,13.0,0.7022,515.0,610.0,455.0,580.0,19.0,25.0,5771.0,0.1128,12754.0,,18223.0,8480.0,15128.0,0.4034,0.4454,0.7579,0.5789,0.7101,14250.0,23250.0,12754.0,970.0,1190.0,SAT
101912,1033,Oakwood University,Huntsville,AL,35896,1,1,3,4,2,5,12.0,0.4707,460.0,570.0,430.0,530.0,17.0,22.0,1623.0,0.0635,,25539.0,35547.0,16720.0,16720.0,0.5268,0.4715,0.7,1.0,0.7273,21500.0,31000.0,25539.0,890.0,1100.0,SAT
102049,1036,Samford University,Birmingham,AL,35229,1,1,3,4,2,5,21.0,0.8319,550.0,650.0,530.0,630.0,23.0,29.0,3364.0,0.03,,29032.0,44896.0,30490.0,30490.0,0.114,0.7581,0.8701,,0.3245,15500.0,19304.0,29032.0,1080.0,1280.0,SAT
102094,1057,University of South Alabama,Mobile,AL,36688,1,1,3,4,1,5,12.0,0.8208,510.0,610.0,500.0,590.0,20.0,26.0,10712.0,0.1527,15082.0,,19702.0,7812.0,15324.0,0.3723,0.4007,0.776,0.6098,0.5335,16750.0,25000.0,15082.0,1010.0,1200.0,SAT
102234,1041,Spring Hill College,Mobile,AL,36608,1,1,3,4,2,5,12.0,0.4568,515.0,600.0,510.0,585.0,21.0,26.0,1375.0,0.0087,,21275.0,50954.0,37584.0,37584.0,0.2998,0.5254,0.7857,,0.7581,19500.0,27000.0,21275.0,1025.0,1185.0,SAT
102368,1047,Troy University,Troy,AL,36082,1,4,3,4,1,5,33.0,0.8812,480.0,600.0,465.0,605.0,18.0,25.0,13634.0,0.3053,13349.0,,18585.0,8692.0,16276.0,0.4011,0.39,0.7002,0.368,0.6182,15500.0,26500.0,13349.0,945.0,1205.0,SAT
102377,1050,Tuskegee University,Tuskegee,AL,36088,1,1,3,4,2,5,32.0,0.5032,440.0,540.0,420.0,520.0,18.0,24.0,2833.0,0.0392,,32907.0,36673.0,22170.0,22170.0,0.0568,0.5193,0.6829,1.0,0.652,22053.0,31000.0,32907.0,860.0,1060.0,SAT
102614,1063,University of Alaska Fairbanks,Fairbanks,AK,99775,1,1,3,4,1,8,23.0,0.767,510.0,640.0,520.0,630.0,17.0,25.0,4910.0,0.4029,9988.0,,17168.0,6262.0,19183.0,0.2037,0.3018,0.7706,0.6429,0.2247,11000.0,19407.0,9988.0,1030.0,1270.0,SAT
104151,1081,Arizona State University-Tempe,Tempe,AZ,85287,1,10,3,4,1,6,12.0,0.8415,560.0,670.0,560.0,680.0,22.0,29.0,42181.0,0.0841,11163.0,,24353.0,10792.0,27372.0,0.2928,0.6335,0.8659,0.5333,0.3875,14271.0,20349.0,11163.0,1120.0,1350.0,SAT
104586,1479,Embry-Riddle Aeronautical University-Prescott,Prescott,AZ,86301,0,2,3,4,2,6,41.0,0.7652,560.0,670.0,570.0,680.0,23.0,29.0,2598.0,0.0489,,32898.0,49912.0,34662.0,34662.0,0.2411,0.596,0.8681,0.6,0.4775,13750.0,25000.0,32898.0,1130.0,1350.0,SAT
105589,20653,Prescott College,Prescott,AZ,86301,1,1,3,4,2,6,13.0,0.9526,570.0,615.0,490.0,570.0,19.0,27.0,350.0,0.1943,,20968.0,38807.0,30501.0,30501.0,0.4642,0.4355,0.7234,,0.6189,14024.0,22728.0,20968.0,1060.0,1185.0,SAT
105899,7113,Arizona Christian University,Phoenix,AZ,85032,1,1,3,3,2,6,11.0,0.6444,430.0,540.0,420.0,540.0,15.0,21.0,696.0,0.0761,,23824.0,37675.0,24958.0,24958.0,0.3439,0.4694,0.6589,,0.5902,10500.0,22500.0,23824.0,850.0,1080.0,SAT
106245,1101,University of Arkansas at Little Rock,Little Rock,AR,72204,1,1,3,4,1,5,12.0,0.7463,540.0,580.0,560.0,580.0,19.0,25.0,6677.0,0.3654,13729.0,,21377.0,8998.0,21208.0,0.3703,0.3199,0.694,0.4324,0.4261,13700.0,21043.0,13729.0,1100.0,1160.0,SAT
106342,1088,Lyon College,Batesville,AR,72501,1,1,3,3,2,5,33.0,0.6418,510.0,602.0,520.0,632.0,22.0,28.0,664.0,0.0181,,19158.0,37377.0,27340.0,27340.0,0.358,0.5226,0.615,,0.5072,13250.0,22487.0,19158.0,1030.0,1234.0,SAT
106397,1108,University of Arkansas,Fayetteville,AR,72701,1,1,3,4,1,5,13.0,0.6596,560.0,640.0,550.0,640.0,23.0,29.0,22763.0,0.1039,16069.0,,22122.0,9062.0,24308.0,0.2043,0.6152,0.8221,0.6207,0.3866,14596.0,21500.0,16069.0,1110.0,1280.0,SAT
106412,1086,University of Arkansas at Pine Bluff,Pine Bluff,AR,71601,1,1,3,4,1,5,13.0,0.4669,448.0,545.0,435.0,515.0,16.0,20.0,2510.0,0.0673,8692.0,,16264.0,7408.0,13738.0,0.7071,0.2855,0.7077,0.2222,0.6542,12624.0,24487.0,8692.0,883.0,1060.0,SAT
106458,1090,Arkansas State University-Main Campus,Jonesboro,AR,72401,1,1,3,4,1,5,13.0,0.6602,508.0,605.0,508.0,625.0,21.0,26.0,8856.0,0.2254,13828.0,,20952.0,8478.0,14778.0,0.412,0.475,0.7284,0.2571,0.5217,15000.0,21000.0,13828.0,1016.0,1230.0,SAT
106704,1092,University of Central Arkansas,Conway,AR,72035,1,1,3,4,1,5,13.0,0.8995,470.0,555.0,500.0,580.0,21.0,27.0,9034.0,0.1116,14375.0,,20702.0,8524.0,15047.0,0.397,0.4124,0.7215,0.6154,0.4794,13000.0,21500.0,14375.0,970.0,1135.0,SAT
106713,1093,Central Baptist College,Conway,AR,72034,1,1,3,3,2,5,13.0,0.6755,420.0,555.0,468.0,535.0,18.0,22.0,676.0,0.1139,,17035.0,24453.0,15750.0,15750.0,0.449,0.2194,0.64,,0.5837,12000.0,20250.0,17035.0,888.0,1090.0,SAT
107044,1097,Harding University,Searcy,AR,72149,1,2,3,4,2,5,32.0,0.7212,530.0,650.0,520.0,630.0,22.0,28.0,4147.0,0.049,,18963.0,28758.0,19385.0,19385.0,0.2641,0.6663,0.8253,0.6667,0.5508,20500.0,26000.0,18963.0,1050.0,1280.0,SAT
107071,1098,Henderson State University,Arkadelphia,AR,71999,1,1,3,4,1,5,32.0,0.7968,476.0,558.0,478.0,565.0,19.0,25.0,2829.0,0.0933,15357.0,,20913.0,8530.0,10180.0,0.469,0.3325,0.6459,0.0,0.4264,12350.0,20000.0,15357.0,954.0,1123.0,SAT
107080,1099,Hendrix College,Conway,AR,72032,1,1,3,4,2,5,13.0,0.798,560.0,710.0,540.0,700.0,24.0,31.0,1233.0,0.0041,,20695.0,58040.0,44070.0,44070.0,0.2327,0.7453,0.8267,,0.537,20043.0,27000.0,20695.0,1100.0,1410.0,SAT
107141,1100,John Brown University,Siloam Springs,AR,72761,1,1,3,4,2,5,32.0,0.7579,550.0,680.0,530.0,630.0,24.0,29.0,1606.0,0.0735,,22583.0,37814.0,26144.0,26144.0,0.2747,0.7306,0.8204,,0.467,18025.0,21828.0,22583.0,1080.0,1310.0,SAT
107512,1102,Ouachita Baptist University,Arkadelphia,AR,71998,1,1,3,3,2,5,32.0,0.7094,540.0,640.0,480.0,620.0,21.0,28.0,1513.0,0.0112,,18509.0,35685.0,25870.0,25870.0,0.2726,0.6397,0.7873,1.0,0.6062,14778.0,20665.0,18509.0,1020.0,1260.0,SAT
107558,1094,University of the Ozarks,Clarksville,AR,72830,1,1,3,3,2,5,33.0,0.8915,470.0,590.0,460.0,590.0,18.0,23.0,745.0,0.004,,17349.0,35426.0,23750.0,23750.0,0.4242,0.5054,0.5979,,0.5452,5500.0,19500.0,17349.0,930.0,1180.0,SAT
107877,1106,Williams Baptist University,Walnut Ridge,AR,72476,1,1,3,3,2,5,42.0,0.6241,,,,,18.0,22.0,452.0,0.0111,,15645.0,28274.0,17320.0,17320.0,0.4627,0.4222,0.6991,,0.6333,12500.0,20000.0,15645.0,966.6666666666666,1106.6666666666667,ACT_coverted
107983,1107,Southern Arkansas University Main Campus,Magnolia,AR,71753,1,1,3,4,1,5,33.0,0.6945,460.0,570.0,490.0,570.0,19.0,25.0,3153.0,0.0752,12778.0,,21252.0,8346.0,12156.0,0.5017,0.3604,0.6604,0.375,0.7737,11000.0,19013.0,12778.0,950.0,1140.0,SAT
109785,1117,Azusa Pacific University,Azusa,CA,91702,1,2,3,4,2,8,21.0,0.6012,480.0,610.0,510.0,610.0,21.0,27.0,5560.0,0.1061,,27267.0,49911.0,37506.0,37506.0,0.3374,0.6681,0.8272,0.6,0.6038,18970.0,24500.0,27267.0,990.0,1220.0,SAT
110097,1122,Biola University,La Mirada,CA,90639,1,1,3,4,2,8,21.0,0.7198,543.0,658.0,520.0,640.0,21.0,28.0,4039.0,0.0396,,31492.0,51154.0,38448.0,38448.0,0.3013,0.7335,0.8691,0.6667,0.5928,20000.0,24813.0,31492.0,1063.0,1298.0,SAT
110361,1125,California Baptist University,Riverside,CA,92504,1,1,3,4,2,8,11.0,0.7708,500.0,600.0,480.0,590.0,19.0,25.0,7397.0,0.1394,,31231.0,43158.0,32256.0,32256.0,0.4488,0.5866,0.7807,0.4483,0.7211,21522.0,27000.0,31231.0,980.0,1190.0,SAT
110404,1131,California Institute of Technology,Pasadena,CA,91125,1,1,3,4,2,8,12.0,0.0774,750.0,790.0,780.0,800.0,34.0,35.0,961.0,0.0,,23345.0,65874.0,49908.0,49908.0,0.1236,0.893,0.983,,0.0429,8013.0,8700.0,23345.0,1530.0,1590.0,SAT
110413,1133,California Lutheran University,Thousand Oaks,CA,91360,1,1,3,4,2,8,12.0,0.7275,540.0,620.0,520.0,610.0,21.0,27.0,2959.0,0.0348,,25871.0,55546.0,41363.0,41363.0,0.2559,0.708,0.8464,,0.4817,18000.0,21500.0,25871.0,1060.0,1230.0,SAT
110422,1143,California Polytechnic State University-San Luis Obispo,San Luis Obispo,CA,93407,1,1,3,4,1,8,23.0,0.3461,600.0,680.0,600.0,700.0,26.0,31.0,21303.0,0.0357,19979.0,,25960.0,9432.0,21312.0,0.1764,0.7914,0.9474,0.875,0.3153,17000.0,19500.0,19979.0,1200.0,1380.0,SAT
110510,1142,California State University-San Bernardino,San Bernardino,CA,92407,1,1,3,4,1,8,12.0,0.5713,460.0,550.0,450.0,540.0,16.0,21.0,18088.0,0.0967,8519.0,,18202.0,6885.0,18765.0,0.6376,0.5416,0.8523,0.6727,0.3516,12815.0,15375.0,8519.0,910.0,1090.0,SAT
110529,1144,California State Polytechnic University-Pomona,Pomona,CA,91768,1,1,3,4,1,8,21.0,0.5507,500.0,610.0,510.0,620.0,20.0,27.0,24205.0,0.1061,13068.0,,21137.0,7339.0,19219.0,0.4629,0.6593,0.8605,0.568,0.3482,15000.0,17792.0,13068.0,1010.0,1230.0,SAT
110538,1146,California State University-Chico,Chico,CA,95929,1,1,3,4,1,8,13.0,0.6778,500.0,590.0,490.0,580.0,19.0,25.0,16546.0,0.071,14703.0,,22917.0,7348.0,19228.0,0.4493,0.6553,0.8363,0.5833,0.4712,14297.0,16850.0,14703.0,990.0,1170.0,SAT
110556,1147,California State University-Fresno,Fresno,CA,93740,1,1,3,4,1,8,11.0,0.5941,460.0,560.0,450.0,550.0,16.0,22.0,21877.0,0.1127,5872.0,,16205.0,6585.0,18465.0,0.574,0.556,0.8142,0.5745,0.2911,12136.0,15000.0,5872.0,910.0,1110.0,SAT
110565,1137,California State University-Fullerton,Fullerton,CA,92831,1,1,3,4,1,8,21.0,0.4572,510.0,590.0,510.0,590.0,19.0,24.0,35045.0,0.1889,8737.0,,17529.0,6850.0,18730.0,0.4689,0.6624,0.8683,0.6447,0.3012,12500.0,15000.0,8737.0,1020.0,1180.0,SAT
110583,1139,California State University-Long Beach,Long Beach,CA,90840,1,1,3,4,1,8,11.0,0.2799,510.0,610.0,510.0,620.0,20.0,26.0,31402.0,0.1284,9423.0,,18104.0,6730.0,18610.0,0.508,0.6874,0.8822,0.6636,0.346,13453.0,15000.0,9423.0,1020.0,1230.0,SAT
110592,1140,California State University-Los Angeles,Los Angeles,CA,90032,1,1,3,4,1,8,11.0,0.4645,450.0,540.0,440.0,540.0,15.0,20.0,24780.0,0.1537,3792.0,,13612.0,6639.0,18519.0,0.6699,0.4713,0.7913,0.4452,0.3265,11795.0,13381.0,3792.0,890.0,1080.0,SAT
110608,1153,California State University-Northridge,Northridge,CA,91330,1,1,3,4,1,8,11.0,0.5765,460.0,570.0,450.0,550.0,17.0,22.0,35620.0,0.1664,5703.0,,15960.0,6875.0,18755.0,0.5428,0.5127,0.8037,0.5526,0.3003,11750.0,14488.0,5703.0,910.0,1120.0,SAT
110617,1150,California State University-Sacramento,Sacramento,CA,95819,1,1,3,4,1,8,11.0,0.6776,470.0,570.0,470.0,570.0,17.0,23.0,28410.0,0.1742,9733.0,,18989.0,7204.0,19084.0,0.5242,0.4807,0.8291,0.6625,0.3586,13000.0,15572.0,9733.0,940.0,1140.0,SAT
110635,1312,University of California-Berkeley,Berkeley,CA,94720,1,1,3,4,1,8,12.0,0.1711,630.0,720.0,630.0,760.0,30.0,34.0,30574.0,0.04,15464.0,,35777.0,14170.0,42184.0,0.2775,0.9107,0.9726,0.8889,0.2373,12612.0,13750.0,15464.0,1260.0,1480.0,SAT
110644,1313,University of California-Davis,Davis,CA,95616,1,1,3,4,1,8,23.0,0.4336,560.0,660.0,570.0,700.0,25.0,32.0,30046.0,0.026,15737.0,,34435.0,14419.0,42433.0,0.385,0.8519,0.9278,0.7952,0.36,11468.0,13000.0,15737.0,1130.0,1360.0,SAT
110653,1314,University of California-Irvine,Irvine,CA,92697,1,1,3,4,1,8,11.0,0.3651,580.0,650.0,590.0,700.0,25.0,32.0,29295.0,0.0154,13376.0,,31976.0,13738.0,41752.0,0.4234,0.8488,0.9401,0.6364,0.364,14500.0,15893.0,13376.0,1170.0,1350.0,SAT
110662,1315,University of California-Los Angeles,Los Angeles,CA,90095,1,1,3,4,1,8,11.0,0.161,620.0,710.0,600.0,740.0,29.0,34.0,30994.0,0.0176,14309.0,,33751.0,13261.0,41275.0,0.3378,0.9087,0.966,0.8,0.3332,14385.0,15000.0,14309.0,1220.0,1450.0,SAT
110671,1316,University of California-Riverside,Riverside,CA,92521,1,1,3,4,1,8,11.0,0.5723,550.0,640.0,540.0,660.0,23.0,29.0,20044.0,0.0169,12344.0,,32308.0,13917.0,41931.0,0.558,0.7505,0.8887,0.6154,0.5034,15659.0,19000.0,12344.0,1090.0,1300.0,SAT
110680,1317,University of California-San Diego,La Jolla,CA,92093,1,1,3,4,1,8,11.0,0.3399,600.0,680.0,610.0,730.0,27.0,33.0,28577.0,0.0244,14630.0,,31794.0,14018.0,42032.0,0.3427,0.8452,0.9433,0.6471,0.3615,15000.0,16808.0,14630.0,1210.0,1410.0,SAT
110705,1320,University of California-Santa Barbara,Santa Barbara,CA,93106,1,1,3,4,1,8,22.0,0.3281,600.0,680.0,590.0,720.0,28.0,33.0,22181.0,0.0183,15764.0,,34990.0,14451.0,42465.0,0.3649,0.8149,0.9253,0.7143,0.3632,13010.0,15306.0,15764.0,1190.0,1400.0,SAT
110714,1321,University of California-Santa Cruz,Santa Cruz,CA,95064,1,1,3,4,1,8,13.0,0.5094,580.0,660.0,580.0,680.0,26.0,31.0,17577.0,0.0282,17877.0,,35315.0,14020.0,42034.0,0.3935,0.7721,0.9056,0.1176,0.4641,16200.0,19000.0,17877.0,1160.0,1340.0,SAT
111948,1164,Chapman University,Orange,CA,92866,1,1,3,4,2,8,12.0,0.5724,600.0,680.0,590.0,680.0,25.0,30.0,6740.0,0.0364,,39228.0,66430.0,50594.0,50594.0,0.1622,0.7905,0.9051,0.6,0.5454,19000.0,21250.0,39228.0,1190.0,1360.0,SAT
112075,20705,Concordia University-Irvine,Irvine,CA,92612,1,1,3,4,2,8,11.0,0.5845,510.0,610.0,500.0,590.0,20.0,26.0,1821.0,0.0988,,23867.0,46935.0,34100.0,34100.0,0.2738,0.6463,0.7463,0.0,0.6104,19096.0,22224.0,23867.0,1010.0,1200.0,SAT
112084,12031,San Diego Christian College,Santee,CA,92071,1,1,3,4,2,8,21.0,0.6235,430.0,500.0,420.0,480.0,16.0,22.0,657.0,0.2329,,27039.0,43515.0,30438.0,30438.0,0.5324,0.5679,0.7719,,0.8475,15250.0,23000.0,27039.0,850.0,980.0,SAT
112260,1170,Claremont McKenna College,Claremont,CA,91711,1,1,3,4,2,8,21.0,0.1036,660.0,740.0,680.0,770.0,30.0,34.0,1334.0,0.0,,26933.0,69385.0,52825.0,52825.0,0.1225,0.898,0.9657,,0.2056,13035.0,14250.0,26933.0,1340.0,1510.0,SAT
113698,1196,Dominican University of California,San Rafael,CA,94901,1,1,3,4,2,8,13.0,0.8843,530.0,620.0,510.0,595.0,20.0,25.0,1284.0,0.116,,33669.0,61248.0,44690.0,44690.0,0.3004,0.7204,0.8619,1.0,0.683,27000.0,27000.0,33669.0,1040.0,1215.0,SAT
114813,1253,Fresno Pacific University,Fresno,CA,93702,1,1,3,4,2,8,11.0,0.7239,493.0,580.0,485.0,560.0,18.0,22.0,2791.0,0.1609,,16177.0,38420.0,30458.0,30458.0,0.5771,0.6538,0.7889,1.0,0.719,18774.0,22300.0,16177.0,978.0,1140.0,SAT
115409,1171,Harvey Mudd College,Claremont,CA,91711,1,1,3,3,2,8,21.0,0.1542,720.0,770.0,750.0,800.0,33.0,35.0,844.0,0.0,,34464.0,71917.0,54636.0,54636.0,0.1277,0.9588,0.9765,,0.4096,20027.0,22960.0,34464.0,1470.0,1570.0,SAT
115728,1183,Holy Names University,Oakland,CA,94619,1,1,3,4,2,8,11.0,0.5256,280.0,330.0,450.0,540.0,17.0,22.0,589.0,0.0781,,21566.0,53125.0,38188.0,38188.0,0.4772,0.4274,0.8211,0.0,0.6806,18750.0,26000.0,21566.0,730.0,870.0,SAT
115755,1149,Humboldt State University,Arcata,CA,95521,1,1,3,4,1,8,33.0,0.8183,490.0,590.0,470.0,570.0,18.0,24.0,7846.0,0.0755,14490.0,,23661.0,7493.0,19373.0,0.5573,0.4659,0.6792,0.3846,0.5313,14000.0,19000.0,14490.0,960.0,1160.0,SAT
117104,22706,Life Pacific College,San Dimas,CA,91773,1,2,3,4,2,8,21.0,0.9669,465.0,593.0,428.0,540.0,16.0,21.0,489.0,0.1186,,21556.0,26502.0,14884.0,14884.0,0.4894,0.4815,0.614,0.0,0.6608,14000.0,21500.0,21556.0,893.0,1133.0,SAT
117140,1216,University of La Verne,La Verne,CA,91750,1,1,3,4,2,8,21.0,0.4754,510.0,600.0,510.0,593.0,19.0,25.0,5120.0,0.2697,,25429.0,52724.0,41450.0,41450.0,0.4387,0.6627,0.7932,,0.6333,21693.0,25000.0,25429.0,1020.0,1193.0,SAT
117627,1215,La Sierra University,Riverside,CA,92505,1,1,3,4,2,8,11.0,0.4821,440.0,601.0,430.0,520.0,16.0,22.0,1929.0,0.071,,24370.0,43320.0,32130.0,32130.0,0.4834,0.4742,0.7462,,0.6811,18745.0,27500.0,24370.0,870.0,1121.0,SAT
117751,1220,The Master's University and Seminary,Santa Clarita,CA,91321,1,1,3,4,2,8,21.0,0.658,520.0,640.0,510.0,600.0,20.0,23.0,1171.0,0.1708,,26294.0,45045.0,33020.0,33020.0,0.3023,0.5546,0.8547,,0.5174,17083.0,20926.0,26294.0,1030.0,1240.0,SAT
117946,11649,Loyola Marymount University,Los Angeles,CA,90045,1,1,3,4,2,8,11.0,0.5248,600.0,680.0,580.0,680.0,26.0,31.0,6257.0,0.0221,,40676.0,62119.0,46386.0,46386.0,0.1746,0.7911,0.9118,0.6667,0.3963,19000.0,20500.0,40676.0,1180.0,1360.0,SAT
118693,1236,Menlo College,Atherton,CA,94027,1,1,3,3,2,8,21.0,0.4299,498.0,585.0,510.0,580.0,18.0,25.0,726.0,0.022,,28639.0,57159.0,41350.0,41350.0,0.1067,0.5282,0.76,,0.2519,15750.0,21500.0,28639.0,1008.0,1165.0,SAT
119173,1243,Mount Saint Mary's University,Los Angeles,CA,90049,1,2,3,4,2,8,11.0,0.8121,470.0,570.0,450.0,550.0,16.0,21.0,2575.0,0.2089,,28274.0,52180.0,39608.0,39608.0,0.5719,0.658,0.7608,0.0,0.8506,20417.0,25000.0,28274.0,920.0,1120.0,SAT
120184,1179,Notre Dame de Namur University,Belmont,CA,94002,1,1,3,4,2,8,21.0,0.9362,460.0,560.0,450.0,550.0,15.0,22.0,924.0,0.2229,,27906.0,51716.0,34196.0,34196.0,0.4226,0.4773,0.6795,1.0,0.7047,18750.0,25000.0,27906.0,910.0,1110.0,SAT
120254,1249,Occidental College,Los Angeles,CA,90041,1,1,3,3,2,8,11.0,0.4179,650.0,720.0,630.0,720.0,27.0,32.0,1958.0,0.0082,,29211.0,69442.0,52838.0,52838.0,0.1991,0.8436,0.9104,,0.449,20500.0,23000.0,29211.0,1280.0,1440.0,SAT
120537,1252,Hope International University,Fullerton,CA,92831,1,2,3,4,2,8,21.0,0.2837,450.0,550.0,460.0,550.0,17.0,26.0,727.0,0.2036,,25607.0,42742.0,31800.0,31800.0,0.4318,0.4821,0.7245,0.3333,0.6972,14858.0,25000.0,25607.0,910.0,1100.0,SAT
120865,1258,Pacific Union College,Angwin,CA,94508,1,1,3,4,2,8,41.0,0.5021,480.0,590.0,470.0,560.0,18.0,24.0,1181.0,0.0889,,20995.0,41331.0,29469.0,29469.0,0.4298,0.5192,0.6845,0.0,0.726,21500.0,28500.0,20995.0,950.0,1150.0,SAT
120883,1329,University of the Pacific,Stockton,CA,95211,1,1,3,4,2,8,11.0,0.6487,540.0,650.0,530.0,680.0,22.0,30.0,3542.0,0.0268,,29171.0,58718.0,46346.0,46346.0,0.3569,0.7045,0.8513,0.5,0.5248,18750.0,20500.0,29171.0,1070.0,1330.0,SAT
121150,10149,Pepperdine University,Malibu,CA,90263,1,1,3,4,2,8,21.0,0.3985,600.0,690.0,600.0,700.0,26.0,31.0,3594.0,0.0821,,33814.0,68352.0,51992.0,51992.0,0.1711,0.8488,0.9044,,0.3874,21500.0,25000.0,33814.0,1200.0,1390.0,SAT
121309,1262,Point Loma Nazarene University,San Diego,CA,92106,1,1,3,4,2,8,11.0,0.7629,560.0,650.0,540.0,640.0,23.0,28.0,3092.0,0.1685,,31452.0,48040.0,34600.0,34600.0,0.2837,0.7444,0.8923,,0.5834,19500.0,22813.0,31452.0,1100.0,1290.0,SAT
121345,1173,Pomona College,Claremont,CA,91711,1,1,3,3,2,8,21.0,0.0836,690.0,760.0,680.0,770.0,30.0,34.0,1567.0,0.0,,15840.0,67357.0,51075.0,51075.0,0.1936,0.9315,0.983,,0.1267,9959.0,10040.0,15840.0,1370.0,1530.0,SAT
121691,1322,University of Redlands,Redlands,CA,92373,1,1,3,4,2,8,13.0,0.7496,540.0,630.0,530.0,620.0,23.0,28.0,3042.0,0.1749,,29520.0,63170.0,48072.0,48072.0,0.278,0.7703,0.8188,1.0,0.5795,25000.0,27000.0,29520.0,1070.0,1250.0,SAT
122409,1151,San Diego State University,San Diego,CA,92182,1,2,3,4,1,8,11.0,0.3542,550.0,640.0,540.0,650.0,23.0,28.0,29781.0,0.1,14030.0,,21051.0,7460.0,19340.0,0.3444,0.7424,0.8863,0.6679,0.3084,13715.0,15340.0,14030.0,1090.0,1290.0,SAT
122436,10395,University of San Diego,San Diego,CA,92110,1,1,3,4,2,8,11.0,0.4979,590.0,670.0,590.0,680.0,26.0,30.0,5677.0,0.0243,,34752.0,62710.0,47708.0,47708.0,0.1535,0.8175,0.9038,,0.3878,20500.0,23782.0,34752.0,1180.0,1350.0,SAT
122597,1154,San Francisco State University,San Francisco,CA,94132,1,1,3,4,1,8,11.0,0.7046,480.0,580.0,470.0,570.0,18.0,24.0,25966.0,0.1513,13787.0,,22313.0,7254.0,19134.0,0.4267,0.5359,0.8105,0.5225,0.3421,13000.0,16814.0,13787.0,950.0,1150.0,SAT
122612,1325,University of San Francisco,San Francisco,CA,94117,1,1,3,4,2,8,11.0,0.6563,560.0,640.0,540.0,650.0,22.0,28.0,6796.0,0.0337,,32210.0,63117.0,46250.0,46250.0,0.2439,0.7723,0.8528,0.3333,0.4709,20000.0,23250.0,32210.0,1100.0,1290.0,SAT
122728,1281,William Jessup University,Rocklin,CA,95765,1,1,3,4,2,8,41.0,0.6605,500.0,605.0,500.0,610.0,21.0,26.0,1188.0,0.1717,,21817.0,42074.0,30550.0,30550.0,0.4146,0.6446,0.7323,0.0,0.6936,15750.0,21187.0,21817.0,1000.0,1215.0,SAT
122755,1155,San Jose State University,San Jose,CA,95192,1,1,3,4,1,8,11.0,0.6688,500.0,600.0,500.0,610.0,19.0,26.0,27591.0,0.1652,14627.0,,23030.0,7721.0,19601.0,0.4104,0.5675,0.8672,0.7133,0.3197,12899.0,15721.0,14627.0,1000.0,1210.0,SAT
122931,1326,Santa Clara University,Santa Clara,CA,95053,1,2,3,4,2,8,12.0,0.5356,630.0,710.0,640.0,730.0,28.0,32.0,5481.0,0.0153,,33738.0,65334.0,49858.0,49858.0,0.1056,0.8977,0.9415,0.0,0.2685,18248.0,20389.0,33738.0,1270.0,1440.0,SAT
123165,1174,Scripps College,Claremont,CA,91711,1,1,3,4,2,8,21.0,0.3337,660.0,730.0,630.0,730.0,29.0,33.0,1059.0,0.0028,,30974.0,68464.0,52966.0,52966.0,0.1068,0.8833,0.9148,,0.3233,12000.0,13900.0,30974.0,1290.0,1460.0,SAT
123457,1291,Simpson University,Redding,CA,96003,1,1,3,4,2,8,13.0,0.5561,498.0,600.0,500.0,583.0,18.0,23.0,708.0,0.1667,,27551.0,38380.0,27700.0,27700.0,0.4481,0.5674,0.6752,1.0,0.9215,16500.0,18817.0,27551.0,998.0,1183.0,SAT
123554,1302,Saint Mary's College of California,Moraga,CA,94575,1,1,3,4,2,8,21.0,0.8162,540.0,630.0,520.0,610.0,22.0,27.0,2762.0,0.0565,,33570.0,62974.0,45686.0,45686.0,0.2518,0.764,0.8612,,0.7569,21500.0,25000.0,33570.0,1060.0,1240.0,SAT
123572,1156,Sonoma State University,Rohnert Park,CA,94928,1,1,3,4,1,8,21.0,0.8203,500.0,590.0,480.0,580.0,19.0,24.0,8633.0,0.0876,17296.0,,24410.0,7724.0,19604.0,0.3271,0.5846,0.7943,0.6563,0.3952,13750.0,17640.0,17296.0,980.0,1170.0,SAT
123651,1293,Vanguard University of Southern California,Costa Mesa,CA,92626,1,1,3,4,2,8,12.0,0.4668,480.0,570.0,450.0,550.0,18.0,24.0,1824.0,0.165,,21374.0,44007.0,32430.0,32430.0,0.45,0.6096,0.7328,0.0,0.8336,18000.0,25000.0,21374.0,930.0,1120.0,SAT
123961,1328,University of Southern California,Los Angeles,CA,90089,1,1,3,4,2,8,11.0,0.1595,650.0,730.0,650.0,770.0,30.0,34.0,18942.0,0.0252,,30232.0,69547.0,54259.0,54259.0,0.2096,0.9171,0.9644,0.5,0.3105,18500.0,19500.0,30232.0,1300.0,1500.0,SAT
124292,23580,Thomas Aquinas College,Santa Paula,CA,93060,1,1,3,3,2,8,42.0,0.7188,630.0,710.0,570.0,670.0,25.0,30.0,369.0,0.0,,24857.0,35714.0,24500.0,24500.0,0.2802,0.7935,0.9195,,0.7147,18000.0,18000.0,24857.0,1200.0,1380.0,SAT
125727,1341,Westmont College,Santa Barbara,CA,93108,1,1,3,3,2,8,22.0,0.8471,580.0,700.0,550.0,680.0,23.0,30.0,1285.0,0.0047,,31039.0,59410.0,44044.0,44044.0,0.1872,0.6979,0.8251,,0.5834,18783.0,23000.0,31039.0,1130.0,1380.0,SAT
125763,1342,Whittier College,Whittier,CA,90601,1,1,3,4,2,8,21.0,0.7409,510.0,620.0,500.0,600.0,21.0,27.0,1665.0,0.0162,,25322.0,55202.0,46310.0,46310.0,0.3569,0.6918,0.7783,0.5,0.6871,18250.0,25000.0,25322.0,1010.0,1220.0,SAT
125897,1343,Woodbury University,Burbank,CA,91504,1,1,3,4,2,8,11.0,0.6164,500.0,600.0,455.0,588.0,19.0,24.0,1023.0,0.0978,,28973.0,50107.0,38460.0,38460.0,0.4221,0.521,0.7333,0.0,0.5933,25000.0,29250.0,28973.0,955.0,1188.0,SAT
126182,1345,Adams State University,Alamosa,CO,81101,1,1,3,4,1,7,33.0,0.9888,430.0,540.0,450.0,540.0,17.0,22.0,1876.0,0.1978,13742.0,,21480.0,9440.0,20456.0,0.5165,0.2852,0.6165,0.0,0.5539,12000.0,21500.0,13742.0,880.0,1080.0,SAT
126562,4508,University of Colorado Denver/Anschutz Medical Campus,Denver,CO,80217,1,1,3,4,1,7,11.0,0.6522,540.0,640.0,520.0,640.0,21.0,27.0,11531.0,0.2513,14941.0,,21105.0,9107.0,25259.0,0.2608,0.4485,0.6693,0.4419,0.325,14091.0,21022.0,14941.0,1060.0,1280.0,SAT
126580,4509,University of Colorado Colorado Springs,Colorado Springs,CO,80918,1,1,3,4,1,7,11.0,0.9281,530.0,630.0,510.0,620.0,21.0,26.0,10344.0,0.2137,15872.0,,21148.0,8314.0,19498.0,0.3096,0.4329,0.6633,0.4215,0.4534,12500.0,21500.0,15872.0,1040.0,1250.0,SAT
126614,1370,University of Colorado Boulder,Boulder,CO,80309,1,1,3,4,1,7,12.0,0.7984,580.0,660.0,570.0,680.0,25.0,30.0,28565.0,0.0588,20706.0,,29215.0,12086.0,36220.0,0.159,0.6881,0.8657,0.6279,0.285,13889.0,19500.0,20706.0,1150.0,1340.0,SAT
126775,1348,Colorado School of Mines,Golden,CO,80401,1,1,3,4,1,7,21.0,0.5572,640.0,710.0,670.0,740.0,28.0,32.0,4751.0,0.0415,25710.0,,32347.0,18386.0,37436.0,0.146,0.7804,0.9281,0.0,0.4002,21500.0,25000.0,25710.0,1310.0,1450.0,SAT
126818,1350,Colorado State University-Fort Collins,Fort Collins,CO,80523,1,1,3,4,1,7,12.0,0.8262,560.0,650.0,540.0,650.0,22.0,28.0,23804.0,0.1009,18700.0,,25932.0,11395.0,28903.0,0.2272,0.686,0.8178,0.6264,0.4319,15000.0,20500.0,18700.0,1100.0,1300.0,SAT
127060,1371,University of Denver,Denver,CO,80208,1,1,3,4,2,7,11.0,0.5805,590.0,680.0,570.0,670.0,25.0,30.0,5753.0,0.0464,,32174.0,61824.0,48669.0,48669.0,0.1538,0.7512,0.8713,0.4545,0.354,18045.0,21333.0,32174.0,1160.0,1350.0,SAT
127185,1353,Fort Lewis College,Durango,CO,81301,1,1,3,4,1,7,32.0,0.8321,520.0,600.0,500.0,610.0,20.0,25.0,3150.0,0.0829,17705.0,,25064.0,8609.0,18761.0,0.3451,0.4018,0.575,0.4,0.4379,10000.0,18828.0,17705.0,1020.0,1210.0,SAT
127556,1358,Colorado Mesa University,Grand Junction,CO,81501,1,1,3,4,1,7,13.0,0.8167,480.0,600.0,478.0,590.0,18.0,24.0,8494.0,0.1616,18200.0,,20577.0,8374.0,20330.0,0.3572,0.3263,0.7283,0.3333,0.5038,11768.0,23000.0,18200.0,958.0,1190.0,SAT
127565,1360,Metropolitan State University of Denver,Denver,CO,80217,1,1,3,4,1,7,11.0,0.6427,460.0,570.0,440.0,560.0,17.0,22.0,18968.0,0.3371,13276.0,,18550.0,7352.0,20149.0,0.3453,0.2829,0.6345,0.4667,0.4385,12813.0,22015.0,13276.0,900.0,1130.0,SAT
127741,1349,University of Northern Colorado,Greeley,CO,80639,1,1,3,4,1,7,12.0,0.8908,510.0,630.0,490.0,610.0,19.0,25.0,9104.0,0.0941,20367.0,,22604.0,9546.0,21132.0,0.2923,0.4775,0.7149,0.0833,0.4845,11932.0,20495.0,20367.0,1000.0,1240.0,SAT
127918,1363,Regis University,Denver,CO,80221,1,1,3,4,2,7,11.0,0.5992,550.0,643.0,520.0,623.0,20.0,26.0,4016.0,0.4079,,23672.0,46816.0,35610.0,35610.0,0.2545,0.7121,0.7984,,0.5069,19241.0,23500.0,23672.0,1070.0,1266.0,SAT
128106,1365,Colorado State University-Pueblo,Pueblo,CO,81001,1,1,3,4,1,7,12.0,0.9534,460.0,560.0,470.0,570.0,18.0,23.0,3744.0,0.1333,15312.0,,22053.0,10090.0,25547.0,0.3637,0.35,0.6311,0.2,0.4906,12500.0,21131.0,15312.0,930.0,1130.0,SAT
128391,1372,Western State Colorado University,Gunnison,CO,81231,1,1,3,4,1,7,33.0,0.8598,490.0,600.0,500.0,600.0,20.0,25.0,1899.0,0.0453,17229.0,,22450.0,9802.0,21274.0,0.2326,0.4097,0.6401,0.0,0.5172,12000.0,22980.0,17229.0,990.0,1200.0,SAT
128498,1374,Albertus Magnus College,New Haven,CT,06511,1,1,3,4,2,1,12.0,0.6388,410.0,540.0,400.0,510.0,,,1122.0,0.0998,,24614.0,45875.0,31140.0,31140.0,0.5295,0.6133,0.6899,0.3333,0.8402,23944.0,27238.0,24614.0,810.0,1050.0,SAT
128744,1416,University of Bridgeport,Bridgeport,CT,06604,1,1,3,4,2,1,12.0,0.5389,440.0,530.0,420.0,520.0,18.0,24.0,3129.0,0.2649,,22642.0,49646.0,32250.0,32250.0,0.4821,0.4158,0.7095,0.6667,0.6586,20500.0,25750.0,22642.0,860.0,1050.0,SAT
128771,1378,Central Connecticut State University,New Britain,CT,06050,1,1,3,4,1,1,21.0,0.6676,500.0,590.0,480.0,570.0,19.0,24.0,9317.0,0.185,17889.0,,22576.0,10225.0,22914.0,0.344,0.5209,0.7645,0.6364,0.5654,16500.0,22455.0,17889.0,980.0,1160.0,SAT
129020,1417,University of Connecticut,Storrs,CT,06269,1,5,3,4,1,1,21.0,0.4784,600.0,680.0,610.0,710.0,26.0,31.0,18930.0,0.0257,20681.0,,29803.0,14880.0,36948.0,0.2085,0.8285,0.9363,0.6429,0.4712,19000.0,21500.0,20681.0,1210.0,1390.0,SAT
129525,1422,University of Hartford,West Hartford,CT,06117,1,1,3,4,2,1,12.0,0.8089,520.0,620.0,510.0,610.0,21.0,27.0,4835.0,0.078,,30440.0,52365.0,38910.0,38910.0,0.2689,0.596,0.735,0.25,0.6282,19495.0,27000.0,30440.0,1030.0,1230.0,SAT
129941,1397,University of New Haven,West Haven,CT,06516,1,1,3,4,2,1,21.0,0.8776,510.0,610.0,500.0,600.0,21.0,27.0,5147.0,0.0616,,33380.0,53489.0,38170.0,38170.0,0.2536,0.6033,0.7887,0.4,0.6773,22092.0,27000.0,33380.0,1010.0,1210.0,SAT
130226,1402,Quinnipiac University,Hamden,CT,06518,1,1,3,4,2,1,21.0,0.7388,550.0,630.0,530.0,630.0,23.0,27.0,7249.0,0.04,,38695.0,61126.0,46780.0,46780.0,0.1526,0.7478,0.8634,0.1667,0.6021,20875.0,26899.0,38695.0,1080.0,1260.0,SAT
130314,1409,University of Saint Joseph,West Hartford,CT,06117,1,1,3,4,2,1,13.0,0.9029,500.0,590.0,470.0,570.0,19.0,22.0,759.0,0.141,,25589.0,46885.0,38033.0,38033.0,0.3803,0.6815,0.768,1.0,0.7304,24026.0,27000.0,25589.0,970.0,1160.0,SAT
130493,1406,Southern Connecticut State University,New Haven,CT,06515,1,1,3,4,1,1,12.0,0.6492,480.0,570.0,450.0,550.0,18.0,24.0,7703.0,0.1154,17327.0,,21601.0,10538.0,23226.0,0.3813,0.4811,0.7792,0.2308,0.6063,16000.0,23250.0,17327.0,930.0,1120.0,SAT
130590,1414,Trinity College,Hartford,CT,06106,1,1,3,4,2,1,12.0,0.3387,620.0,710.0,640.0,710.0,28.0,32.0,2174.0,0.0386,,31808.0,68940.0,54770.0,54770.0,0.1297,0.8102,0.8846,,0.4121,19432.0,21500.0,31808.0,1260.0,1420.0,SAT
130794,1426,Yale University,New Haven,CT,06520,1,1,3,4,2,1,12.0,0.0693,730.0,780.0,730.0,800.0,32.0,35.0,5742.0,0.0002,,18627.0,68950.0,51400.0,51400.0,0.1446,0.974,0.9949,,0.0994,12000.0,13000.0,18627.0,1460.0,1580.0,SAT
130934,1428,Delaware State University,Dover,DE,19901,1,1,3,4,1,2,13.0,0.4518,420.0,500.0,400.0,490.0,17.0,21.0,3678.0,0.0609,13014.0,,21318.0,7868.0,16904.0,0.4931,0.3672,0.7067,0.0952,0.6734,19000.0,27000.0,13014.0,820.0,990.0,SAT
130943,1431,University of Delaware,Newark,DE,19716,1,1,3,4,1,2,21.0,0.6289,570.0,660.0,560.0,670.0,25.0,29.0,18948.0,0.041,16892.0,,25210.0,13160.0,33150.0,0.1389,0.8235,0.9128,1.0,0.5033,21166.0,24388.0,16892.0,1130.0,1330.0,SAT
131098,1433,Wesley College,Dover,DE,19901,1,1,3,4,2,2,13.0,0.6151,330.0,530.0,420.0,520.0,15.0,20.0,1342.0,0.0291,,23762.0,40484.0,26406.0,26406.0,0.5617,0.1724,0.5666,,0.8544,16000.0,31000.0,23762.0,750.0,1050.0,SAT
131159,1434,American University,Washington,DC,20016,1,1,3,4,2,2,11.0,0.294,610.0,690.0,570.0,660.0,26.0,30.0,7433.0,0.0355,,36567.0,62162.0,46615.0,46615.0,0.1526,0.7922,0.898,0.0,0.4551,20500.0,23288.0,36567.0,1180.0,1350.0,SAT
131450,1443,Gallaudet University,Washington,DC,20002,1,1,3,4,2,2,11.0,0.5901,380.0,565.0,425.0,545.0,15.0,19.0,1111.0,0.0333,,14205.0,36218.0,16558.0,16558.0,0.5593,0.525,0.6286,,0.3988,11105.0,16949.0,14205.0,805.0,1110.0,SAT
131469,1444,George Washington University,Washington,DC,20052,1,1,3,4,2,2,11.0,0.4098,640.0,720.0,640.0,720.0,29.0,32.0,11718.0,0.0781,,31956.0,66996.0,53518.0,53518.0,0.1375,0.8063,0.9136,0.75,0.3693,19500.0,22000.0,31956.0,1280.0,1440.0,SAT
131496,1445,Georgetown University,Washington,DC,20057,1,1,3,4,2,2,11.0,0.1568,680.0,760.0,670.0,760.0,30.0,34.0,7128.0,0.025,,30107.0,69313.0,52300.0,52300.0,0.1195,0.9461,0.9625,,0.2628,14500.0,15397.0,30107.0,1350.0,1520.0,SAT
131520,1448,Howard University,Washington,DC,20059,1,1,3,4,2,2,11.0,0.4142,550.0,650.0,540.0,640.0,22.0,28.0,6276.0,0.0343,,23424.0,41488.0,25697.0,25697.0,0.4628,0.6336,0.94,1.0,0.5123,22500.0,26000.0,23424.0,1090.0,1290.0,SAT
132408,21596,The Baptist College of Florida,Graceville,FL,32440,1,1,3,4,2,5,32.0,0.6195,430.0,440.0,400.0,430.0,17.0,22.0,397.0,0.2922,,10904.0,18079.0,11100.0,11100.0,0.6136,0.4667,0.7188,0.0,0.5841,14000.0,21285.0,10904.0,830.0,870.0,SAT
132471,1466,Barry University,Miami,FL,33161,1,2,3,4,2,5,21.0,0.8507,470.0,560.0,410.0,500.0,17.0,20.0,3459.0,0.1434,,20254.0,43787.0,29850.0,29850.0,0.4626,0.3489,0.6138,1.0,0.5945,19500.0,28386.0,20254.0,880.0,1060.0,SAT
132879,3495,Johnson University Florida,Kissimmee,FL,34744,0,2,3,3,2,5,21.0,0.9278,440.0,570.0,410.0,520.0,17.0,21.0,180.0,0.0778,,14779.0,22660.0,14920.0,14920.0,0.6054,0.284,0.6857,,0.6703,16370.0,22937.0,14779.0,850.0,1090.0,SAT
132903,3954,University of Central Florida,Orlando,FL,32816,1,1,3,4,1,5,21.0,0.499,580.0,660.0,570.0,660.0,24.0,29.0,56366.0,0.2959,15286.0,,20950.0,6368.0,22467.0,0.3809,0.7001,0.8956,0.7982,0.4215,14875.0,18750.0,15286.0,1150.0,1320.0,SAT
133492,1487,Eckerd College,Saint Petersburg,FL,33711,1,1,3,3,2,5,11.0,0.7273,540.0,650.0,520.0,610.0,23.0,29.0,2018.0,0.0585,,32718.0,57085.0,43044.0,43044.0,0.219,0.6952,0.8168,0.2,0.6818,20036.0,26407.0,32718.0,1060.0,1260.0,SAT
133526,1478,Edward Waters College,Jacksonville,FL,32209,1,1,3,3,2,5,11.0,0.6045,400.0,480.0,390.0,490.0,15.0,18.0,946.0,0.0983,,13634.0,24965.0,13525.0,13525.0,0.2423,0.3191,0.5971,,0.2417,12000.0,31000.0,13634.0,790.0,970.0,SAT
133553,1479,Embry-Riddle Aeronautical University-Daytona Beach,Daytona Beach,FL,32114,1,2,3,4,2,5,13.0,0.7491,540.0,650.0,540.0,660.0,22.0,28.0,5689.0,0.0561,,33120.0,50570.0,34822.0,34822.0,0.2673,0.591,0.7992,0.4444,0.4751,13750.0,25000.0,33120.0,1080.0,1310.0,SAT
133650,1480,Florida Agricultural and Mechanical University,Tallahassee,FL,32307,1,1,3,4,1,5,12.0,0.4563,500.0,580.0,500.0,560.0,18.0,22.0,7552.0,0.0927,14279.0,,22235.0,5785.0,17725.0,0.5908,0.4761,0.826,0.5714,0.6396,19500.0,25728.0,14279.0,1000.0,1140.0,SAT
133669,1481,Florida Atlantic University,Boca Raton,FL,33431,1,1,3,4,1,5,13.0,0.6001,540.0,620.0,520.0,600.0,21.0,26.0,23748.0,0.3302,10466.0,,18593.0,4831.0,17276.0,0.3832,0.512,0.7925,0.6434,0.3703,12500.0,17750.0,10466.0,1060.0,1220.0,SAT
133711,7893,Flagler College-St Augustine,Saint Augustine,FL,32084,1,2,3,3,2,5,23.0,0.5659,510.0,610.0,440.0,530.0,21.0,26.0,2674.0,0.0314,,22616.0,31600.0,18200.0,18200.0,0.2754,0.5507,0.7233,,0.5815,15750.0,23001.0,22616.0,950.0,1140.0,SAT
133872,31155,AdventHealth University,Orlando,FL,32803,1,1,3,4,2,5,11.0,0.9685,470.0,540.0,450.0,508.0,19.0,23.0,1316.0,0.6125,,18899.0,25873.0,14400.0,14400.0,0.3683,0.1923,0.7945,0.5556,0.5347,16646.0,22691.0,18899.0,920.0,1048.0,SAT
133881,1469,Florida Institute of Technology,Melbourne,FL,32901,1,1,3,4,2,5,13.0,0.6346,550.0,640.0,580.0,680.0,24.0,29.0,3395.0,0.0392,,31592.0,57119.0,41240.0,41240.0,0.2042,0.6033,0.7958,0.5,0.3706,12625.0,27000.0,31592.0,1130.0,1320.0,SAT
133951,9635,Florida International University,Miami,FL,33199,1,1,3,4,1,5,21.0,0.5407,550.0,630.0,530.0,610.0,22.0,27.0,41834.0,0.3735,12503.0,,19055.0,6556.0,18954.0,0.4884,0.5662,0.8841,0.768,0.3881,14750.0,18000.0,12503.0,1080.0,1240.0,SAT
134079,1488,Florida Southern College,Lakeland,FL,33801,1,1,3,4,2,5,12.0,0.5146,540.0,640.0,530.0,610.0,24.0,29.0,2561.0,0.0804,,24679.0,46054.0,34774.0,34774.0,0.2602,0.6322,0.7978,0.4,0.6286,18750.0,25000.0,24679.0,1070.0,1250.0,SAT
134097,1489,Florida State University,Tallahassee,FL,32306,1,1,3,4,1,5,12.0,0.4919,600.0,670.0,590.0,660.0,26.0,30.0,32614.0,0.1051,14582.0,,22426.0,5656.0,18786.0,0.3047,0.8017,0.9355,0.7941,0.4135,17500.0,19973.0,14582.0,1190.0,1330.0,SAT
134130,1535,University of Florida,Gainesville,FL,32611,1,1,3,4,1,5,12.0,0.4201,620.0,710.0,620.0,690.0,28.0,32.0,33655.0,0.0822,12343.0,,21162.0,6381.0,28659.0,0.2607,0.8803,0.9606,0.8125,0.2733,14954.0,16247.0,12343.0,1240.0,1400.0,SAT
134945,1495,Jacksonville University,Jacksonville,FL,32211,1,1,3,4,2,5,11.0,0.867,458.0,563.0,470.0,590.0,21.0,27.0,2829.0,0.2315,,26767.0,50466.0,35260.0,35260.0,0.2799,0.4308,0.7132,0.7143,0.483,15230.0,22916.0,26767.0,928.0,1153.0,SAT
135726,1536,University of Miami,Coral Gables,FL,33146,1,1,3,4,2,5,21.0,0.357,620.0,700.0,610.0,720.0,28.0,32.0,10613.0,0.0451,,29184.0,62810.0,48484.0,48484.0,0.1407,0.8372,0.9089,0.875,0.2616,15577.0,17511.0,29184.0,1230.0,1420.0,SAT
136172,9841,University of North Florida,Jacksonville,FL,32224,1,1,3,4,1,5,11.0,0.5871,560.0,650.0,530.0,630.0,21.0,26.0,13962.0,0.2732,13795.0,,20854.0,6394.0,20798.0,0.29,0.5728,0.8088,0.55,0.367,12324.0,16467.0,13795.0,1090.0,1280.0,SAT
136215,1509,Nova Southeastern University,Fort Lauderdale,FL,33314,1,1,3,4,2,5,21.0,0.5817,550.0,640.0,530.0,640.0,23.0,28.0,4417.0,0.2866,,26606.0,45722.0,29880.0,29930.0,0.4068,0.5237,0.7852,0.25,0.5432,18000.0,22907.0,26606.0,1080.0,1280.0,SAT
136330,8849,Palm Beach Atlantic University,West Palm Beach,FL,33401,1,1,3,4,2,5,12.0,0.9739,500.0,610.0,480.0,590.0,20.0,26.0,2475.0,0.0521,,23891.0,43005.0,29950.0,29950.0,0.2761,0.5305,0.7615,0.25,0.4668,15000.0,22250.0,23891.0,980.0,1200.0,SAT
137032,1526,Saint Leo University,Saint Leo,FL,33574,1,1,3,4,2,5,23.0,0.5849,430.0,520.0,480.0,600.0,20.0,25.0,9404.0,0.2903,,18456.0,36298.0,22220.0,22220.0,0.418,0.4798,0.7176,,0.4274,15750.0,26000.0,18456.0,910.0,1120.0,SAT
137351,1537,University of South Florida-Main Campus,Tampa,FL,33620,1,3,3,4,1,5,11.0,0.4536,580.0,650.0,570.0,660.0,24.0,29.0,30918.0,0.2127,11700.0,,19868.0,6410.0,17324.0,0.3751,0.7092,0.9021,0.7742,0.4302,15500.0,18750.0,11700.0,1150.0,1310.0,SAT
137476,1468,St. Thomas University,Miami Gardens,FL,33054,1,1,3,4,2,5,21.0,0.4871,420.0,520.0,440.0,560.0,18.0,22.0,958.0,0.0324,,22866.0,41968.0,29730.0,29730.0,0.1515,0.4423,0.6497,,0.177,13005.0,21019.0,22866.0,860.0,1080.0,SAT
137564,1521,Southeastern University,Lakeland,FL,33801,1,1,3,4,2,5,12.0,0.535,490.0,600.0,460.0,570.0,18.0,24.0,4786.0,0.1074,,23066.0,35123.0,25360.0,25360.0,0.3949,0.3996,0.6687,0.3721,0.5739,11250.0,23000.0,23066.0,950.0,1170.0,SAT
137847,1538,The University of Tampa,Tampa,FL,33606,1,1,3,4,2,5,11.0,0.5326,540.0,620.0,530.0,610.0,22.0,27.0,7956.0,0.0287,,29735.0,42210.0,28426.0,28426.0,0.2244,0.5969,0.7777,1.0,0.5318,16696.0,24250.0,29735.0,1070.0,1230.0,SAT
137953,31019,Trinity Baptist College,Jacksonville,FL,32221,1,1,3,4,2,5,11.0,0.3447,440.0,495.0,400.0,500.0,16.0,20.0,335.0,0.0985,,15736.0,20628.0,11640.0,11640.0,0.584,0.3542,0.6351,1.0,0.8177,9500.0,19250.0,15736.0,840.0,995.0,SAT
137962,30282,Trinity College of Florida,Trinity,FL,34655,1,1,3,3,2,5,21.0,0.918,430.0,490.0,390.0,510.0,16.0,19.0,188.0,0.133,,17750.0,24231.0,16340.0,16340.0,0.4901,0.3448,0.6538,,0.7723,12956.0,25802.0,17750.0,820.0,1000.0,SAT
138275,8848,Warner University,Lake Wales,FL,33859,1,1,3,4,2,5,41.0,0.4148,410.0,520.0,420.0,530.0,16.0,20.0,981.0,0.1142,,17413.0,32749.0,21216.0,21216.0,0.6589,0.403,0.573,0.25,0.8944,15864.0,26000.0,17413.0,830.0,1050.0,SAT
138293,1540,Webber International University,Babson Park,FL,33827,1,2,3,4,2,5,31.0,0.4923,460.0,555.0,455.0,540.0,17.0,20.0,625.0,0.0656,,23921.0,39879.0,25358.0,25358.0,0.4698,0.3191,0.5198,,0.645,9500.0,25000.0,23921.0,915.0,1095.0,SAT
138354,3955,The University of West Florida,Pensacola,FL,32514,1,1,3,4,1,5,13.0,0.4958,550.0,630.0,530.0,610.0,22.0,27.0,9602.0,0.2935,10729.0,,16910.0,6360.0,19241.0,0.3682,0.4405,0.7702,0.7647,0.6466,13061.0,18417.0,10729.0,1080.0,1240.0,SAT
138868,1547,Point University,West Point,GA,31833,1,1,3,3,2,5,32.0,0.3506,430.0,530.0,440.0,530.0,16.0,21.0,1126.0,0.1474,,18386.0,30320.0,20600.0,20600.0,0.1611,0.2685,0.5204,0.5,0.1729,9500.0,25000.0,18386.0,870.0,1060.0,SAT
138947,1559,Clark Atlanta University,Atlanta,GA,30314,1,1,3,4,2,5,11.0,0.5793,470.0,540.0,440.0,530.0,17.0,22.0,3302.0,0.0348,,33496.0,37761.0,21892.0,21892.0,0.6857,0.3976,0.7021,0.25,0.8264,15665.0,28500.0,33496.0,910.0,1070.0,SAT
139144,1554,Berry College,Mount Berry,GA,30149,1,1,3,4,2,5,23.0,0.616,570.0,660.0,550.0,640.0,24.0,29.0,1963.0,0.0107,,24165.0,48001.0,35176.0,35176.0,0.2137,0.6409,0.7828,,0.534,19000.0,23250.0,24165.0,1120.0,1300.0,SAT
139199,1556,Brenau University,Gainesville,GA,30501,1,1,3,4,2,5,13.0,0.6613,460.0,570.0,420.0,530.0,17.0,23.0,1722.0,0.3734,,18531.0,41302.0,28510.0,28510.0,0.4985,0.4944,0.6513,0.24,0.6884,17380.0,27000.0,18531.0,880.0,1100.0,SAT
139205,1557,Brewton-Parker College,Mount Vernon,GA,30445,1,1,3,3,2,5,42.0,0.9898,430.0,530.0,440.0,530.0,14.0,18.0,465.0,0.0839,,17782.0,30900.0,17740.0,17740.0,0.3541,0.2397,0.4902,0.8,0.4497,9500.0,28348.0,17782.0,870.0,1060.0,SAT
139366,1561,Columbus State University,Columbus,GA,31907,1,1,3,4,1,5,12.0,0.534,450.0,540.0,420.0,530.0,18.0,24.0,6474.0,0.2885,12250.0,,18559.0,6134.0,16920.0,0.4556,0.3278,0.7569,0.5161,0.5689,16919.0,26187.0,12250.0,870.0,1070.0,SAT
139393,3484,Covenant College,Lookout Mountain,GA,30750,1,1,3,4,2,5,41.0,0.9523,590.0,690.0,540.0,660.0,24.0,30.0,986.0,0.0041,,22202.0,44576.0,33170.0,33170.0,0.2388,0.6947,0.8717,,0.5234,18822.0,22496.0,22202.0,1130.0,1350.0,SAT
139630,1563,Emmanuel College,Franklin Springs,GA,30639,1,1,3,3,2,5,32.0,0.4307,480.0,560.0,470.0,550.0,17.0,22.0,800.0,0.0313,,19725.0,28282.0,19710.0,19710.0,0.3674,0.4468,0.6134,,0.563,11821.0,25100.0,19725.0,950.0,1110.0,SAT
139658,1564,Emory University,Atlanta,GA,30322,1,2,3,4,2,5,11.0,0.2204,670.0,740.0,680.0,780.0,30.0,33.0,6776.0,0.0091,,26760.0,65080.0,49392.0,49392.0,0.1799,0.9091,0.9333,,0.3113,16250.0,18000.0,26760.0,1350.0,1520.0,SAT
139719,1566,Fort Valley State University,Fort Valley,GA,31030,1,1,3,4,1,5,31.0,0.4366,220.0,360.0,210.0,338.0,5.0,17.0,2329.0,0.0932,13192.0,,19655.0,6658.0,19738.0,0.762,0.2593,0.7591,0.3846,0.8437,24250.0,37500.0,13192.0,430.0,698.0,SAT
139755,1569,Georgia Institute of Technology-Main Campus,Atlanta,GA,30332,1,1,3,4,1,5,11.0,0.234,370.0,730.0,720.0,790.0,30.0,34.0,14810.0,0.0646,13291.0,,27245.0,12418.0,33014.0,0.1471,0.8526,0.9707,0.6667,0.28,21500.0,23750.0,13291.0,1090.0,1520.0,SAT
139764,1573,Georgia Southwestern State University,Americus,GA,31709,1,1,3,4,1,5,32.0,0.6747,490.0,570.0,470.0,540.0,19.0,23.0,2348.0,0.2509,12746.0,,19488.0,5341.0,15802.0,0.4292,0.255,0.6519,0.6667,0.5622,12000.0,20500.0,12746.0,960.0,1110.0,SAT
139861,1602,Georgia College & State University,Milledgeville,GA,31061,1,1,3,4,1,5,32.0,0.7899,560.0,640.0,540.0,620.0,23.0,27.0,5857.0,0.0761,19686.0,,27273.0,9346.0,28060.0,0.1923,0.6603,0.8431,0.0,0.4422,16283.0,23250.0,19686.0,1100.0,1260.0,SAT
139931,1572,Georgia Southern University,Statesboro,GA,30460,1,1,3,4,1,5,32.0,0.6829,560.0,630.0,540.0,600.0,22.0,26.0,17062.0,0.0809,16548.0,,22467.0,6356.0,17142.0,0.3565,0.4994,0.7945,0.4,0.5655,15750.0,23250.0,16548.0,1100.0,1230.0,SAT
139940,1574,Georgia State University,Atlanta,GA,30303,1,2,3,4,1,5,11.0,0.6985,530.0,620.0,510.0,600.0,19.0,26.0,25031.0,0.2117,15506.0,,24857.0,9112.0,23971.0,0.493,0.5347,0.8313,0.5253,0.5407,11750.0,21250.0,15506.0,1040.0,1220.0,SAT
139959,1598,University of Georgia,Athens,GA,30602,1,1,3,4,1,5,12.0,0.5401,610.0,690.0,590.0,680.0,26.0,31.0,28740.0,0.0585,14625.0,,26022.0,11818.0,30392.0,0.2153,0.8527,0.9548,0.8438,0.3651,16750.0,18750.0,14625.0,1200.0,1370.0,SAT
140234,1578,LaGrange College,Lagrange,GA,30240,1,1,3,4,2,5,32.0,0.5689,510.0,600.0,500.0,580.0,20.0,24.0,930.0,0.0473,,20432.0,41837.0,29480.0,29480.0,0.4117,0.4097,0.6511,0.5,0.7616,13441.0,26000.0,20432.0,1010.0,1180.0,SAT
140252,20748,Life University,Marietta,GA,30060,1,1,3,4,2,5,13.0,0.689,425.0,530.0,410.0,530.0,17.0,20.0,751.0,0.1691,,27652.0,34988.0,11715.0,11715.0,0.4457,0.1833,0.5893,0.875,0.6253,9854.0,12500.0,27652.0,835.0,1060.0,SAT
140447,1580,Mercer University,Macon,GA,31207,1,1,3,4,2,5,12.0,0.7326,590.0,670.0,580.0,670.0,25.0,30.0,4708.0,0.1257,,20812.0,49848.0,36000.0,36000.0,0.3394,0.6383,0.863,0.6071,0.6419,20000.0,25000.0,20812.0,1170.0,1340.0,SAT
140553,1582,Morehouse College,Atlanta,GA,30314,1,1,3,3,2,5,11.0,0.7441,480.0,590.0,470.0,570.0,18.0,23.0,2199.0,0.0505,,34928.0,47888.0,27278.0,27278.0,0.4824,0.5524,0.8372,0.0,0.6817,16000.0,25500.0,34928.0,950.0,1160.0,SAT
140696,1586,Oglethorpe University,Atlanta,GA,30319,1,1,3,3,2,5,21.0,0.5804,570.0,670.0,540.0,640.0,22.0,28.0,1232.0,0.0593,,22018.0,50428.0,36680.0,36680.0,0.3539,0.4735,0.7704,,0.7162,15035.0,27000.0,22018.0,1110.0,1310.0,SAT
140720,1587,Paine College,Augusta,GA,30901,1,1,3,3,2,5,12.0,0.318,380.0,470.0,360.0,460.0,14.0,18.0,357.0,0.0812,,16651.0,24782.0,14226.0,14226.0,0.3907,0.1585,0.4752,0.0,0.4332,18500.0,34807.0,16651.0,740.0,930.0,SAT
140818,1588,Piedmont College,Demorest,GA,30535,1,1,3,4,2,5,32.0,0.5952,490.0,580.0,460.0,550.0,19.0,24.0,1281.0,0.0945,,17869.0,35493.0,24464.0,24464.0,0.4575,0.496,0.6667,1.0,0.7334,16218.0,24636.0,17869.0,950.0,1130.0,SAT
140872,1589,Reinhardt University,Waleska,GA,30183,1,1,3,4,2,5,41.0,0.8863,470.0,580.0,460.0,550.0,18.0,23.0,1381.0,0.105,,19113.0,35057.0,22422.0,22422.0,0.3867,0.3686,0.5927,0.6667,0.6078,11000.0,22918.0,19113.0,930.0,1130.0,SAT
140951,21415,Savannah College of Art and Design,Savannah,GA,31402,1,1,3,4,2,5,12.0,0.9287,530.0,630.0,500.0,600.0,21.0,27.0,10568.0,0.1484,,40870.0,54659.0,36410.0,36410.0,0.2177,0.6482,0.8326,0.6907,0.439,17166.0,25000.0,40870.0,1030.0,1230.0,SAT
140960,1590,Savannah State University,Savannah,GA,31404,1,1,3,4,1,5,12.0,0.5575,440.0,510.0,420.0,500.0,16.0,19.0,4079.0,0.1066,10633.0,,16498.0,5743.0,16204.0,0.7362,0.2776,0.5802,0.2456,0.7913,15000.0,31000.0,10633.0,860.0,1010.0,SAT
140988,1591,Shorter University,Rome,GA,30165,1,2,3,4,2,5,13.0,0.5337,440.0,550.0,440.0,540.0,17.0,24.0,1264.0,0.1028,,19439.0,33718.0,21730.0,21730.0,0.444,0.3955,0.5268,0.5,0.6392,16168.0,26114.0,19439.0,880.0,1090.0,SAT
141060,1594,Spelman College,Atlanta,GA,30314,1,1,3,3,2,5,11.0,0.4005,550.0,625.0,520.0,590.0,22.0,26.0,2134.0,0.0234,,40440.0,50059.0,28181.0,28181.0,0.4856,0.7429,0.8945,0.0,0.8772,23250.0,26169.0,40440.0,1070.0,1215.0,SAT
141185,1596,Toccoa Falls College,Toccoa Falls,GA,30598,1,1,3,3,2,5,32.0,0.5872,480.0,600.0,440.0,550.0,18.0,23.0,851.0,0.0705,,20507.0,34431.0,22104.0,22104.0,0.3299,0.5549,0.657,0.375,0.4329,11675.0,25000.0,20507.0,920.0,1150.0,SAT
141237,1597,Truett McConnell University,Cleveland,GA,30528,1,1,3,4,2,5,32.0,0.9462,470.0,570.0,450.0,550.0,18.0,23.0,760.0,0.0618,,17424.0,30013.0,19480.0,19480.0,0.1506,0.3837,0.6835,1.0,0.2291,12000.0,25000.0,17424.0,920.0,1120.0,SAT
141264,1599,Valdosta State University,Valdosta,GA,31698,1,1,3,4,1,5,13.0,0.7417,500.0,580.0,480.0,550.0,19.0,23.0,8557.0,0.1665,14656.0,,20988.0,6410.0,17196.0,0.474,0.3693,0.6871,0.425,0.6268,15750.0,25200.0,14656.0,980.0,1130.0,SAT
141325,1600,Wesleyan College,Macon,GA,31210,1,1,3,4,2,5,12.0,0.466,530.0,610.0,490.0,580.0,21.0,24.0,501.0,0.1657,,14974.0,31898.0,22370.0,22370.0,0.4111,0.5588,0.6699,0.0,0.5095,18187.0,24888.0,14974.0,1020.0,1190.0,SAT
141334,1601,University of West Georgia,Carrollton,GA,30118,1,1,3,4,1,5,31.0,0.5862,490.0,580.0,430.0,510.0,18.0,22.0,10468.0,0.1594,15056.0,,21257.0,6226.0,17010.0,0.4728,0.4049,0.7238,0.3898,0.6172,13802.0,25000.0,15056.0,920.0,1090.0,SAT
141361,1604,Young Harris College,Young Harris,GA,30582,1,1,3,3,2,5,43.0,0.5251,490.0,600.0,488.0,570.0,20.0,25.0,1021.0,0.0118,,18072.0,41778.0,29062.0,29062.0,0.3442,0.3292,0.6543,,0.585,14000.0,26000.0,18072.0,978.0,1170.0,SAT
141486,1605,Chaminade University of Honolulu,Honolulu,HI,96816,1,1,3,4,2,8,11.0,0.9223,490.0,600.0,470.0,580.0,19.0,23.0,1785.0,0.1518,,20666.0,35127.0,24514.0,24514.0,0.3958,0.5428,0.7734,0.5455,0.4577,15000.0,23250.0,20666.0,960.0,1180.0,SAT
141565,1611,University of Hawaii at Hilo,Hilo,HI,96720,1,1,3,4,1,8,33.0,0.7788,490.0,590.0,480.0,580.0,17.0,23.0,2855.0,0.1821,13709.0,,21095.0,7648.0,20608.0,0.481,0.4101,0.6816,0.4,0.4263,13783.0,20000.0,13709.0,970.0,1170.0,SAT
141574,1610,University of Hawaii at Manoa,Honolulu,HI,96822,1,1,3,4,1,8,11.0,0.8315,530.0,620.0,520.0,620.0,21.0,26.0,12583.0,0.1616,15307.0,,23015.0,11754.0,33786.0,0.2975,0.5995,0.7884,0.5652,0.3586,14000.0,19450.0,15307.0,1050.0,1240.0,SAT
141644,7279,Hawaii Pacific University,Honolulu,HI,96813,1,1,3,4,2,8,11.0,0.7468,510.0,610.0,490.0,590.0,20.0,25.0,3228.0,0.2553,,28836.0,40185.0,24550.0,24550.0,0.2688,0.4447,0.6459,0.5385,0.3631,12750.0,24364.0,28836.0,1000.0,1200.0,SAT
141981,21078,University of Hawaii-West Oahu,Kapolei,HI,96707,1,1,3,3,1,8,21.0,0.7875,440.0,560.0,430.0,550.0,16.0,20.0,2747.0,0.4157,9216.0,,14029.0,7440.0,20400.0,0.3562,0.3889,0.6541,0.3846,0.3059,10500.0,16156.0,9216.0,870.0,1110.0,SAT
142090,22345,Boise Bible College,Boise,ID,83714,1,1,3,3,2,7,21.0,1.0,470.0,630.0,470.0,580.0,20.0,26.0,128.0,0.1406,,21126.0,25041.0,12080.0,12080.0,0.5034,0.4918,0.8095,0.0,0.4564,11000.0,19592.0,21126.0,940.0,1210.0,SAT
142115,1616,Boise State University,Boise,ID,83725,1,1,3,4,1,7,12.0,0.8399,470.0,580.0,470.0,580.0,21.0,26.0,16265.0,0.2349,13796.0,,18284.0,7326.0,22642.0,0.2751,0.4394,0.7975,0.4412,0.3814,15250.0,23084.0,13796.0,940.0,1160.0,SAT
142285,1626,University of Idaho,Moscow,ID,83844,1,1,3,4,1,7,32.0,0.7309,510.0,620.0,500.0,610.0,20.0,26.0,7685.0,0.0704,14457.0,,20444.0,7488.0,23812.0,0.3164,0.5486,0.8167,0.3929,0.4278,17000.0,23000.0,14457.0,1010.0,1230.0,SAT
142328,1621,Lewis-Clark State College,Lewiston,ID,83501,1,1,3,3,1,7,13.0,0.996,470.0,560.0,460.0,540.0,17.0,22.0,2941.0,0.2523,11152.0,,15945.0,6334.0,18410.0,0.3451,0.2778,0.5718,0.3571,0.4337,10967.0,18379.0,11152.0,930.0,1100.0,SAT
142461,1624,Northwest Nazarene University,Nampa,ID,83686,1,1,3,4,2,7,22.0,0.7342,530.0,630.0,500.0,600.0,20.0,27.0,1268.0,0.1144,,19046.0,38203.0,29000.0,29000.0,0.375,0.5586,0.7946,1.0,0.6654,18500.0,24500.0,19046.0,1030.0,1230.0,SAT
142522,1625,Brigham Young University-Idaho,Rexburg,ID,83460,1,1,3,3,2,7,32.0,0.9479,500.0,600.0,490.0,580.0,20.0,25.0,35038.0,0.5082,,7977.0,11833.0,4018.0,4018.0,0.2703,0.595,0.7244,0.5212,0.1506,8215.0,12601.0,7977.0,990.0,1180.0,SAT
143048,1753,School of the Art Institute of Chicago,Chicago,IL,60603,1,1,3,4,2,3,11.0,0.6982,580.0,670.0,530.0,670.0,22.0,30.0,2889.0,0.0533,,41935.0,62010.0,49610.0,49610.0,0.1916,0.656,0.8077,0.0,0.388,19500.0,26000.0,41935.0,1110.0,1340.0,SAT
143118,1634,Aurora University,Aurora,IL,60506,1,1,3,4,2,3,21.0,0.8732,480.0,570.0,470.0,560.0,19.0,23.0,3912.0,0.1153,,17220.0,33781.0,23520.0,23520.0,0.4162,0.5323,0.7347,0.0,0.6876,16760.0,22250.0,17220.0,950.0,1130.0,SAT
143288,1639,Blackburn College,Carlinville,IL,62626,1,1,3,3,2,3,32.0,0.5953,428.0,538.0,390.0,460.0,18.0,23.0,554.0,0.0144,,12179.0,29509.0,21992.0,21992.0,0.6007,0.4752,0.5562,1.0,0.698,14500.0,24061.0,12179.0,818.0,998.0,SAT
143358,1641,Bradley University,Peoria,IL,61625,1,1,3,4,2,3,12.0,0.7137,550.0,640.0,530.0,650.0,22.0,28.0,4643.0,0.0286,,24814.0,45148.0,32930.0,32930.0,0.241,0.7268,0.8582,,0.6457,22117.0,27000.0,24814.0,1080.0,1290.0,SAT
144005,1694,Chicago State University,Chicago,IL,60628,1,1,3,4,1,3,11.0,0.7787,400.0,538.0,440.0,540.0,16.0,20.0,2025.0,0.3595,12592.0,,21270.0,10252.0,17212.0,0.6344,0.1302,0.6053,0.6,0.8665,25000.0,31250.0,12592.0,840.0,1078.0,SAT
144050,1774,University of Chicago,Chicago,IL,60637,1,1,3,4,2,3,11.0,0.0873,730.0,780.0,750.0,800.0,32.0,35.0,6298.0,0.0035,,25455.0,72717.0,56034.0,56034.0,0.1078,0.9284,0.9912,,0.1263,16000.0,17000.0,25455.0,1480.0,1580.0,SAT
144351,1666,Concordia University-Chicago,River Forest,IL,60305,1,1,3,4,2,3,21.0,0.7472,490.0,600.0,500.0,560.0,20.0,24.0,1405.0,0.0754,,17085.0,38850.0,31588.0,31588.0,0.4144,0.4781,0.6705,,0.7065,15750.0,23632.0,17085.0,990.0,1160.0,SAT
144883,21686,East-West University,Chicago,IL,60605,1,2,3,3,2,3,11.0,0.4069,,,,,15.0,19.0,430.0,0.014,,25535.0,30067.0,21450.0,21450.0,0.7121,0.1093,0.4199,,0.7568,7585.0,25772.0,25535.0,843.3333333333334,1003.3333333333334,ACT_coverted
144892,1674,Eastern Illinois University,Charleston,IL,61920,1,1,3,4,1,3,32.0,0.5151,,,,,18.0,23.0,4877.0,0.1156,14841.0,,23148.0,11678.0,13868.0,0.4044,0.5632,0.7468,0.5,0.6127,18500.0,22500.0,14841.0,966.6666666666666,1140.0,ACT_coverted
144962,1676,Elmhurst College,Elmhurst,IL,60126,1,1,3,4,2,3,21.0,0.7053,500.0,590.0,485.0,620.0,20.0,26.0,2782.0,0.0327,,22183.0,44601.0,36370.0,36370.0,0.354,0.6436,0.7547,,0.8256,16227.0,20500.0,22183.0,985.0,1210.0,SAT
144971,1678,Eureka College,Eureka,IL,61530,1,1,3,3,2,3,31.0,0.62,480.0,610.0,480.0,560.0,19.0,24.0,605.0,0.0281,,19550.0,31338.0,25390.0,25390.0,0.3943,0.4403,0.7059,,0.7589,14750.0,25000.0,19550.0,960.0,1170.0,SAT
145372,1684,Greenville University,Greenville,IL,62246,1,1,3,4,2,3,32.0,0.662,450.0,570.0,430.0,550.0,19.0,24.0,944.0,0.0667,,20460.0,38083.0,26356.0,26356.0,0.3881,0.4239,0.7273,0.5,0.7197,15750.0,23250.0,20460.0,880.0,1120.0,SAT
145600,1776,University of Illinois at Chicago,Chicago,IL,60607,1,1,3,4,1,3,11.0,0.7708,530.0,650.0,550.0,680.0,20.0,26.0,19106.0,0.0754,13866.0,,25445.0,13704.0,26560.0,0.5206,0.5657,0.7982,0.4167,0.455,14000.0,17400.0,13866.0,1080.0,1330.0,SAT
145619,1767,Benedictine University,Lisle,IL,60532,1,1,3,4,2,3,21.0,0.6217,448.0,550.0,468.0,550.0,19.0,25.0,2864.0,0.1393,,23827.0,42641.0,33900.0,33900.0,0.3709,0.4981,0.7283,0.4,0.6298,17125.0,22500.0,23827.0,916.0,1100.0,SAT
145637,1775,University of Illinois at Urbana-Champaign,Champaign,IL,61820,1,1,3,4,1,3,13.0,0.6153,630.0,710.0,710.0,790.0,26.0,32.0,32884.0,0.0205,18377.0,,30064.0,15074.0,31194.0,0.2125,0.8503,0.9245,0.5455,0.3625,15500.0,19000.0,18377.0,1340.0,1500.0,SAT
145646,1696,Illinois Wesleyan University,Bloomington,IL,61702,1,1,3,3,2,3,13.0,0.6086,590.0,690.0,605.0,705.0,24.0,29.0,1642.0,0.0012,,26976.0,56487.0,45856.0,45856.0,0.1954,0.7839,0.8871,,0.6053,25638.0,27000.0,26976.0,1195.0,1395.0,SAT
145725,1691,Illinois Institute of Technology,Chicago,IL,60616,1,1,3,4,2,3,11.0,0.5403,580.0,680.0,650.0,730.0,25.0,31.0,2763.0,0.0492,,22098.0,60489.0,45864.0,45864.0,0.3146,0.7223,0.8982,,0.4436,21531.0,26000.0,22098.0,1230.0,1410.0,SAT
145813,1692,Illinois State University,Normal,IL,61790,1,1,3,4,1,3,22.0,0.8913,,,,,21.0,26.0,18264.0,0.0616,21345.0,,28197.0,14061.0,25168.0,0.2755,0.6881,0.8064,0.75,0.5706,15500.0,20000.0,21345.0,1073.3333333333333,1240.0,ACT_coverted
146339,1700,Judson University,Elgin,IL,60123,1,1,3,4,2,3,12.0,0.712,435.0,590.0,435.0,580.0,19.0,25.0,1037.0,0.2845,,20765.0,40043.0,29434.0,29434.0,0.3731,0.5448,0.7175,0.5714,0.6714,19500.0,25000.0,20765.0,870.0,1170.0,SAT
146612,1707,Lewis University,Romeoville,IL,60446,1,1,3,4,2,3,21.0,0.5383,470.0,600.0,470.0,630.0,21.0,26.0,4372.0,0.1571,,19793.0,39361.0,31250.0,31250.0,0.313,0.6703,0.8037,0.0,0.6479,19500.0,24250.0,19793.0,940.0,1230.0,SAT
146667,1708,Lincoln Christian University,Lincoln,IL,62656,1,1,3,4,2,3,32.0,0.6213,445.0,530.0,430.0,520.0,17.0,24.0,440.0,0.2114,,17940.0,25597.0,13020.0,13020.0,0.4461,0.6667,0.8228,0.5,0.625,18500.0,23500.0,17940.0,875.0,1050.0,SAT
146719,1710,Loyola University Chicago,Chicago,IL,60660,1,1,3,4,2,3,11.0,0.7059,570.0,660.0,550.0,650.0,24.0,29.0,11193.0,0.0577,,33036.0,56178.0,43078.0,43078.0,0.254,0.7715,0.8317,1.0,0.5629,20000.0,25000.0,33036.0,1120.0,1310.0,SAT
146825,1717,MacMurray College,Jacksonville,IL,62650,1,1,3,3,2,3,32.0,0.5971,480.0,578.0,500.0,550.0,18.0,22.0,521.0,0.0403,,17243.0,35135.0,26100.0,26100.0,0.5281,0.4286,0.625,,0.4105,18326.0,25125.0,17243.0,980.0,1128.0,SAT
147013,1722,McKendree University,Lebanon,IL,62254,1,1,3,4,2,3,21.0,0.617,483.0,590.0,483.0,568.0,19.0,25.0,2065.0,0.1826,,20479.0,41031.0,29640.0,29640.0,0.4071,0.5123,0.7528,,0.6135,17500.0,23819.0,20479.0,966.0,1158.0,SAT
147129,6228,Methodist College,Peoria,IL,61615,1,1,3,4,2,3,12.0,0.3469,,,,,15.0,24.0,675.0,0.5481,,27357.0,29263.0,20750.0,20750.0,0.4643,0.4167,0.8421,0.0,0.8318,29500.0,36314.0,27357.0,843.3333333333334,1173.3333333333333,ACT_coverted
147244,1724,Millikin University,Decatur,IL,62522,1,1,3,4,2,3,13.0,0.6459,550.0,640.0,530.0,620.0,19.0,26.0,1883.0,0.0425,,20435.0,44306.0,33066.0,33066.0,0.3698,0.6056,0.7635,,0.7172,20000.0,27000.0,20435.0,1080.0,1260.0,SAT
147341,1725,Monmouth College,Monmouth,IL,61462,1,1,3,3,2,3,32.0,0.6705,470.0,560.0,430.0,530.0,20.0,25.0,1010.0,0.002,,17197.0,46442.0,36400.0,36400.0,0.3723,0.5988,0.7228,,0.721,22000.0,27000.0,17197.0,900.0,1090.0,SAT
147660,1734,North Central College,Naperville,IL,60540,1,1,3,4,2,3,12.0,0.544,550.0,703.0,513.0,620.0,22.0,27.0,2688.0,0.0234,,24231.0,48402.0,37749.0,37749.0,0.2463,0.6883,0.7929,,0.6922,19500.0,25000.0,24231.0,1063.0,1323.0,SAT
147679,1735,North Park University,Chicago,IL,60625,1,1,3,4,2,3,11.0,0.5373,490.0,600.0,510.0,590.0,19.0,24.0,2018.0,0.1021,,19676.0,35735.0,28620.0,28620.0,0.3829,0.5863,0.709,,0.6882,19500.0,25000.0,19676.0,1000.0,1190.0,SAT
147703,1737,Northern Illinois University,Dekalb,IL,60115,1,1,3,4,1,3,23.0,0.5332,,,,,19.0,24.0,13430.0,0.1224,19823.0,,28557.0,14350.0,23816.0,0.4279,0.4497,0.7315,0.4444,0.6377,18250.0,23000.0,19823.0,1003.3333333333334,1173.3333333333333,ACT_coverted
147767,1739,Northwestern University,Evanston,IL,60208,1,1,3,4,2,3,13.0,0.0924,700.0,770.0,720.0,790.0,32.0,34.0,8489.0,0.0379,,24047.0,70317.0,52678.0,52678.0,0.1486,0.9376,0.9829,,0.2356,14385.0,15000.0,24047.0,1420.0,1560.0,SAT
147776,1693,Northeastern Illinois University,Chicago,IL,60625,1,1,3,4,1,3,11.0,0.6939,550.0,551.0,360.0,490.0,15.0,19.0,7014.0,0.4137,17312.0,,23967.0,10736.0,19792.0,0.4785,0.2302,0.4641,0.2941,0.3238,10500.0,15000.0,17312.0,910.0,1041.0,SAT
147828,1741,Olivet Nazarene University,Bourbonnais,IL,60914,1,1,3,4,2,3,23.0,0.6617,510.0,620.0,510.0,610.0,20.0,26.0,3356.0,0.073,,20490.0,44935.0,34940.0,34940.0,0.3017,0.6629,0.7813,,0.7228,19000.0,25000.0,20490.0,1020.0,1230.0,SAT
148131,1745,Quincy University,Quincy,IL,62301,1,1,3,4,2,3,33.0,0.6732,410.0,610.0,460.0,540.0,19.0,24.0,898.0,0.0312,,17187.0,39157.0,27770.0,27770.0,0.3247,0.4565,0.6411,,0.6236,12000.0,20196.0,17187.0,870.0,1150.0,SAT
148405,1748,Rockford University,Rockford,IL,61108,1,1,3,4,2,3,12.0,0.4656,400.0,530.0,440.0,530.0,19.0,23.0,1018.0,0.1257,,20601.0,40559.0,30050.0,30050.0,0.4781,0.4146,0.6604,,0.7479,18750.0,25000.0,20601.0,840.0,1060.0,SAT
148487,1749,Roosevelt University,Chicago,IL,60605,1,1,3,4,2,3,11.0,0.6951,450.0,508.0,410.0,510.0,20.0,25.0,2485.0,0.1505,,24894.0,43251.0,28963.0,28963.0,0.4264,0.3986,0.6399,1.0,0.6726,18000.0,23014.0,24894.0,860.0,1018.0,SAT
148496,1750,Dominican University,River Forest,IL,60305,1,1,3,4,2,3,21.0,0.6498,530.0,610.0,490.0,590.0,20.0,25.0,2155.0,0.0668,,17786.0,40137.0,32530.0,32530.0,0.4848,0.6208,0.8081,,0.729,20834.0,26000.0,17786.0,1020.0,1200.0,SAT
148584,1664,University of St Francis,Joliet,IL,60435,1,1,3,4,2,3,21.0,0.5167,490.0,630.0,540.0,610.0,20.0,25.0,1563.0,0.1753,,18571.0,39992.0,31470.0,31470.0,0.342,0.6278,0.8,,0.7105,20280.0,23740.0,18571.0,1030.0,1240.0,SAT
148627,1768,Saint Xavier University,Chicago,IL,60655,1,1,3,4,2,3,11.0,0.746,520.0,598.0,470.0,590.0,19.0,23.0,2927.0,0.0991,,14461.0,38775.0,33380.0,33380.0,0.5362,0.5241,0.7208,,0.7651,18000.0,24177.0,14461.0,990.0,1188.0,SAT
148654,9333,University of Illinois at Springfield,Springfield,IL,62703,1,1,3,4,1,3,12.0,0.5241,510.0,630.0,520.0,640.0,20.0,27.0,2833.0,0.3403,12197.0,,23966.0,11413.0,20938.0,0.3494,0.5021,0.7763,0.4,0.487,14000.0,18532.0,12197.0,1030.0,1270.0,SAT
149222,1758,Southern Illinois University-Carbondale,Carbondale,IL,62901,1,1,3,4,1,3,13.0,0.7601,440.0,640.0,480.0,690.0,20.0,26.0,10896.0,0.1362,17175.0,,27119.0,13932.0,28107.0,0.3937,0.4012,0.6723,0.4286,0.5683,16000.0,21500.0,17175.0,920.0,1330.0,SAT
149231,1759,Southern Illinois University-Edwardsville,Edwardsville,IL,62026,1,1,3,4,1,3,21.0,0.8951,485.0,625.0,495.0,600.0,20.0,26.0,11339.0,0.1599,15574.0,,22078.0,11493.0,24651.0,0.3428,0.4853,0.7306,0.1429,0.5545,14286.0,21250.0,15574.0,980.0,1225.0,SAT
149505,1771,Trinity Christian College,Palos Heights,IL,60463,1,1,3,4,2,3,21.0,0.829,545.0,595.0,510.0,600.0,19.0,26.0,1028.0,0.1556,,21782.0,40208.0,28675.0,28675.0,0.3655,0.688,0.8563,,0.7318,21500.0,25000.0,21782.0,1055.0,1195.0,SAT
149514,1772,Trinity International University-Illinois,Deerfield,IL,60015,1,3,3,4,2,3,21.0,0.75,450.0,570.0,480.0,560.0,20.0,27.0,750.0,0.2573,,19887.0,42606.0,30750.0,30750.0,0.403,0.5159,0.6735,0.3125,0.7548,16556.0,25000.0,19887.0,930.0,1130.0,SAT
149639,1778,VanderCook College of Music,Chicago,IL,60616,1,1,3,4,2,3,11.0,1.0,,,,,21.0,29.0,90.0,0.0222,,28433.0,38707.0,28434.0,28434.0,0.2857,0.7619,0.7143,,0.6842,27000.0,27000.0,28433.0,1073.3333333333333,1340.0,ACT_coverted
149772,1780,Western Illinois University,Macomb,IL,61455,1,1,3,4,1,3,33.0,0.5997,,,,,18.0,23.0,7599.0,0.1225,15844.0,,24851.0,12897.0,12897.0,0.4845,0.5045,0.6783,0.3065,0.713,18661.0,25000.0,15844.0,966.6666666666666,1140.0,ACT_coverted
149781,1781,Wheaton College,Wheaton,IL,60187,1,1,3,4,2,3,21.0,0.85,630.0,720.0,600.0,690.0,27.0,32.0,2356.0,0.0199,,28005.0,46199.0,35190.0,35190.0,0.1946,0.8893,0.9337,,0.5236,20100.0,21896.0,28005.0,1230.0,1410.0,SAT
150066,1785,Anderson University,Anderson,IN,46012,1,1,3,4,2,3,13.0,0.6525,450.0,550.0,460.0,560.0,19.0,25.0,1506.0,0.0505,,23799.0,41745.0,29710.0,29710.0,0.3751,0.5746,0.7281,0.5,0.6628,19500.0,27000.0,23799.0,910.0,1110.0,SAT
150136,1786,Ball State University,Muncie,IN,47306,1,1,3,4,1,3,13.0,0.6208,550.0,630.0,530.0,610.0,20.0,24.0,16277.0,0.0706,15187.0,,23468.0,9774.0,25942.0,0.3286,0.6157,0.7825,0.5556,0.5772,17500.0,24000.0,15187.0,1080.0,1240.0,SAT
150145,1787,Bethel College-Indiana,Mishawaka,IN,46545,1,1,3,4,2,3,13.0,0.8977,480.0,590.0,470.0,570.0,19.0,25.0,1254.0,0.177,,18876.0,37168.0,28030.0,28030.0,0.4416,0.6421,0.7924,0.0,0.7089,19500.0,25500.0,18876.0,950.0,1160.0,SAT
150163,1788,Butler University,Indianapolis,IN,46208,1,1,3,4,2,3,11.0,0.6513,580.0,660.0,570.0,660.0,25.0,30.0,4197.0,0.0112,,36249.0,54349.0,39860.0,39860.0,0.1375,0.787,0.8884,1.0,0.5166,23250.0,26595.0,36249.0,1150.0,1320.0,SAT
150400,1792,DePauw University,Greencastle,IN,46135,1,1,3,3,2,3,32.0,0.6725,560.0,650.0,550.0,680.0,24.0,29.0,2137.0,0.0023,,22323.0,60888.0,47838.0,47838.0,0.1886,0.8116,0.8945,,0.4462,23000.0,26000.0,22323.0,1110.0,1330.0,SAT
150455,1793,Earlham College,Richmond,IN,47374,1,1,3,4,2,3,32.0,0.5184,610.0,700.0,580.0,700.0,25.0,30.0,1027.0,0.0068,,19454.0,57615.0,45750.0,45750.0,0.2609,0.6824,0.862,,0.4927,19000.0,24383.0,19454.0,1190.0,1400.0,SAT
150534,1795,University of Evansville,Evansville,IN,47722,1,1,3,4,2,3,12.0,0.6996,520.0,610.0,500.0,645.0,22.0,29.0,2049.0,0.0464,,20517.0,47175.0,35394.0,35394.0,0.2257,0.717,0.8436,,0.4945,20000.0,26000.0,20517.0,1020.0,1255.0,SAT
150604,1798,Franklin College,Franklin,IN,46131,1,1,3,3,2,3,21.0,0.7787,500.0,610.0,510.0,590.0,19.0,25.0,978.0,0.0174,,21783.0,42456.0,30920.0,30920.0,0.3635,0.6168,0.7511,,0.5773,23000.0,27000.0,21783.0,1010.0,1200.0,SAT
150668,1799,Goshen College,Goshen,IN,46526,1,1,3,4,2,3,13.0,0.6388,490.0,623.0,490.0,610.0,19.0,28.0,855.0,0.0456,,19251.0,43422.0,33200.0,33200.0,0.3213,0.7235,0.7838,,0.6138,14500.0,19500.0,19251.0,980.0,1233.0,SAT
150677,1800,Grace College and Theological Seminary,Winona Lake,IN,46590,1,1,3,4,2,3,32.0,0.8209,500.0,620.0,490.0,600.0,20.0,27.0,1447.0,0.0352,,21452.0,33780.0,23170.0,23170.0,0.2885,0.6245,0.794,,0.5408,16772.0,19500.0,21452.0,990.0,1220.0,SAT
150756,1801,Hanover College,Hanover,IN,47243,1,1,3,3,2,3,32.0,0.8379,540.0,640.0,530.0,620.0,22.0,27.0,1082.0,0.0028,,21898.0,49064.0,36520.0,36520.0,0.2761,0.7103,0.7857,,0.6229,19500.0,27000.0,21898.0,1070.0,1260.0,SAT
150774,7263,Holy Cross College,Notre Dame,IN,46556,1,1,3,3,2,3,21.0,0.7405,510.0,680.0,500.0,660.0,22.0,30.0,554.0,0.0505,,23276.0,41552.0,29734.0,29734.0,0.3097,0.4016,0.4512,0.7273,0.5398,12000.0,26000.0,23276.0,1010.0,1340.0,SAT
150941,1803,Huntington University,Huntington,IN,46750,1,1,3,4,2,3,32.0,0.8053,490.0,590.0,460.0,580.0,20.0,24.0,949.0,0.0948,,21892.0,37115.0,25540.0,25540.0,0.3233,0.5992,0.801,0.7273,0.6335,23000.0,27000.0,21892.0,950.0,1170.0,SAT
151102,1828,Purdue University Fort Wayne,Fort Wayne,IN,46805,1,1,3,4,1,3,11.0,0.9441,490.0,590.0,480.0,580.0,18.0,25.0,7708.0,0.2373,12464.0,,18033.0,8330.0,20005.0,0.2826,0.3164,0.5822,0.4156,0.3708,12019.0,23127.0,12464.0,970.0,1170.0,SAT
151111,1813,Indiana University-Purdue University-Indianapolis,Indianapolis,IN,46202,1,1,3,4,1,3,11.0,0.7965,500.0,600.0,495.0,590.0,19.0,26.0,20870.0,0.1645,12021.0,,20352.0,9334.0,29806.0,0.3638,0.4499,0.752,0.4785,0.4903,14287.0,22343.0,12021.0,995.0,1190.0,SAT
151263,1804,University of Indianapolis,Indianapolis,IN,46227,1,1,3,4,2,3,11.0,0.8218,500.0,590.0,490.0,590.0,19.0,25.0,4384.0,0.1277,,21145.0,40570.0,28390.0,28390.0,0.3263,0.5621,0.7525,0.4138,0.6006,18500.0,26730.0,21145.0,990.0,1180.0,SAT
151290,1805,Indiana Institute of Technology,Fort Wayne,IN,46803,1,1,3,4,2,3,11.0,0.7613,470.0,580.0,460.0,570.0,17.0,23.0,6899.0,0.3896,,24829.0,38265.0,26370.0,26370.0,0.6653,0.3385,0.605,0.2571,0.834,9500.0,27000.0,24829.0,930.0,1150.0,SAT
151306,1808,University of Southern Indiana,Evansville,IN,47712,1,1,3,4,1,3,22.0,0.936,490.0,590.0,480.0,580.0,19.0,25.0,7554.0,0.1378,13319.0,,18763.0,7970.0,18626.0,0.2631,0.4067,0.7049,0.55,0.4171,13250.0,21669.0,13319.0,970.0,1170.0,SAT
151324,1807,Indiana State University,Terre Haute,IN,47809,1,1,3,4,1,3,13.0,0.8451,460.0,560.0,440.0,550.0,17.0,23.0,10817.0,0.1353,13012.0,,21056.0,8916.0,19452.0,0.4139,0.3872,0.6785,0.4167,0.587,12500.0,23500.0,13012.0,900.0,1110.0,SAT
151333,1814,Indiana University-Kokomo,Kokomo,IN,46902,1,1,3,4,1,3,13.0,0.7028,480.0,570.0,470.0,550.0,17.0,22.0,2746.0,0.1941,9073.0,,15189.0,7207.0,19038.0,0.298,0.3892,0.603,0.5385,0.3586,11000.0,19561.0,9073.0,950.0,1120.0,SAT
151342,1816,Indiana University-South Bend,South Bend,IN,46615,1,1,3,4,1,3,12.0,0.7771,470.0,570.0,460.0,550.0,18.0,24.0,4790.0,0.2148,9169.0,,15373.0,7207.0,19038.0,0.3257,0.2924,0.6574,0.3333,0.3779,11532.0,22815.0,9169.0,930.0,1120.0,SAT
151351,1809,Indiana University-Bloomington,Bloomington,IN,47405,1,1,3,4,1,3,13.0,0.7601,570.0,670.0,570.0,680.0,25.0,31.0,33104.0,0.0299,14351.0,,24739.0,10533.0,34845.0,0.1516,0.7733,0.9136,0.6842,0.2932,17000.0,20500.0,14351.0,1140.0,1350.0,SAT
151360,1815,Indiana University-Northwest,Gary,IN,46408,1,1,3,4,1,3,13.0,0.7444,450.0,553.0,440.0,540.0,17.0,22.0,3549.0,0.2671,8358.0,,13858.0,7207.0,19038.0,0.2984,0.2798,0.6856,0.3824,0.3616,12500.0,23555.0,8358.0,890.0,1093.0,SAT
151379,1817,Indiana University-Southeast,New Albany,IN,47150,1,1,3,4,1,3,21.0,0.8275,480.0,570.0,470.0,550.0,17.0,22.0,4722.0,0.32,10268.0,,16305.0,7207.0,19038.0,0.3527,0.3191,0.5867,0.5085,0.4028,11584.0,19738.0,10268.0,950.0,1120.0,SAT
151388,1811,Indiana University-East,Richmond,IN,47374,1,1,3,4,1,3,41.0,0.6966,470.0,570.0,470.0,548.0,18.0,23.0,2969.0,0.3695,8895.0,,15452.0,7207.0,19038.0,0.3,0.3571,0.6561,0.3158,0.3718,12970.0,18944.0,8895.0,940.0,1118.0,SAT
151786,1821,Marian University,Indianapolis,IN,46222,1,1,3,4,2,3,11.0,0.5872,500.0,600.0,500.0,600.0,19.0,25.0,2173.0,0.0999,,20366.0,44810.0,33000.0,33000.0,0.2455,0.5217,0.7769,,0.6912,19500.0,26125.0,20366.0,1000.0,1200.0,SAT
151801,1822,Indiana Wesleyan University-Marion,Marion,IN,46953,1,2,3,4,2,3,32.0,0.7202,510.0,620.0,500.0,600.0,21.0,26.0,2685.0,0.019,,19333.0,36871.0,25980.0,25980.0,0.2897,0.6282,0.7807,,0.5935,16667.0,24250.0,19333.0,1010.0,1220.0,SAT
152080,1840,University of Notre Dame,Notre Dame,IN,46556,1,2,3,4,2,3,21.0,0.1892,680.0,750.0,690.0,770.0,32.0,34.0,8527.0,0.0021,,28768.0,67043.0,51505.0,51505.0,0.1043,0.9524,0.98,,0.334,19000.0,19000.0,28768.0,1370.0,1520.0,SAT
152099,1824,Oakland City University,Oakland City,IN,47660,1,1,3,4,2,3,32.0,0.7133,469.0,583.0,480.0,570.0,18.0,24.0,484.0,0.0682,,16504.0,35223.0,23700.0,23700.0,0.1639,0.5326,0.7558,0.0,0.2396,12500.0,19894.0,16504.0,949.0,1153.0,SAT
152318,1830,Rose-Hulman Institute of Technology,Terre Haute,IN,47803,1,1,3,4,2,3,13.0,0.6094,610.0,690.0,650.0,760.0,27.0,32.0,2146.0,0.0061,,36906.0,62503.0,48012.0,48012.0,0.1253,0.8075,0.9116,,0.5037,24834.0,26000.0,36906.0,1260.0,1450.0,SAT
152336,1832,University of Saint Francis-Fort Wayne,Fort Wayne,IN,46808,1,1,3,4,2,3,11.0,0.9872,480.0,580.0,480.0,560.0,19.0,24.0,1840.0,0.1728,,18916.0,37280.0,29430.0,29430.0,0.3884,0.5753,0.7165,0.0,0.774,18180.0,25750.0,18916.0,960.0,1140.0,SAT
152381,1835,Saint Mary-of-the-Woods College,Saint Mary of the Woods,IN,47876,1,1,3,4,2,3,41.0,0.7576,450.0,550.0,440.0,520.0,18.0,23.0,631.0,0.225,,16787.0,40015.0,29510.0,29510.0,0.4551,0.5714,0.6582,1.0,0.6696,12260.0,21700.0,16787.0,890.0,1070.0,SAT
152390,1836,Saint Mary's College,Notre Dame,IN,46556,1,1,3,4,2,3,21.0,0.7825,530.0,630.0,500.0,620.0,23.0,29.0,1489.0,0.004,,23244.0,52624.0,40800.0,40800.0,0.2172,0.7908,0.8403,,0.5951,25000.0,27000.0,23244.0,1030.0,1250.0,SAT
152530,1838,Taylor University,Upland,IN,46989,1,1,3,4,2,3,32.0,0.8679,530.0,650.0,515.0,640.0,22.0,29.0,1858.0,0.014,,24525.0,43425.0,32885.0,32885.0,0.1661,0.7852,0.8962,,0.435,15750.0,22364.0,24525.0,1045.0,1290.0,SAT
152567,1839,Trine University,Angola,IN,46703,1,2,3,4,2,3,32.0,0.701,480.0,570.0,490.0,590.0,22.0,28.0,1939.0,0.0201,,23499.0,44825.0,31540.0,31540.0,0.1538,0.545,0.8026,,0.3748,17750.0,25000.0,23499.0,970.0,1160.0,SAT
152600,1842,Valparaiso University,Valparaiso,IN,46383,1,1,3,4,2,3,21.0,0.8428,530.0,630.0,530.0,640.0,23.0,29.0,3186.0,0.0154,,21946.0,49398.0,38760.0,38760.0,0.2738,0.7221,0.8271,,0.6603,21500.0,27000.0,21946.0,1060.0,1270.0,SAT
152673,1844,Wabash College,Crawfordsville,IN,47933,1,1,3,3,2,3,32.0,0.6296,530.0,630.0,540.0,650.0,23.0,28.0,862.0,0.0,,21870.0,53150.0,42250.0,42250.0,0.247,0.7679,0.8744,,0.6781,25000.0,27000.0,21870.0,1070.0,1280.0,SAT
153001,1847,Buena Vista University,Storm Lake,IA,50588,1,1,3,4,2,4,33.0,0.6385,498.0,573.0,488.0,570.0,19.0,24.0,1692.0,0.1353,,19175.0,44645.0,32854.0,32854.0,0.4466,0.601,0.765,,0.7756,17146.0,24912.0,19175.0,986.0,1143.0,SAT
153108,1850,Central College,Pella,IA,50219,1,1,3,3,2,4,32.0,0.7009,480.0,610.0,470.0,610.0,21.0,26.0,1198.0,0.0159,,22558.0,49214.0,35930.0,35930.0,0.2484,0.6893,0.808,,0.7228,23313.0,27000.0,22558.0,950.0,1220.0,SAT
153126,1852,Clarke University,Dubuque,IA,52001,1,1,3,4,2,4,13.0,0.6319,470.0,583.0,500.0,565.0,20.0,25.0,757.0,0.0661,,24334.0,44363.0,31950.0,31950.0,0.3533,0.6319,0.7532,,0.7865,21500.0,27000.0,24334.0,970.0,1148.0,SAT
153144,1854,Coe College,Cedar Rapids,IA,52402,1,1,3,3,2,4,12.0,0.5624,533.0,648.0,540.0,678.0,22.0,28.0,1350.0,0.0052,,20767.0,53261.0,42430.0,42430.0,0.2952,0.6925,0.8128,,0.7176,22625.0,27000.0,20767.0,1073.0,1326.0,SAT
153162,1856,Cornell College,Mount Vernon,IA,52314,1,1,3,3,2,4,31.0,0.6503,550.0,675.0,550.0,665.0,23.0,29.0,1004.0,0.006,,24433.0,53955.0,40880.0,40880.0,0.2853,0.7101,0.8118,,0.6687,22130.0,27000.0,24433.0,1100.0,1340.0,SAT
153250,1859,Dordt College,Sioux Center,IA,51250,1,1,3,4,2,4,33.0,0.7207,530.0,660.0,520.0,660.0,22.0,28.0,1353.0,0.0103,,23792.0,42378.0,30000.0,30000.0,0.2242,0.6452,0.8114,0.0,0.5729,16432.0,23250.0,23792.0,1050.0,1320.0,SAT
153269,1860,Drake University,Des Moines,IA,50311,1,1,3,4,2,4,12.0,0.688,540.0,660.0,560.0,690.0,24.0,30.0,3038.0,0.0303,,27578.0,49402.0,39062.0,39062.0,0.1564,0.7906,0.868,0.5,0.4995,19197.0,23823.0,27578.0,1100.0,1350.0,SAT
153278,1891,University of Dubuque,Dubuque,IA,52001,1,1,3,4,2,4,13.0,0.7416,450.0,550.0,450.0,570.0,16.0,22.0,1955.0,0.1263,,23231.0,39389.0,29710.0,29710.0,0.4631,0.4277,0.5912,0.5,0.7245,15673.0,24500.0,23231.0,900.0,1120.0,SAT
153320,7121,Faith Baptist Bible College and Theological Seminary,Ankeny,IA,50023,1,1,3,4,2,4,21.0,0.6,480.0,640.0,340.0,660.0,20.0,25.0,256.0,0.0859,,14874.0,28104.0,16766.0,16766.0,0.5177,0.5366,0.8261,,0.4115,8009.0,11000.0,14874.0,820.0,1300.0,SAT
153366,1866,Graceland University-Lamoni,Lamoni,IA,50140,1,2,3,4,2,4,43.0,0.5614,450.0,530.0,460.0,540.0,18.0,23.0,1208.0,0.1217,,18181.0,39770.0,28110.0,28110.0,0.4136,0.4961,0.6211,0.0,0.7282,15000.0,21495.0,18181.0,910.0,1070.0,SAT
153375,1867,Grand View University,Des Moines,IA,50316,1,1,3,4,2,4,12.0,0.9268,440.0,560.0,450.0,590.0,18.0,23.0,1753.0,0.1021,,18332.0,35381.0,26516.0,26516.0,0.3634,0.5014,0.6697,0.5,0.7309,17750.0,23492.0,18332.0,890.0,1150.0,SAT
153384,1868,Grinnell College,Grinnell,IA,50112,1,1,3,3,2,4,33.0,0.2887,640.0,740.0,670.0,770.0,30.0,34.0,1660.0,0.0024,,22444.0,63438.0,50714.0,50714.0,0.1989,0.8728,0.9564,,0.4032,15000.0,17000.0,22444.0,1310.0,1510.0,SAT
153603,1869,Iowa State University,Ames,IA,50011,1,1,3,4,1,4,13.0,0.8934,600.0,700.0,560.0,710.0,22.0,28.0,30116.0,0.049,14331.0,,19878.0,8636.0,22472.0,0.2054,0.7343,0.8747,0.6766,0.4925,18250.0,22975.0,14331.0,1160.0,1410.0,SAT
153621,1871,Iowa Wesleyan University,Mount Pleasant,IA,52641,1,1,3,3,2,4,33.0,0.5001,430.0,480.0,450.0,500.0,18.0,21.0,602.0,0.098,,24558.0,37905.0,24600.0,30500.0,0.4923,0.2655,0.5879,0.0,0.6942,12000.0,25000.0,24558.0,880.0,980.0,SAT
153658,1892,University of Iowa,Iowa City,IA,52242,1,1,3,4,1,4,13.0,0.8604,570.0,680.0,570.0,690.0,23.0,28.0,23349.0,0.0972,15103.0,,21875.0,8965.0,30609.0,0.1857,0.7354,0.8598,0.7922,0.4162,16173.0,22000.0,15103.0,1140.0,1370.0,SAT
153825,1873,Loras College,Dubuque,IA,52004,1,1,3,4,2,4,13.0,0.9509,505.0,575.0,528.0,598.0,20.0,26.0,1362.0,0.0198,,18408.0,41934.0,32886.0,32886.0,0.2187,0.6816,0.7591,,0.65,20500.0,27000.0,18408.0,1033.0,1173.0,SAT
153834,1874,Luther College,Decorah,IA,52101,1,1,3,3,2,4,33.0,0.6509,503.0,640.0,520.0,665.0,23.0,28.0,2008.0,0.009,,25273.0,52524.0,41020.0,41020.0,0.1803,0.8006,0.825,,0.6657,25250.0,27000.0,25273.0,1023.0,1305.0,SAT
153977,6273,Mercy College of Health Sciences,Des Moines,IA,50309,1,1,3,3,2,4,12.0,0.959,,,,,18.0,22.0,755.0,0.3695,,21122.0,26778.0,17600.0,17600.0,0.3891,0.3488,0.375,0.5,0.7108,14000.0,19500.0,21122.0,966.6666666666666,1106.6666666666667,ACT_coverted
154004,1879,Morningside College,Sioux City,IA,51106,1,1,3,4,2,4,13.0,0.5518,,,,,20.0,25.0,1270.0,0.0205,,22267.0,41996.0,30490.0,30490.0,0.296,0.557,0.6971,,0.7252,17125.0,26712.0,22267.0,1040.0,1206.6666666666667,ACT_coverted
154013,1880,Mount Mercy University,Cedar Rapids,IA,52402,1,1,3,4,2,4,12.0,0.5724,,,,,19.0,24.0,1502.0,0.279,,20477.0,43185.0,30582.0,30582.0,0.3557,0.58,0.75,0.3333,0.7215,16793.0,23000.0,20477.0,1003.3333333333334,1173.3333333333333,ACT_coverted
154095,1890,University of Northern Iowa,Cedar Falls,IA,50614,1,1,3,4,1,4,13.0,0.8083,540.0,670.0,540.0,690.0,21.0,26.0,9686.0,0.0755,16496.0,,20593.0,8699.0,19241.0,0.2625,0.6753,0.8132,0.3125,0.5567,15541.0,19784.0,16496.0,1080.0,1360.0,SAT
154101,1883,Northwestern College,Orange City,IA,51041,1,1,3,4,2,4,32.0,0.681,490.0,600.0,505.0,635.0,21.0,27.0,1014.0,0.0207,,23064.0,42676.0,30200.0,30200.0,0.2777,0.679,0.7722,0.0,0.6563,17375.0,23000.0,23064.0,995.0,1235.0,SAT
154235,1889,Saint Ambrose University,Davenport,IA,52803,1,1,3,4,2,4,12.0,0.6081,,,,,21.0,26.0,2354.0,0.0633,,24503.0,42922.0,30016.0,30016.0,0.2633,0.6325,0.7815,1.0,0.7334,20500.0,25500.0,24503.0,1073.3333333333333,1240.0,ACT_coverted
154350,1887,Simpson College,Indianola,IA,50125,1,1,3,4,2,4,31.0,0.8386,540.0,630.0,530.0,590.0,21.0,27.0,1406.0,0.091,,22077.0,48241.0,37663.0,37663.0,0.2741,0.6828,0.8046,,0.7246,21500.0,25500.0,22077.0,1070.0,1220.0,SAT
154493,1893,Upper Iowa University,Fayette,IA,52142,1,1,3,4,2,4,43.0,0.5558,430.0,510.0,440.0,510.0,18.0,23.0,4058.0,0.4845,,24710.0,41442.0,29600.0,29600.0,0.4315,0.4143,0.5592,0.25,0.6169,17504.0,23750.0,24710.0,870.0,1020.0,SAT
154518,1895,Waldorf University,Forest City,IA,50436,1,1,3,4,3,4,33.0,0.7185,470.0,560.0,460.0,550.0,18.0,22.0,2053.0,0.2786,,19135.0,32847.0,21664.0,21664.0,0.3764,0.2909,0.4621,0.5,0.5301,12000.0,18191.0,19135.0,930.0,1110.0,SAT
154527,1896,Wartburg College,Waverly,IA,50677,1,1,3,3,2,4,32.0,0.769,470.0,563.0,478.0,603.0,21.0,27.0,1493.0,0.0141,,22950.0,50153.0,39730.0,39730.0,0.2186,0.6549,0.7878,,0.6633,21500.0,27000.0,22950.0,948.0,1166.0,SAT
154590,1900,William Penn University,Oskaloosa,IA,52577,1,1,3,4,2,4,33.0,0.5379,410.0,500.0,430.0,520.0,16.0,21.0,1184.0,0.1005,,20172.0,35896.0,25000.0,25000.0,0.4769,0.3504,0.5328,,0.8086,14000.0,25000.0,20172.0,840.0,1020.0,SAT
154688,1903,Baker University,Baldwin City,KS,66006,1,3,3,4,2,4,31.0,0.8571,460.0,540.0,490.0,570.0,21.0,25.0,1465.0,0.2765,,21289.0,42539.0,28960.0,28960.0,0.2721,0.5678,0.6807,0.3333,0.5404,19500.0,25000.0,21289.0,950.0,1110.0,SAT
154712,10256,Benedictine College,Atchison,KS,66002,1,1,3,4,2,4,32.0,0.9747,,,,,22.0,28.0,1826.0,0.0093,,24312.0,42066.0,28480.0,28480.0,0.1784,0.6271,0.8012,,0.5285,19000.0,26000.0,24312.0,1106.6666666666667,1306.6666666666667,ACT_coverted
154721,1904,Bethany College,Lindsborg,KS,67456,1,1,3,3,2,4,33.0,0.6664,440.0,520.0,450.0,540.0,18.0,23.0,710.0,0.0042,,23908.0,41886.0,26922.0,26922.0,0.3839,0.4733,0.5604,,0.7024,9500.0,25000.0,23908.0,890.0,1060.0,SAT
154855,1908,Central Christian College of Kansas,McPherson,KS,67460,1,1,3,3,2,4,33.0,0.3933,460.0,600.0,430.0,520.0,17.0,22.0,768.0,0.0495,,14360.0,28652.0,17240.0,17240.0,0.4788,0.2165,0.5253,,0.5972,14746.0,25926.0,14360.0,890.0,1120.0,SAT
155025,1927,Emporia State University,Emporia,KS,66801,1,1,3,4,1,4,33.0,0.8275,,,,,19.0,25.0,3499.0,0.06,14584.0,,18154.0,6345.0,19918.0,0.3668,0.4452,0.733,0.5,0.6326,14000.0,19590.0,14584.0,1003.3333333333334,1206.6666666666667,ACT_coverted
155089,1918,Friends University,Wichita,KS,67213,1,1,3,4,2,4,11.0,0.4801,480.0,550.0,470.0,600.0,19.0,25.0,1110.0,0.1856,,23506.0,38141.0,27565.0,27565.0,0.4161,0.3362,0.7423,0.5,0.7039,18750.0,25000.0,23506.0,950.0,1150.0,SAT
155317,1948,University of Kansas,Lawrence,KS,66045,1,1,3,4,1,4,13.0,0.9338,,,,,23.0,28.0,18903.0,0.0982,18814.0,,24824.0,10824.0,26592.0,0.2217,0.6308,0.8298,0.7379,0.4387,15000.0,21105.0,18814.0,1140.0,1306.6666666666667,ACT_coverted
155335,1939,Newman University,Wichita,KS,67213,1,1,3,4,2,4,11.0,0.6384,530.0,650.0,460.0,640.0,19.0,25.0,1103.0,0.087,,13800.0,35030.0,29200.0,29200.0,0.1503,0.5235,0.8012,,0.2347,15250.0,19500.0,13800.0,990.0,1290.0,SAT
155414,1929,Kansas Wesleyan University,Salina,KS,67401,1,1,3,4,2,4,33.0,0.5365,460.0,550.0,470.0,540.0,19.0,24.0,671.0,0.0596,,25808.0,41239.0,28980.0,28980.0,0.4603,0.3212,0.5466,0.0,0.811,12878.0,22750.0,25808.0,930.0,1090.0,SAT
155496,1931,Manhattan Christian College,Manhattan,KS,66502,1,1,3,3,2,4,13.0,0.6432,470.0,520.0,420.0,523.0,18.0,25.0,282.0,0.1631,,20878.0,29135.0,15418.0,15418.0,0.3345,0.4167,0.3488,,0.5951,12000.0,21500.0,20878.0,890.0,1043.0,SAT
155511,1933,McPherson College,McPherson,KS,67460,1,1,3,3,2,4,33.0,0.4847,550.0,630.0,480.0,550.0,20.0,24.0,688.0,0.0218,,21341.0,39634.0,27823.0,27823.0,0.4182,0.3561,0.6392,,0.3698,14000.0,25000.0,21341.0,1030.0,1180.0,SAT
155520,7032,MidAmerica Nazarene University,Olathe,KS,66062,1,1,3,4,2,4,21.0,0.6562,440.0,600.0,470.0,600.0,18.0,24.0,1215.0,0.1819,,20227.0,40179.0,29670.0,29670.0,0.3728,0.5146,0.6307,0.0,0.6455,13396.0,16275.0,20227.0,910.0,1200.0,SAT
155627,1937,Ottawa University-Ottawa,Ottawa,KS,66067,1,5,3,4,2,4,32.0,0.8045,440.0,570.0,460.0,510.0,18.0,22.0,670.0,0.0358,,23479.0,40873.0,28550.0,28550.0,0.4246,0.4578,0.608,,0.8818,12500.0,21772.0,23479.0,900.0,1080.0,SAT
155681,1926,Pittsburg State University,Pittsburg,KS,66762,1,1,3,4,1,4,32.0,0.8721,,,,,19.0,25.0,5340.0,0.0571,14214.0,,17748.0,7100.0,18152.0,0.357,0.4721,0.735,0.6,0.4461,14000.0,19676.0,14214.0,1003.3333333333334,1206.6666666666667,ACT_coverted
155812,1943,University of Saint Mary,Leavenworth,KS,66048,1,1,3,4,2,4,31.0,0.4915,470.0,575.0,490.0,580.0,19.0,24.0,744.0,0.1398,,16702.0,38195.0,27720.0,27720.0,0.3441,0.4369,0.6393,,0.6703,15500.0,22500.0,16702.0,960.0,1155.0,SAT
155900,1940,Southwestern College,Winfield,KS,67156,1,1,3,4,2,4,32.0,0.9688,420.0,520.0,420.0,510.0,18.0,23.0,1096.0,0.4745,,22291.0,40741.0,28750.0,28750.0,0.3638,0.4063,0.6154,,0.4608,12500.0,25000.0,22291.0,840.0,1030.0,SAT
155937,1945,Sterling College,Sterling,KS,67579,1,1,3,3,2,4,42.0,0.5247,450.0,530.0,450.0,540.0,18.0,22.0,612.0,0.0212,,19556.0,35102.0,24985.0,24985.0,0.3953,0.3897,0.5469,,0.6578,12450.0,23966.0,19556.0,900.0,1070.0,SAT
155973,1946,Tabor College,Hillsboro,KS,67063,1,1,3,4,2,4,33.0,0.5318,460.0,530.0,470.0,520.0,18.0,24.0,632.0,0.1282,,22991.0,41520.0,27220.0,27220.0,0.4313,0.3841,0.6029,,0.7851,16462.0,24259.0,22991.0,930.0,1050.0,SAT
156125,1950,Wichita State University,Wichita,KS,67260,1,1,3,4,1,4,11.0,0.938,500.0,625.0,500.0,650.0,20.0,27.0,10970.0,0.2095,14113.0,,18924.0,8432.0,17390.0,0.3385,0.4757,0.7254,0.3559,0.4952,15000.0,21625.0,14113.0,1000.0,1275.0,SAT
156189,1951,Alice Lloyd College,Pippa Passes,KY,41844,1,1,3,3,2,5,43.0,0.2567,490.0,540.0,450.0,490.0,18.0,23.0,598.0,0.0234,,13000.0,23827.0,11550.0,11550.0,0.5812,0.5549,0.8111,,0.6496,8250.0,16062.0,13000.0,940.0,1030.0,SAT
156213,1952,Asbury University,Wilmore,KY,40390,1,1,3,4,2,5,31.0,0.7032,510.0,660.0,470.0,620.0,21.0,28.0,1610.0,0.1807,,28095.0,38704.0,29500.0,29500.0,0.3177,0.6883,0.8464,,0.5963,19153.0,23981.0,28095.0,980.0,1280.0,SAT
156286,1954,Bellarmine University,Louisville,KY,40205,1,3,3,4,2,5,11.0,0.8925,530.0,610.0,520.0,600.0,22.0,27.0,2474.0,0.0283,,24433.0,53640.0,40750.0,40750.0,0.2501,0.6454,0.7224,1.0,0.6109,19000.0,25000.0,24433.0,1050.0,1210.0,SAT
156295,1955,Berea College,Berea,KY,40404,1,1,3,3,2,5,32.0,0.3509,480.0,590.0,490.0,610.0,22.0,27.0,1610.0,0.0006,,1358.0,35102.0,25760.0,25760.0,0.8204,0.6595,0.8038,,0.1622,4563.0,5600.0,1358.0,970.0,1200.0,SAT
156356,1958,Brescia University,Owensboro,KY,42301,1,1,3,4,2,5,13.0,0.424,,,,,19.0,23.0,911.0,0.2316,,13312.0,30478.0,21550.0,21550.0,0.5751,0.3867,0.626,0.25,0.8068,19562.0,29556.0,13312.0,1003.3333333333334,1140.0,ACT_coverted
156365,1959,Campbellsville University,Campbellsville,KY,42718,1,1,3,4,2,5,32.0,0.6859,460.0,553.0,470.0,540.0,18.0,24.0,2365.0,0.1099,,19568.0,37117.0,25400.0,25400.0,0.3532,0.3366,0.6611,0.5556,0.4261,10500.0,20336.0,19568.0,930.0,1093.0,SAT
156408,1961,Centre College,Danville,KY,40422,1,1,3,3,2,5,32.0,0.7632,590.0,680.0,580.0,730.0,26.0,31.0,1441.0,0.0007,,23237.0,52412.0,40500.0,40500.0,0.1573,0.8235,0.91,,0.4552,24856.0,27000.0,23237.0,1170.0,1410.0,SAT
156541,1962,University of the Cumberlands,Williamsburg,KY,40769,1,1,3,4,2,5,33.0,0.7436,450.0,570.0,460.0,560.0,19.0,25.0,2085.0,0.1338,,19509.0,37529.0,23000.0,23000.0,0.317,0.4085,0.6235,0.6,0.4025,9734.0,17082.0,19509.0,910.0,1130.0,SAT
156620,1963,Eastern Kentucky University,Richmond,KY,40475,1,1,3,4,1,5,32.0,0.8737,480.0,560.0,480.0,570.0,20.0,25.0,12750.0,0.1581,11892.0,,20580.0,9366.0,18250.0,0.3884,0.4383,0.7343,0.2281,0.5391,15000.0,23000.0,11892.0,960.0,1130.0,SAT
156745,1964,Georgetown College,Georgetown,KY,40324,1,1,3,4,2,5,31.0,0.6733,,,,,20.0,26.0,1029.0,0.0515,,20769.0,48194.0,37160.0,37160.0,0.355,0.5339,0.67,,0.7018,14613.0,27000.0,20769.0,1040.0,1240.0,ACT_coverted
157058,1968,Kentucky State University,Frankfort,KY,40601,1,1,3,4,1,5,32.0,0.4528,418.0,500.0,448.0,520.0,17.0,21.0,1349.0,0.1698,8772.0,,18436.0,8184.0,19638.0,0.5249,0.2042,0.677,0.0,0.5695,17479.0,29807.0,8772.0,866.0,1020.0,SAT
157076,1969,Kentucky Wesleyan College,Owensboro,KY,42301,1,1,3,3,2,5,13.0,0.5846,480.0,560.0,460.0,540.0,19.0,26.0,688.0,0.0218,,19610.0,33703.0,25070.0,25070.0,0.4306,0.3191,0.6804,,0.6331,13500.0,24500.0,19610.0,940.0,1100.0,SAT
157085,1989,University of Kentucky,Lexington,KY,40506,1,1,3,4,1,5,11.0,0.9577,550.0,660.0,530.0,670.0,22.0,28.0,22078.0,0.0664,18903.0,,27591.0,11942.0,28046.0,0.2287,0.6505,0.8334,0.4769,0.4331,16250.0,23102.0,18903.0,1080.0,1330.0,SAT
157100,1965,Kentucky Christian University,Grayson,KY,41143,1,1,3,4,2,5,32.0,0.4021,490.0,530.0,500.0,530.0,18.0,22.0,477.0,0.0797,,18051.0,31898.0,19256.0,19256.0,0.4927,0.3254,0.5608,0.2,0.714,10625.0,24750.0,18051.0,990.0,1060.0,SAT
157289,1999,University of Louisville,Louisville,KY,40292,1,1,3,4,1,5,11.0,0.753,540.0,640.0,530.0,650.0,22.0,28.0,14550.0,0.1777,16721.0,,25728.0,11264.0,26286.0,0.2699,0.5441,0.8069,0.4818,0.3961,13061.0,20534.0,16721.0,1070.0,1290.0,SAT
157377,1975,Midway University,Midway,KY,40347,1,1,3,4,2,5,42.0,0.567,490.0,630.0,470.0,590.0,18.0,23.0,989.0,0.2336,,24366.0,38292.0,23950.0,23950.0,0.4697,0.5243,0.8527,0.5,0.6945,14580.0,21128.0,24366.0,960.0,1220.0,SAT
157386,1976,Morehead State University,Morehead,KY,40351,1,1,3,4,1,5,33.0,0.7962,410.0,485.0,445.0,550.0,20.0,26.0,6410.0,0.1229,12179.0,,20507.0,8950.0,13426.0,0.3221,0.4175,0.7231,0.1429,0.4351,16948.0,24579.0,12179.0,855.0,1035.0,SAT
157401,1977,Murray State University,Murray,KY,42071,1,1,3,4,1,5,33.0,0.8667,470.0,560.0,510.0,630.0,21.0,27.0,7218.0,0.097,11497.0,,19314.0,8820.0,23820.0,0.3082,0.491,0.7731,0.6667,0.4695,16238.0,22431.0,11497.0,980.0,1190.0,SAT
157447,9275,Northern Kentucky University,Highland Heights,KY,41099,1,1,3,4,1,5,21.0,0.9038,493.0,620.0,500.0,590.0,20.0,26.0,10728.0,0.1711,9131.0,,17377.0,9744.0,19104.0,0.3096,0.3967,0.7264,0.4118,0.4774,14000.0,24484.0,9131.0,993.0,1210.0,SAT
157535,1980,University of Pikeville,Pikeville,KY,41501,1,1,3,4,2,5,33.0,1.0,440.0,520.0,440.0,540.0,18.0,23.0,1088.0,0.0358,,18374.0,36594.0,20338.0,20338.0,0.4602,0.2994,0.5671,,0.6538,11629.0,24000.0,18374.0,880.0,1060.0,SAT
157757,1960,Spalding University,Louisville,KY,40203,1,1,3,4,2,5,11.0,0.5899,490.0,585.0,490.0,540.0,18.0,23.0,1080.0,0.1519,,21872.0,33455.0,24000.0,24000.0,0.3951,0.4468,0.649,0.2353,0.5866,17750.0,25000.0,21872.0,980.0,1125.0,SAT
157809,2001,Thomas More College,Crestview Hills,KY,41017,1,1,3,4,2,5,21.0,0.9123,450.0,580.0,460.0,580.0,19.0,24.0,1399.0,0.0315,,18706.0,37838.0,30270.0,30270.0,0.2508,0.451,0.6707,,0.5154,13175.0,26375.0,18706.0,910.0,1160.0,SAT
157863,1988,Union College,Barbourville,KY,40906,1,1,3,4,2,5,33.0,0.6347,,,,,17.0,23.0,984.0,0.0671,,23504.0,36737.0,26080.0,26080.0,0.5225,0.3368,0.5817,,0.7223,12383.0,25000.0,23504.0,930.0,1140.0,ACT_coverted
157951,2002,Western Kentucky University,Bowling Green,KY,42101,1,1,3,4,1,5,13.0,0.9545,500.0,600.0,470.0,580.0,19.0,27.0,14529.0,0.1267,11850.0,,18993.0,10202.0,25512.0,0.3058,0.4312,0.6991,0.1915,0.4374,14250.0,23100.0,11850.0,970.0,1180.0,SAT
158477,2003,Centenary College of Louisiana,Shreveport,LA,71134,1,1,3,4,2,5,12.0,0.6179,520.0,600.0,510.0,610.0,22.0,28.0,525.0,0.0095,,24704.0,51968.0,35900.0,35900.0,0.3571,0.4833,0.7846,,0.6082,17250.0,27000.0,24704.0,1030.0,1210.0,SAT
158802,2004,Dillard University,New Orleans,LA,70122,1,1,3,3,2,5,11.0,0.4081,320.0,540.0,470.0,490.0,18.0,21.0,1290.0,0.0698,,16772.0,30853.0,17917.0,17917.0,0.7423,0.3989,0.7039,0.5,0.8739,19000.0,32960.0,16772.0,790.0,1030.0,SAT
159382,2011,Louisiana State University-Alexandria,Alexandria,LA,71302,1,1,3,3,1,5,41.0,0.3107,440.0,540.0,350.0,580.0,18.0,22.0,2662.0,0.3291,8975.0,,14566.0,6668.0,14024.0,0.3744,0.2617,0.5948,0.3529,0.4153,9329.0,18250.0,8975.0,790.0,1120.0,SAT
159391,2010,Louisiana State University and Agricultural & Mechanical College,Baton Rouge,LA,70803,1,1,3,4,1,5,12.0,0.7392,530.0,640.0,530.0,650.0,23.0,28.0,23331.0,0.0592,18181.0,,27612.0,11374.0,28051.0,0.2031,0.6665,0.8295,0.4,0.3929,13000.0,20250.0,18181.0,1060.0,1290.0,SAT
159416,2013,Louisiana State University-Shreveport,Shreveport,LA,71115,1,1,3,4,1,5,12.0,0.8384,460.0,560.0,470.0,572.0,19.0,24.0,2237.0,0.2687,9571.0,,16850.0,7166.0,20320.0,0.3788,0.3048,0.6429,0.2,0.4024,12706.0,21293.0,9571.0,930.0,1132.0,SAT
159568,2007,Louisiana College,Pineville,LA,71359,1,1,3,4,2,5,23.0,0.7192,560.0,630.0,490.0,650.0,19.0,24.0,935.0,0.0781,,15874.0,25298.0,16000.0,16000.0,0.462,0.419,0.5484,,0.6579,10250.0,23500.0,15874.0,1050.0,1280.0,SAT
159647,2008,Louisiana Tech University,Ruston,LA,71272,1,1,3,4,1,5,32.0,0.6484,440.0,540.0,430.0,560.0,22.0,27.0,8277.0,0.0861,10774.0,,19225.0,9645.0,18558.0,0.2174,0.5339,0.8,0.4,0.3163,13000.0,20876.0,10774.0,870.0,1100.0,SAT
159656,2016,Loyola University New Orleans,New Orleans,LA,70118,1,1,3,4,2,5,11.0,0.6911,560.0,650.0,520.0,620.0,22.0,28.0,2534.0,0.0474,,22766.0,52428.0,39492.0,39492.0,0.3156,0.5623,0.7974,,0.606,19500.0,26538.0,22766.0,1080.0,1270.0,SAT
159717,2017,McNeese State University,Lake Charles,LA,70605,1,1,3,4,1,5,13.0,0.6224,480.0,560.0,540.0,660.0,20.0,25.0,5956.0,0.0912,10977.0,,17675.0,7920.0,15958.0,0.319,0.4241,0.6807,0.2857,0.3882,12153.0,20562.0,10977.0,1020.0,1220.0,SAT
159939,2015,University of New Orleans,New Orleans,LA,70148,1,1,3,4,1,5,11.0,0.5661,520.0,640.0,510.0,610.0,20.0,25.0,5917.0,0.2045,11135.0,,18619.0,8484.0,13320.0,0.3628,0.3228,0.6235,0.3462,0.388,10250.0,18200.0,11135.0,1030.0,1250.0,SAT
159966,2005,Nicholls State University,Thibodaux,LA,70310,1,1,3,4,1,5,13.0,0.9374,490.0,590.0,490.0,590.0,20.0,24.0,5401.0,0.1374,12448.0,,18874.0,7886.0,8979.0,0.3778,0.4679,0.7012,0.5439,0.5412,11750.0,21130.0,12448.0,980.0,1180.0,SAT
159993,2020,University of Louisiana at Monroe,Monroe,LA,71209,1,1,3,4,1,5,13.0,0.7546,430.0,520.0,420.0,550.0,20.0,25.0,6121.0,0.1596,11316.0,,19162.0,8470.0,20570.0,0.4079,0.409,0.7208,0.3333,0.5014,12870.0,21250.0,11316.0,850.0,1070.0,SAT
160038,2021,Northwestern State University of Louisiana,Natchitoches,LA,71497,1,1,3,4,1,5,33.0,0.8029,450.0,550.0,450.0,560.0,19.0,24.0,7994.0,0.325,11295.0,,20172.0,7921.0,18710.0,0.4013,0.3944,0.7564,0.5448,0.5057,13000.0,23911.0,11295.0,900.0,1110.0,SAT
160065,2023,University of Holy Cross,New Orleans,LA,70131,1,1,3,4,2,5,11.0,0.4615,,,,,18.0,22.0,743.0,0.3863,,13645.0,19144.0,13220.0,13220.0,0.5012,0.5208,0.6897,0.375,0.7426,15000.0,28200.0,13645.0,966.6666666666666,1106.6666666666667,ACT_coverted
160074,31062,Franciscan Missionaries of Our Lady University,Baton Rouge,LA,70808,1,1,3,4,2,5,12.0,0.4844,,,,,20.0,23.0,1168.0,0.5771,,16979.0,24473.0,12764.0,12764.0,0.3217,0.4045,0.75,0.0,0.5684,15070.0,23500.0,16979.0,1040.0,1140.0,ACT_coverted
160612,2024,Southeastern Louisiana University,Hammond,LA,70402,1,3,3,4,1,5,13.0,0.8834,,,,,19.0,24.0,10929.0,0.1773,12739.0,,19170.0,8153.0,20631.0,0.3342,0.4135,0.6601,0.5008,0.4207,11000.0,21986.0,12739.0,1003.3333333333334,1173.3333333333333,ACT_coverted
160621,2025,Southern University and A & M College,Baton Rouge,LA,70813,1,1,3,4,1,5,12.0,0.4547,350.0,490.0,390.0,490.0,17.0,21.0,5137.0,0.1201,14259.0,,20689.0,8666.0,18080.0,0.6903,0.29,0.6403,0.15,0.7921,18750.0,31000.0,14259.0,740.0,980.0,SAT
160630,2026,Southern University at New Orleans,New Orleans,LA,70126,1,1,3,4,1,5,11.0,0.2467,,,,,15.0,18.0,1899.0,0.1996,7335.0,,12778.0,6421.0,15322.0,0.6002,0.2039,0.5224,0.4,0.6749,20210.0,30921.0,7335.0,843.3333333333334,966.6666666666666,ACT_coverted
160658,2031,University of Louisiana at Lafayette,Lafayette,LA,70503,1,1,3,4,1,5,12.0,0.5087,310.0,580.0,510.0,600.0,21.0,26.0,14753.0,0.1363,12768.0,,20443.0,9888.0,23616.0,0.3312,0.4412,0.7491,0.6957,0.4694,12444.0,20750.0,12768.0,820.0,1180.0,SAT
160755,2029,Tulane University of Louisiana,New Orleans,LA,70118,1,1,3,4,2,5,11.0,0.215,670.0,740.0,660.0,750.0,30.0,33.0,7871.0,0.1467,,34238.0,66896.0,52960.0,52960.0,0.1296,0.8336,0.9315,,0.3017,19000.0,22022.0,34238.0,1330.0,1490.0,SAT
160904,2032,Xavier University of Louisiana,New Orleans,LA,70125,1,1,3,4,2,5,11.0,0.6408,490.0,590.0,470.0,588.0,20.0,26.0,2266.0,0.0508,,16075.0,33593.0,23606.0,23606.0,0.5365,0.4401,0.7171,0.5,0.6697,12750.0,24250.0,16075.0,960.0,1178.0,SAT
161086,2039,Colby College,Waterville,ME,04901,1,1,3,3,2,1,33.0,0.1579,670.0,740.0,670.0,760.0,31.0,33.0,1917.0,0.0,,20739.0,65824.0,53120.0,53120.0,0.1075,0.9161,0.9407,,0.2123,16750.0,19450.0,20739.0,1340.0,1500.0,SAT
161235,2041,University of Maine at Fort Kent,Fort Kent,ME,04743,1,1,3,3,1,1,43.0,0.972,450.0,560.0,450.0,530.0,17.0,22.0,1036.0,0.4402,12228.0,,17137.0,7965.0,12075.0,0.2274,0.3459,0.6061,1.0,0.3083,12909.0,18750.0,12228.0,900.0,1090.0,SAT
161253,2053,University of Maine,Orono,ME,04469,1,1,3,4,1,1,23.0,0.9226,530.0,630.0,520.0,620.0,22.0,27.0,8836.0,0.0764,17074.0,,23262.0,10902.0,30282.0,0.301,0.5758,0.7509,0.3548,0.6067,18500.0,25500.0,17074.0,1050.0,1250.0,SAT
161299,2044,Maine Maritime Academy,Castine,ME,04420,1,1,3,4,1,1,42.0,0.7961,490.0,590.0,500.0,590.0,18.0,24.0,1018.0,0.0285,23460.0,,26948.0,13278.0,26628.0,0.2505,0.6894,0.7683,,0.7781,27000.0,27000.0,23460.0,990.0,1180.0,SAT
161457,2050,University of New England,Biddeford,ME,04005,1,1,3,4,2,1,22.0,0.8074,520.0,610.0,510.0,600.0,21.0,26.0,2360.0,0.0148,,33183.0,52449.0,36530.0,36530.0,0.1269,0.59,0.7754,0.0,0.4756,19822.0,25989.0,33183.0,1030.0,1210.0,SAT
161554,2054,University of Southern Maine,Portland,ME,04103,1,1,3,4,1,1,13.0,0.8348,490.0,590.0,460.0,570.0,19.0,25.0,5248.0,0.262,11582.0,,19306.0,8638.0,20594.0,0.3551,0.3293,0.6832,0.4737,0.4886,14084.0,21322.0,11582.0,950.0,1160.0,SAT
161873,2102,University of Baltimore,Baltimore,MD,21201,1,1,3,4,1,2,11.0,0.8099,450.0,580.0,440.0,530.0,16.0,22.0,2856.0,0.3995,21329.0,,25951.0,8824.0,20704.0,0.4333,0.329,0.6812,0.8421,0.541,16948.0,21000.0,21329.0,890.0,1110.0,SAT
162007,2062,Bowie State University,Bowie,MD,20715,1,1,3,4,1,2,21.0,0.36,440.0,520.0,420.0,520.0,16.0,20.0,5107.0,0.1414,14974.0,,20911.0,8064.0,18653.0,0.5029,0.3962,0.7203,0.3333,0.6351,12500.0,21500.0,14974.0,860.0,1040.0,SAT
162061,1436,Capitol Technology University,Laurel,MD,20708,1,1,3,4,2,2,21.0,0.7473,480.0,580.0,460.0,590.0,19.0,24.0,421.0,0.2043,,23118.0,34708.0,24788.0,24788.0,0.3727,0.5231,0.7234,1.0,0.5463,14000.0,23250.0,23118.0,940.0,1170.0,SAT
162210,2067,Washington Adventist University,Takoma Park,MD,20912,1,1,3,4,2,2,21.0,0.6139,410.0,510.0,390.0,490.0,15.0,27.0,750.0,0.1307,,18864.0,32240.0,23400.0,23400.0,0.4479,0.372,0.7792,0.0,0.6048,25000.0,28000.0,18864.0,800.0,1000.0,SAT
162283,2068,Coppin State University,Baltimore,MD,21216,1,1,3,4,1,2,11.0,0.3651,430.0,510.0,420.0,500.0,16.0,19.0,2459.0,0.246,10675.0,,17848.0,7474.0,13622.0,0.5672,0.2448,0.6632,0.4,0.6757,17000.0,24250.0,10675.0,850.0,1010.0,SAT
162584,2072,Frostburg State University,Frostburg,MD,21532,1,1,3,4,1,2,23.0,0.7229,470.0,560.0,450.0,550.0,17.0,23.0,4486.0,0.1531,14699.0,,21220.0,8914.0,22262.0,0.3759,0.4945,0.7382,0.0,0.5872,15000.0,22331.0,14699.0,920.0,1110.0,SAT
162928,2077,Johns Hopkins University,Baltimore,MD,21218,1,1,3,4,2,2,11.0,0.1254,720.0,770.0,730.0,800.0,33.0,35.0,5663.0,0.0039,,33586.0,67603.0,52170.0,52170.0,0.1235,0.9268,0.9699,,0.3198,13500.0,15500.0,33586.0,1450.0,1570.0,SAT
163268,2105,University of Maryland-Baltimore County,Baltimore,MD,21250,1,1,3,4,1,2,21.0,0.6021,550.0,670.0,590.0,690.0,24.0,29.0,11130.0,0.144,20539.0,,24503.0,11518.0,25654.0,0.2847,0.6342,0.8833,0.65,0.4053,16500.0,21000.0,20539.0,1140.0,1360.0,SAT
163286,2103,University of Maryland-College Park,College Park,MD,20742,1,1,3,4,1,2,21.0,0.445,630.0,720.0,650.0,750.0,29.0,33.0,29273.0,0.0593,18517.0,,25701.0,10399.0,33606.0,0.1863,0.8529,0.9552,0.875,0.3275,15750.0,19000.0,18517.0,1280.0,1470.0,SAT
163295,2080,Maryland Institute College of Art,Baltimore,MD,21217,1,1,3,4,2,2,11.0,0.6161,540.0,660.0,520.0,630.0,24.0,29.0,1743.0,0.0402,,38763.0,60465.0,46990.0,46990.0,0.2101,0.7181,0.8678,,0.4997,21500.0,26980.0,38763.0,1060.0,1290.0,SAT
163338,2106,University of Maryland Eastern Shore,Princess Anne,MD,21853,1,1,3,4,1,2,31.0,0.3901,430.0,520.0,430.0,520.0,16.0,20.0,2799.0,0.0807,15860.0,,22192.0,8042.0,18048.0,0.5241,0.3824,0.6447,0.2353,0.6354,17500.0,28000.0,15860.0,860.0,1040.0,SAT
163453,2083,Morgan State University,Baltimore,MD,21251,1,1,3,4,1,2,11.0,0.6372,440.0,520.0,460.0,540.0,16.0,20.0,6426.0,0.0937,16658.0,,23774.0,7766.0,17832.0,0.5154,0.3752,0.7516,0.7222,0.6789,21500.0,30500.0,16658.0,900.0,1060.0,SAT
163462,2086,Mount St. Mary's University,Emmitsburg,MD,21727,1,1,3,4,2,2,31.0,0.6423,500.0,600.0,480.0,590.0,19.0,24.0,1785.0,0.0555,,28495.0,53535.0,40550.0,40550.0,0.2244,0.6329,0.7578,,0.6217,19500.0,26750.0,28495.0,980.0,1190.0,SAT
163578,2065,Notre Dame of Maryland University,Baltimore,MD,21210,1,1,3,4,2,2,11.0,0.714,440.0,580.0,430.0,530.0,17.0,22.0,808.0,0.3465,,15963.0,46117.0,36070.0,36070.0,0.3318,0.4307,0.8172,,0.5389,19481.0,23000.0,15963.0,870.0,1110.0,SAT
163912,2095,St. Mary's College of Maryland,St. Mary's City,MD,20686,1,1,3,4,1,2,23.0,0.8242,540.0,650.0,530.0,640.0,22.0,28.0,1544.0,0.0233,21025.0,,28952.0,14496.0,29948.0,0.1959,0.7825,0.8713,,0.6577,17750.0,21500.0,21025.0,1070.0,1290.0,SAT
163976,2092,St. John's College,Annapolis,MD,21401,1,1,3,4,2,2,21.0,0.5445,630.0,710.0,650.0,740.0,26.0,32.0,458.0,0.0,,26808.0,63423.0,51795.0,51795.0,0.1835,0.6667,0.874,,0.4894,22625.0,27000.0,26808.0,1280.0,1450.0,SAT
164076,2099,Towson University,Towson,MD,21252,1,1,3,4,1,2,13.0,0.773,535.0,610.0,520.0,600.0,21.0,25.0,19367.0,0.1192,17893.0,,23929.0,9694.0,22140.0,0.2757,0.7172,0.849,0.8,0.4873,15750.0,19302.0,17893.0,1055.0,1210.0,SAT
164173,2107,Stevenson University,Stevenson,MD,21153,1,1,3,4,2,2,41.0,0.6087,510.0,600.0,500.0,590.0,19.0,24.0,3375.0,0.133,,27542.0,47537.0,35490.0,35490.0,0.3007,0.5404,0.811,,0.607,22000.0,27000.0,27542.0,1010.0,1190.0,SAT
164270,2109,McDaniel College,Westminster,MD,21157,1,1,3,4,2,2,23.0,0.85,540.0,620.0,520.0,610.0,21.0,28.0,1562.0,0.0154,,20333.0,53446.0,41800.0,41800.0,0.3095,0.6817,0.8144,,0.6611,19500.0,26000.0,20333.0,1060.0,1230.0,SAT
164447,2114,American International College,Springfield,MA,01109,1,1,3,4,2,1,12.0,0.7183,452.0,550.0,450.0,540.0,17.0,22.0,1336.0,0.0614,,22429.0,47630.0,34470.0,34470.0,0.4809,0.4141,0.6031,0.5,0.8303,20050.0,27500.0,22429.0,902.0,1090.0,SAT
164465,2115,Amherst College,Amherst,MA,01002,1,1,3,3,2,1,21.0,0.129,700.0,770.0,700.0,790.0,32.0,34.0,1835.0,0.0,,22463.0,68986.0,54310.0,54310.0,0.2239,0.9522,0.966,,0.1828,11900.0,12896.0,22463.0,1400.0,1560.0,SAT
164580,2121,Babson College,Babson Park,MA,02457,1,1,3,4,2,1,21.0,0.2418,610.0,680.0,620.0,730.0,27.0,32.0,2342.0,0.0,,35540.0,66564.0,49664.0,49664.0,0.1428,0.9215,0.9558,,0.3491,21875.0,23250.0,35540.0,1230.0,1410.0,SAT
164614,32483,Boston Baptist College,Boston,MA,02136,1,1,3,3,2,1,11.0,0.7308,370.0,670.0,380.0,560.0,16.0,20.0,63.0,0.0952,,17963.0,24909.0,12600.0,12600.0,0.4545,0.5789,0.7143,1.0,0.5455,16624.0,26000.0,17963.0,750.0,1230.0,SAT
164632,2122,Bay Path University,Longmeadow,MA,01106,1,1,3,4,2,1,21.0,0.6286,500.0,610.0,470.0,580.0,20.0,25.0,1944.0,0.2968,,22455.0,45709.0,33557.0,33557.0,0.6313,0.5676,0.6993,,0.8817,17610.0,24000.0,22455.0,970.0,1190.0,SAT
164720,2123,Becker College,Worcester,MA,01609,1,1,3,4,2,1,12.0,0.6941,490.0,590.0,480.0,570.0,20.0,26.0,1800.0,0.1511,,32721.0,52639.0,38250.0,38250.0,0.3297,0.3846,0.731,0.25,0.68,19750.0,26000.0,32721.0,970.0,1160.0,SAT
164739,2124,Bentley University,Waltham,MA,02452,1,1,3,4,2,1,13.0,0.4415,590.0,670.0,620.0,710.0,27.0,31.0,4203.0,0.0219,,35671.0,63186.0,48000.0,48000.0,0.1312,0.9128,0.9232,,0.4841,23250.0,25000.0,35671.0,1210.0,1380.0,SAT
164924,2128,Boston College,Chestnut Hill,MA,02467,1,1,3,4,2,1,13.0,0.3241,660.0,760.0,660.0,730.0,31.0,33.0,9636.0,0.0115,,34550.0,68039.0,53346.0,53346.0,0.1189,0.9211,0.9503,0.5,0.3667,16000.0,16939.0,34550.0,1320.0,1490.0,SAT
164988,2130,Boston University,Boston,MA,02215,1,1,3,4,2,1,11.0,0.2511,640.0,720.0,660.0,760.0,29.0,32.0,16716.0,0.0219,,37065.0,67879.0,52082.0,52082.0,0.1355,0.8713,0.9313,0.5,0.3548,22500.0,25000.0,37065.0,1300.0,1480.0,SAT
165015,2133,Brandeis University,Waltham,MA,02454,1,1,3,4,2,1,13.0,0.3422,630.0,710.0,650.0,760.0,29.0,33.0,3624.0,0.0011,,31308.0,68206.0,53537.0,53537.0,0.1815,0.9005,0.9365,,0.4326,24708.0,26852.0,31308.0,1280.0,1470.0,SAT
165024,2183,Bridgewater State University,Bridgewater,MA,02325,1,1,3,4,1,1,21.0,0.8036,490.0,590.0,490.0,570.0,18.0,24.0,9390.0,0.1676,18685.0,,23109.0,10012.0,16152.0,0.3503,0.5941,0.7596,0.2051,0.7787,18500.0,24580.0,18685.0,980.0,1160.0,SAT
165529,2143,Curry College,Milton,MA,02186,1,1,3,4,2,1,21.0,0.9005,470.0,560.0,460.0,540.0,18.0,23.0,2535.0,0.1882,,29785.0,53433.0,38936.0,38936.0,0.2552,0.5248,0.679,0.0,0.6548,18871.0,26000.0,29785.0,930.0,1100.0,SAT
165644,2145,Eastern Nazarene College,Quincy,MA,02170,1,1,3,4,2,1,21.0,0.6776,470.0,580.0,470.0,580.0,18.0,23.0,693.0,0.176,,16313.0,43345.0,31780.0,31780.0,0.426,0.4938,0.6687,,0.6735,19000.0,26000.0,16313.0,940.0,1160.0,SAT
165662,2146,Emerson College,Boston,MA,02116,1,1,3,4,2,1,11.0,0.4606,620.0,700.0,580.0,660.0,26.0,30.0,3799.0,0.0134,,43965.0,62389.0,44832.0,44832.0,0.1555,0.8079,0.877,,0.5393,20500.0,23250.0,43965.0,1200.0,1360.0,SAT
165671,2147,Emmanuel College,Boston,MA,02115,1,1,3,4,2,1,11.0,0.7299,560.0,640.0,530.0,610.0,24.0,29.0,1848.0,0.0244,,30698.0,54325.0,38844.0,38844.0,0.2406,0.6582,0.7819,,0.7048,23125.0,27000.0,30698.0,1090.0,1250.0,SAT
165820,2184,Fitchburg State University,Fitchburg,MA,01420,1,1,3,4,1,1,22.0,0.8004,490.0,580.0,480.0,560.0,19.0,23.0,4040.0,0.1668,15672.0,,20849.0,10155.0,16235.0,0.3611,0.5965,0.7787,0.5,0.6785,17505.0,24000.0,15672.0,970.0,1140.0,SAT
165866,2185,Framingham State University,Framingham,MA,01701,1,1,3,4,1,1,13.0,0.6811,480.0,570.0,470.0,560.0,19.0,24.0,3963.0,0.1085,20355.0,,25001.0,9920.0,16000.0,0.3131,0.5398,0.7588,0.6,0.6113,18163.0,25000.0,20355.0,950.0,1130.0,SAT
165936,2153,Gordon College,Wenham,MA,01984,1,1,3,4,2,1,21.0,0.8889,540.0,650.0,510.0,640.0,22.0,29.0,1573.0,0.0331,,28240.0,48531.0,36740.0,36740.0,0.2185,0.7015,0.8258,0.6667,0.6023,21500.0,26901.0,28240.0,1050.0,1290.0,SAT
166027,2155,Harvard University,Cambridge,MA,02138,1,1,3,4,2,1,12.0,0.0516,730.0,790.0,730.0,800.0,32.0,35.0,7532.0,0.0779,,14327.0,66900.0,48949.0,48949.0,0.1058,0.9644,0.9831,,0.0181,12500.0,13875.0,14327.0,1460.0,1590.0,SAT
166054,2154,Hellenic College-Holy Cross Greek Orthodox School of Theology,Brookline,MA,02445,1,1,3,4,2,1,21.0,1.0,570.0,620.0,500.0,630.0,21.0,23.0,77.0,0.0,,17286.0,41282.0,22490.0,22490.0,0.2626,0.5217,0.7143,,0.6061,11938.0,18868.0,17286.0,1070.0,1250.0,SAT
166391,2158,Lasell College,Newton,MA,02466,1,1,3,4,2,1,13.0,0.8072,500.0,580.0,480.0,580.0,19.0,23.0,1696.0,0.0159,,25743.0,50223.0,34600.0,34600.0,0.3059,0.5413,0.73,1.0,0.7836,23250.0,27000.0,25743.0,980.0,1160.0,SAT
166452,2160,Lesley University,Cambridge,MA,02138,1,1,3,4,2,1,12.0,0.7261,530.0,630.0,490.0,580.0,20.0,27.0,2074.0,0.2126,,31401.0,43407.0,26675.0,26675.0,0.3023,0.5966,0.8024,0.3659,0.7241,15750.0,23131.0,31401.0,1020.0,1210.0,SAT
166513,2161,University of Massachusetts-Lowell,Lowell,MA,01854,1,1,3,4,1,1,21.0,0.6883,560.0,650.0,570.0,660.0,24.0,29.0,13284.0,0.216,19322.0,,27313.0,14800.0,31865.0,0.2605,0.6008,0.8627,0.5385,0.5456,18926.0,25000.0,19322.0,1130.0,1310.0,SAT
166629,2221,University of Massachusetts-Amherst,Amherst,MA,01003,1,1,3,4,1,1,21.0,0.5758,590.0,670.0,590.0,690.0,26.0,31.0,23010.0,0.0664,20926.0,,29172.0,15411.0,33477.0,0.225,0.7718,0.9063,0.7143,0.5658,20600.0,23250.0,20926.0,1180.0,1360.0,SAT
166638,2222,University of Massachusetts-Boston,Boston,MA,02125,1,1,3,4,1,1,11.0,0.7515,520.0,610.0,520.0,610.0,21.0,26.0,12159.0,0.2236,12292.0,,21777.0,13828.0,32985.0,0.403,0.4803,0.7753,0.6296,0.5211,16250.0,22910.0,12292.0,1040.0,1220.0,SAT
166656,2165,MCPHS University,Boston,MA,02115,1,1,3,4,2,1,11.0,0.8386,520.0,620.0,520.0,650.0,22.0,28.0,3837.0,0.0558,,37779.0,49645.0,32590.0,32590.0,0.2868,0.7384,0.8262,0.3333,0.688,24500.0,26798.0,37779.0,1040.0,1270.0,SAT
166683,2178,Massachusetts Institute of Technology,Cambridge,MA,02139,1,1,3,4,2,1,12.0,0.0717,720.0,770.0,770.0,800.0,33.0,35.0,4489.0,0.0074,,20771.0,65478.0,49892.0,49892.0,0.1713,0.9383,0.9856,,0.1352,11625.0,12500.0,20771.0,1490.0,1570.0,SAT
166692,2181,Massachusetts Maritime Academy,Buzzards Bay,MA,02532,1,1,3,4,1,1,22.0,0.8317,520.0,600.0,520.0,600.0,21.0,25.0,1627.0,0.0129,19032.0,,24937.0,8398.0,25824.0,0.1538,0.75,0.8766,,0.7561,22976.0,26647.0,19032.0,1040.0,1200.0,SAT
166939,2192,Mount Holyoke College,South Hadley,MA,01075,1,1,3,4,2,1,21.0,0.5084,640.0,713.0,630.0,750.0,29.0,33.0,2186.0,0.0156,,26239.0,61118.0,47940.0,47940.0,0.1896,0.8615,0.9139,,0.4261,18764.0,19000.0,26239.0,1270.0,1463.0,SAT
167288,2187,Massachusetts College of Liberal Arts,North Adams,MA,01247,1,1,3,4,1,1,31.0,0.7663,480.0,580.0,490.0,610.0,19.0,27.0,1364.0,0.1195,17549.0,,23106.0,10135.0,19080.0,0.4633,0.5425,0.7262,0.5,0.7465,17500.0,23889.0,17549.0,970.0,1190.0,SAT
167358,2199,Northeastern University,Boston,MA,02115,1,1,3,4,2,1,11.0,0.2744,680.0,750.0,690.0,770.0,32.0,34.0,13666.0,0.0,,29748.0,65469.0,49497.0,49497.0,0.1217,0.8713,0.9675,,0.3745,23989.0,25000.0,29748.0,1370.0,1520.0,SAT
167394,2140,College of Our Lady of the Elms,Chicopee,MA,01013,1,1,3,4,2,1,21.0,0.7949,460.0,570.0,470.0,560.0,17.0,25.0,1142.0,0.1497,,20989.0,44722.0,34578.0,34578.0,0.4461,0.5707,0.8405,0.0,0.7929,24500.0,26750.0,20989.0,930.0,1130.0,SAT
167729,2188,Salem State University,Salem,MA,01970,1,1,3,4,1,1,21.0,0.8191,490.0,590.0,490.0,560.0,19.0,25.0,6776.0,0.1476,18395.0,,23828.0,10278.0,16706.0,0.3576,0.5213,0.7717,0.0667,0.6344,19197.0,25000.0,18395.0,980.0,1150.0,SAT
167783,2208,Simmons University,Boston,MA,02115,1,1,3,4,2,1,11.0,0.6044,580.0,660.0,550.0,650.0,24.0,29.0,1708.0,0.0937,,28308.0,56238.0,39600.0,39600.0,0.2566,0.7326,0.8238,,0.6884,22000.0,25000.0,28308.0,1130.0,1310.0,SAT
167899,2211,Springfield College,Springfield,MA,01109,1,1,3,4,2,1,12.0,0.6989,510.0,610.0,510.0,610.0,25.0,28.0,2204.0,0.0109,,27637.0,49986.0,36535.0,36535.0,0.2326,0.7405,0.8688,,0.7889,22000.0,26000.0,27637.0,1020.0,1220.0,SAT
167987,2210,University of Massachusetts-Dartmouth,North Dartmouth,MA,02747,1,1,3,4,1,1,22.0,0.8427,500.0,600.0,500.0,590.0,19.0,26.0,6559.0,0.1229,18899.0,,26536.0,13571.0,28285.0,0.3753,0.4847,0.7424,,0.7038,19500.0,25763.0,18899.0,1000.0,1190.0,SAT
168005,2218,Suffolk University,Boston,MA,02108,1,1,3,4,2,1,11.0,0.8355,500.0,600.0,500.0,580.0,21.0,26.0,4952.0,0.0384,,30126.0,51164.0,37270.0,37270.0,0.2618,0.6024,0.7698,0.7143,0.5323,20500.0,27000.0,30126.0,1000.0,1180.0,SAT
168148,2219,Tufts University,Medford,MA,02155,1,1,3,4,2,1,21.0,0.1491,700.0,760.0,710.0,780.0,31.0,34.0,5492.0,0.0055,,32620.0,68051.0,54318.0,54318.0,0.1198,0.9323,0.9618,,0.2476,15500.0,16500.0,32620.0,1410.0,1540.0,SAT
168218,2224,Wellesley College,Wellesley,MA,02481,1,1,3,3,2,1,21.0,0.2208,690.0,760.0,670.0,770.0,30.0,33.0,2375.0,0.0046,,23188.0,65966.0,51148.0,51148.0,0.1797,0.8883,0.9459,,0.2728,9728.0,10600.0,23188.0,1360.0,1530.0,SAT
168227,2225,Wentworth Institute of Technology,Boston,MA,02115,1,1,3,4,2,1,11.0,0.9187,530.0,620.0,550.0,650.0,22.0,28.0,4204.0,0.0728,,36690.0,51015.0,34977.0,34977.0,0.2265,0.6745,0.8375,0.3333,0.6227,20000.0,26000.0,36690.0,1080.0,1270.0,SAT
168254,2226,Western New England University,Springfield,MA,01119,1,1,3,4,2,1,12.0,0.8071,480.0,570.0,500.0,610.0,21.0,27.0,2723.0,0.0404,,29694.0,49541.0,35740.0,35740.0,0.2621,0.592,0.7825,0.0,0.7045,19500.0,26000.0,29694.0,980.0,1180.0,SAT
168263,2189,Westfield State University,Westfield,MA,01086,1,1,3,4,1,1,21.0,0.8525,490.0,580.0,480.0,570.0,20.0,25.0,5375.0,0.1101,17773.0,,21684.0,9715.0,15795.0,0.3094,0.6504,0.7855,0.5,0.6877,16750.0,23000.0,17773.0,970.0,1150.0,SAT
168281,2227,Wheaton College,Norton,MA,02766,1,1,3,3,2,1,21.0,0.4789,590.0,680.0,560.0,670.0,26.0,30.0,1678.0,0.0024,,27875.0,63428.0,50850.0,50850.0,0.1923,0.7803,0.8788,,0.6386,23000.0,25000.0,27875.0,1150.0,1350.0,SAT
168342,2229,Williams College,Williamstown,MA,01267,1,1,3,4,2,1,31.0,0.1458,710.0,780.0,690.0,790.0,31.0,35.0,2033.0,0.0,,22667.0,68430.0,53550.0,53550.0,0.1892,0.9376,0.9783,,0.2413,11500.0,12702.0,22667.0,1400.0,1570.0,SAT
168528,2234,Adrian College,Adrian,MI,49221,1,1,3,4,2,3,32.0,0.5973,480.0,580.0,470.0,568.0,19.0,25.0,1609.0,0.0019,,27209.0,50195.0,36010.0,36010.0,0.3545,0.5249,0.6408,,0.8929,18468.0,27000.0,27209.0,950.0,1148.0,SAT
168546,2235,Albion College,Albion,MI,49224,1,1,3,3,2,3,31.0,0.706,510.0,610.0,500.0,590.0,20.0,26.0,1558.0,0.0039,,17863.0,54078.0,43050.0,43050.0,0.347,0.5688,0.791,,0.6509,16721.0,27000.0,17863.0,1010.0,1200.0,SAT
168591,2236,Alma College,Alma,MI,48801,1,1,3,3,2,3,32.0,0.64,520.0,630.0,510.0,600.0,20.0,27.0,1392.0,0.0079,,21836.0,50565.0,38768.0,38768.0,0.2915,0.676,0.7651,,0.8739,20500.0,27000.0,21836.0,1030.0,1230.0,SAT
168740,2238,Andrews University,Berrien Springs,MI,49104,1,1,3,4,2,3,31.0,0.5766,510.0,660.0,530.0,660.0,21.0,29.0,1439.0,0.0806,,21460.0,38316.0,28436.0,28436.0,0.269,0.5486,0.8818,0.625,0.4645,21453.0,26500.0,21460.0,1040.0,1320.0,SAT
168786,2239,Aquinas College,Grand Rapids,MI,49506,1,1,3,4,2,3,12.0,0.7451,520.0,620.0,500.0,600.0,21.0,27.0,1434.0,0.0823,,16927.0,40670.0,31244.0,31244.0,0.3005,0.5947,0.7432,0.0,0.5713,20500.0,26416.0,16927.0,1020.0,1220.0,SAT
169080,2241,Calvin College,Grand Rapids,MI,49546,1,1,3,4,2,3,12.0,0.8348,560.0,660.0,540.0,670.0,23.0,30.0,3656.0,0.0386,,25596.0,44630.0,33100.0,33100.0,0.2015,0.7234,0.8673,0.8,0.49,20500.0,24525.0,25596.0,1100.0,1330.0,SAT
169248,2243,Central Michigan University,Mount Pleasant,MI,48859,1,1,3,4,1,3,32.0,0.6775,510.0,610.0,500.0,590.0,20.0,27.0,17489.0,0.1153,15531.0,,23328.0,12510.0,23670.0,0.3384,0.5836,0.7687,0.475,0.7039,21250.0,27000.0,15531.0,1010.0,1200.0,SAT
169363,3842,Concordia University-Ann Arbor,Ann Arbor,MI,48105,0,2,3,4,2,3,12.0,0.4569,,,,,19.0,24.0,815.0,0.0429,,24713.0,41245.0,28420.0,28420.0,0.3337,0.2604,0.634,,0.691,19500.0,25003.0,24713.0,1003.3333333333334,1173.3333333333333,ACT_coverted
169442,6771,College for Creative Studies,Detroit,MI,48202,1,1,3,4,2,3,11.0,0.4899,500.0,620.0,470.0,580.0,21.0,27.0,1347.0,0.1811,,36313.0,54451.0,42460.0,42460.0,0.314,0.5972,0.7969,0.5385,0.6061,18635.0,27000.0,36313.0,970.0,1200.0,SAT
169716,2323,University of Detroit Mercy,Detroit,MI,48221,1,1,3,4,2,3,11.0,0.6471,520.0,610.0,520.0,620.0,22.0,27.0,2674.0,0.129,,19755.0,50915.0,41158.0,41158.0,0.2959,0.6219,0.8656,0.9091,0.5881,21000.0,23500.0,19755.0,1040.0,1230.0,SAT
169798,2259,Eastern Michigan University,Ypsilanti,MI,48197,1,1,3,4,1,3,21.0,0.4474,460.0,520.0,500.0,560.0,19.0,25.0,16536.0,0.2577,14043.0,,21840.0,12019.0,29200.0,0.4061,0.404,0.7173,0.4118,0.6724,19253.0,26000.0,14043.0,960.0,1080.0,SAT
169910,2260,Ferris State University,Big Rapids,MI,49307,1,1,3,4,1,3,32.0,0.7416,480.0,590.0,460.0,580.0,19.0,25.0,11549.0,0.2682,12949.0,,21896.0,11628.0,18588.0,0.3608,0.4491,0.789,0.5417,0.5774,16492.0,21591.0,12949.0,940.0,1170.0,SAT
169983,2262,Kettering University,Flint,MI,48504,1,1,3,4,2,3,13.0,0.7033,580.0,660.0,610.0,690.0,24.0,29.0,1850.0,0.0303,,37247.0,56267.0,42490.0,42490.0,0.2012,0.6109,0.9311,0.9091,0.573,27000.0,28726.0,37247.0,1190.0,1350.0,SAT
170037,2266,Cornerstone University,Grand Rapids,MI,49525,1,1,3,4,2,3,12.0,0.6737,470.0,590.0,450.0,570.0,19.0,25.0,1681.0,0.251,,20415.0,38419.0,27520.0,27520.0,0.3723,0.5262,0.7721,,0.7274,19654.0,25750.0,20415.0,920.0,1160.0,SAT
170082,2268,Grand Valley State University,Allendale,MI,49401,1,1,3,4,1,3,21.0,0.809,530.0,620.0,520.0,610.0,21.0,26.0,21837.0,0.1128,16975.0,,22276.0,11994.0,17064.0,0.3105,0.6526,0.8301,0.5714,0.6084,19500.0,24750.0,16975.0,1050.0,1230.0,SAT
170301,2273,Hope College,Holland,MI,49422,1,1,3,3,2,3,13.0,0.7363,550.0,660.0,540.0,660.0,24.0,29.0,3029.0,0.0053,,26175.0,43717.0,32780.0,32780.0,0.1827,0.8029,0.8809,1.0,0.5393,23250.0,26920.0,26175.0,1090.0,1320.0,SAT
170532,2275,Kalamazoo College,Kalamazoo,MI,49006,1,1,3,3,2,3,13.0,0.7338,600.0,690.0,580.0,690.0,26.0,30.0,1415.0,0.0064,,23579.0,57116.0,46840.0,46840.0,0.2141,0.8587,0.9017,,0.5114,20500.0,24500.0,23579.0,1180.0,1380.0,SAT
170639,2293,Lake Superior State University,Sault Ste Marie,MI,49783,1,1,3,3,1,3,33.0,0.5816,550.0,665.0,523.0,595.0,19.0,25.0,1912.0,0.1093,12509.0,,21898.0,11427.0,11427.0,0.3645,0.4444,0.671,0.5556,0.575,14701.0,23095.0,12509.0,1073.0,1260.0,SAT
170675,2279,Lawrence Technological University,Southfield,MI,48075,1,1,3,4,2,3,13.0,0.5964,470.0,650.0,480.0,680.0,21.0,28.0,2191.0,0.2369,,27331.0,44311.0,32190.0,32190.0,0.2195,0.5357,0.8224,0.1111,0.4506,19500.0,27000.0,27331.0,950.0,1330.0,SAT
170806,2282,Madonna University,Livonia,MI,48150,1,1,3,4,2,3,13.0,0.7433,420.0,530.0,420.0,520.0,19.0,24.0,2291.0,0.4177,,15436.0,29820.0,20700.0,20700.0,0.3203,0.6897,0.7308,0.8571,0.4846,20500.0,25000.0,15436.0,840.0,1050.0,SAT
170842,2284,Marygrove College,Detroit,MI,48221,1,1,3,4,2,3,11.0,0.4098,480.0,565.0,430.0,580.0,16.0,21.0,283.0,0.2686,,11992.0,27517.0,22750.0,22750.0,0.6273,0.3261,0.3051,0.0,0.8676,23250.0,31803.0,11992.0,910.0,1145.0,SAT
170967,2288,Rochester College,Rochester Hills,MI,48307,1,1,3,4,2,3,21.0,1.0,450.0,560.0,410.0,550.0,16.0,23.0,987.0,0.2452,,17557.0,29581.0,22312.0,22312.0,0.3658,0.4194,0.6484,0.0,0.6014,15364.0,23575.0,17557.0,860.0,1110.0,SAT
170976,2325,University of Michigan-Ann Arbor,Ann Arbor,MI,48109,1,1,3,4,1,3,12.0,0.265,660.0,730.0,670.0,770.0,30.0,33.0,29550.0,0.0349,14860.0,,28652.0,14826.0,47476.0,0.1535,0.9159,0.9712,1.0,0.2911,15459.0,16606.0,14860.0,1330.0,1500.0,SAT
171100,2290,Michigan State University,East Lansing,MI,48824,1,1,3,4,1,3,13.0,0.7155,550.0,650.0,550.0,670.0,23.0,28.0,38770.0,0.0908,18576.0,,27006.0,14460.0,39406.0,0.2181,0.7934,0.9102,0.6486,0.4295,21250.0,25000.0,18576.0,1100.0,1320.0,SAT
171128,2292,Michigan Technological University,Houghton,MI,49931,1,1,3,4,1,3,33.0,0.7449,570.0,660.0,590.0,680.0,25.0,30.0,5829.0,0.058,15481.0,,27537.0,15074.0,32318.0,0.232,0.6652,0.8324,1.0,0.5725,19500.0,25079.0,15481.0,1160.0,1340.0,SAT
171137,2326,University of Michigan-Dearborn,Dearborn,MI,48128,1,1,3,4,1,3,13.0,0.6428,530.0,640.0,530.0,650.0,22.0,28.0,6961.0,0.2681,10940.0,,19323.0,12472.0,24706.0,0.4167,0.5444,0.8098,0.7879,0.6254,17500.0,24353.0,10940.0,1060.0,1290.0,SAT
171146,2327,University of Michigan-Flint,Flint,MI,48502,1,1,3,4,1,3,13.0,0.6512,490.0,610.0,460.0,590.0,20.0,26.0,5669.0,0.3399,11577.0,,19013.0,10842.0,21165.0,0.391,0.4405,0.7736,0.4571,0.5385,19000.0,27000.0,11577.0,950.0,1200.0,SAT
171456,2301,Northern Michigan University,Marquette,MI,49855,1,1,3,4,1,3,33.0,0.7437,480.0,590.0,460.0,560.0,20.0,26.0,6635.0,0.0677,13883.0,,20692.0,10240.0,15736.0,0.3331,0.4904,0.7766,0.4,0.5956,15000.0,22250.0,13883.0,940.0,1150.0,SAT
171492,4072,Northwood University,Midland,MI,48640,1,1,3,4,2,3,13.0,0.6927,500.0,580.0,500.0,580.0,20.0,25.0,2880.0,0.384,,24587.0,38577.0,26080.0,26080.0,0.3095,0.5542,0.7329,0.4375,0.6777,18500.0,21500.0,24587.0,1000.0,1160.0,SAT
171571,2307,Oakland University,Rochester Hills,MI,48309,1,1,3,4,1,3,21.0,0.8441,510.0,620.0,500.0,610.0,21.0,27.0,15562.0,0.196,12779.0,,21262.0,11970.0,23873.0,0.2979,0.4571,0.7661,0.6364,0.5228,18500.0,25000.0,12779.0,1010.0,1230.0,SAT
171881,2311,Kuyper College,Grand Rapids,MI,49525,1,1,3,3,2,3,21.0,0.6614,510.0,580.0,490.0,570.0,19.0,26.0,180.0,0.1889,,14558.0,28255.0,21090.0,21090.0,0.3798,0.5435,0.6765,0.75,0.6298,18125.0,25000.0,14558.0,1000.0,1150.0,SAT
172051,2314,Saginaw Valley State University,University Center,MI,48710,1,1,3,4,1,3,22.0,0.7384,500.0,600.0,490.0,590.0,20.0,25.0,7498.0,0.1474,14729.0,,20061.0,9819.0,23063.0,0.3478,0.3976,0.7444,0.4545,0.5473,19500.0,26584.0,14729.0,990.0,1190.0,SAT
172334,2318,Spring Arbor University,Spring Arbor,MI,49283,1,1,3,4,2,3,23.0,0.6702,510.0,615.0,490.0,590.0,20.0,27.0,1835.0,0.248,,18730.0,38045.0,27750.0,27750.0,0.409,0.5935,0.7869,,0.7145,23900.0,25814.0,18730.0,1000.0,1205.0,SAT
172440,2322,Finlandia University,Hancock,MI,49930,1,1,3,3,2,3,33.0,0.3564,370.0,520.0,420.0,520.0,17.0,23.0,365.0,0.0822,,23410.0,34420.0,22758.0,22758.0,0.572,0.2971,0.3092,,0.785,10000.0,22327.0,23410.0,790.0,1040.0,SAT
172644,2329,Wayne State University,Detroit,MI,48202,1,1,3,4,1,3,11.0,0.6741,500.0,610.0,500.0,600.0,21.0,28.0,16768.0,0.2637,12970.0,,22771.0,12729.0,27203.0,0.4358,0.4656,0.8107,0.5579,0.5321,17250.0,22500.0,12970.0,1000.0,1210.0,SAT
172699,2330,Western Michigan University,Kalamazoo,MI,49008,1,1,3,4,1,3,13.0,0.8232,490.0,600.0,470.0,590.0,20.0,26.0,17704.0,0.1519,17259.0,,24357.0,11943.0,14699.0,0.3338,0.5082,0.7814,0.3333,0.5963,20250.0,26000.0,17259.0,960.0,1190.0,SAT
173045,2334,Augsburg University,Minneapolis,MN,55454,1,1,3,4,2,4,11.0,0.6458,483.0,630.0,475.0,610.0,19.0,24.0,2405.0,0.1563,,23316.0,49649.0,37615.0,37615.0,0.4243,0.6211,0.7691,0.0,0.7977,20834.0,26848.0,23316.0,958.0,1240.0,SAT
173124,2336,Bemidji State University,Bemidji,MN,56601,1,1,3,4,1,4,33.0,0.662,,,,,20.0,24.0,4399.0,0.2489,15464.0,,20013.0,8677.0,8677.0,0.3105,0.466,0.6868,0.6316,0.5709,12500.0,19500.0,15464.0,1040.0,1173.3333333333333,ACT_coverted
173142,2337,Bethany Lutheran College,Mankato,MN,56001,1,1,3,3,2,4,13.0,0.7912,540.0,630.0,520.0,600.0,20.0,25.0,523.0,0.0172,,17005.0,35619.0,26830.0,26830.0,0.3032,0.5185,0.8261,,0.6474,16625.0,23000.0,17005.0,1060.0,1230.0,SAT
173160,9058,Bethel University,Saint Paul,MN,55112,1,3,3,4,2,4,21.0,0.835,530.0,690.0,500.0,670.0,21.0,27.0,2777.0,0.1631,,27151.0,48485.0,36210.0,36210.0,0.2385,0.7052,0.8528,0.0,0.6333,18250.0,21500.0,27151.0,1030.0,1360.0,SAT
173258,2340,Carleton College,Northfield,MN,55057,1,1,3,3,2,4,32.0,0.212,680.0,760.0,680.0,770.0,31.0,34.0,2023.0,0.0,,27898.0,66490.0,52782.0,52782.0,0.1444,0.9419,0.9576,,0.4437,12163.0,13834.0,27898.0,1360.0,1530.0,SAT
173300,2346,Concordia College at Moorhead,Moorhead,MN,56562,1,1,3,4,2,4,22.0,0.616,505.0,655.0,550.0,650.0,22.0,28.0,1980.0,0.004,,23393.0,47672.0,38378.0,38378.0,0.1968,0.6967,0.8183,,0.6698,23000.0,27000.0,23393.0,1055.0,1305.0,SAT
173452,2361,Martin Luther College,New Ulm,MN,56073,1,1,3,4,2,4,32.0,0.7061,568.0,635.0,525.0,640.0,21.0,28.0,797.0,0.0678,,18334.0,24590.0,14680.0,14680.0,0.2631,0.6919,0.852,,0.4796,15625.0,19360.0,18334.0,1093.0,1275.0,SAT
173665,2354,Hamline University,Saint Paul,MN,55104,1,1,3,4,2,4,11.0,0.6911,505.0,640.0,510.0,620.0,20.0,26.0,2132.0,0.0272,,21103.0,48293.0,40332.0,40332.0,0.3425,0.6673,0.844,0.0,0.6772,18998.0,24000.0,21103.0,1015.0,1260.0,SAT
173902,2358,Macalester College,Saint Paul,MN,55105,1,1,3,3,2,4,11.0,0.4058,660.0,740.0,640.0,740.0,29.0,32.0,2116.0,0.0165,,26865.0,64007.0,52464.0,52464.0,0.1514,0.8724,0.9328,,0.4161,19432.0,20500.0,26865.0,1300.0,1480.0,SAT
173920,2360,Minnesota State University-Mankato,Mankato,MN,56001,1,1,3,4,1,4,13.0,0.6096,,,,,20.0,24.0,11966.0,0.1058,15615.0,,18993.0,8164.0,16216.0,0.2619,0.4768,0.7483,0.4444,0.5471,15000.0,22412.0,15615.0,1040.0,1173.3333333333333,ACT_coverted
174066,3969,University of Minnesota-Twin Cities,Minneapolis,MN,55455,1,2,3,4,1,4,11.0,0.4959,620.0,720.0,650.0,760.0,26.0,31.0,31535.0,0.0705,17396.0,,25790.0,14417.0,26603.0,0.189,0.801,0.9317,0.75,0.4033,16751.0,19500.0,17396.0,1270.0,1480.0,SAT
174075,4069,University of Minnesota-Crookston,Crookston,MN,56716,1,1,3,3,1,4,32.0,0.687,470.0,580.0,490.0,560.0,19.0,24.0,1797.0,0.3745,13461.0,,23320.0,11814.0,11814.0,0.207,0.5356,0.7065,0.375,0.3868,13854.0,19500.0,13461.0,960.0,1140.0,SAT
174127,2365,Minneapolis College of Art and Design,Minneapolis,MN,55404,1,1,3,4,2,4,11.0,0.5853,530.0,680.0,420.0,570.0,20.0,26.0,675.0,0.0163,,26763.0,47779.0,37812.0,37812.0,0.4168,0.5926,0.7975,,0.8592,20500.0,27000.0,26763.0,950.0,1250.0,SAT
174233,2388,University of Minnesota-Duluth,Duluth,MN,55812,1,1,3,4,1,4,13.0,0.7661,520.0,640.0,530.0,640.0,22.0,26.0,9199.0,0.0467,17131.0,,23913.0,13344.0,18462.0,0.2171,0.5924,0.7705,0.2667,0.5548,15750.0,22602.0,17131.0,1050.0,1280.0,SAT
174251,2389,University of Minnesota-Morris,Morris,MN,56267,1,1,3,3,1,4,33.0,0.6378,560.0,680.0,590.0,710.0,22.0,28.0,1554.0,0.0386,11051.0,,23363.0,13072.0,15092.0,0.301,0.5866,0.8027,0.0,0.4608,13000.0,18494.0,11051.0,1150.0,1390.0,SAT
174358,2367,Minnesota State University Moorhead,Moorhead,MN,56563,1,1,3,4,1,4,22.0,0.6039,430.0,550.0,500.0,630.0,20.0,25.0,4834.0,0.1496,16096.0,,20067.0,8468.0,15878.0,0.2745,0.4632,0.7442,0.3571,0.5779,15690.0,21300.0,16096.0,930.0,1180.0,SAT
174437,2369,North Central University,Minneapolis,MN,55404,1,1,3,4,2,4,11.0,0.9074,450.0,680.0,450.0,690.0,17.0,28.0,893.0,0.0258,,20688.0,33232.0,23480.0,23480.0,0.3713,0.3992,0.7294,,0.6463,18904.0,25145.0,20688.0,900.0,1370.0,SAT
174491,2371,University of Northwestern-St Paul,Saint Paul,MN,55113,1,1,3,4,2,4,21.0,0.934,505.0,630.0,465.0,605.0,21.0,27.0,1827.0,0.1336,,23249.0,41627.0,30794.0,30794.0,0.2046,0.6203,0.828,0.5625,0.462,18750.0,21500.0,23249.0,970.0,1235.0,SAT
174525,9992,Oak Hills Christian College,Bemidji,MN,56601,1,1,3,3,2,4,33.0,0.2653,,,,,4.0,13.0,94.0,0.1383,,20794.0,28317.0,17314.0,17314.0,0.5323,0.6667,0.6154,,0.6452,10500.0,25375.0,20794.0,670.0,756.6666666666666,ACT_coverted
174747,2341,College of Saint Benedict,Saint Joseph,MN,56374,1,1,3,3,2,4,22.0,0.8058,530.0,630.0,480.0,590.0,22.0,28.0,1937.0,0.0108,,25020.0,55095.0,43738.0,43738.0,0.2349,0.8171,0.8728,,0.6854,24488.0,26972.0,25020.0,1010.0,1220.0,SAT
174783,2377,Saint Cloud State University,Saint Cloud,MN,56301,1,1,3,4,1,4,13.0,0.8578,465.0,600.0,493.0,588.0,18.0,24.0,9676.0,0.1668,14633.0,,19068.0,8228.0,16462.0,0.2737,0.4434,0.6684,0.6667,0.4397,14250.0,22150.0,14633.0,958.0,1188.0,SAT
174792,2379,Saint Johns University,Collegeville,MN,56321,1,1,3,4,2,4,41.0,0.8023,490.0,590.0,480.0,600.0,22.0,27.0,1720.0,0.0099,,23977.0,53964.0,43356.0,43356.0,0.2024,0.7389,0.8785,,0.6545,23250.0,27000.0,23977.0,970.0,1190.0,SAT
174817,2380,Saint Mary's University of Minnesota,Winona,MN,55987,1,1,3,4,2,4,32.0,0.6438,500.0,600.0,460.0,610.0,20.0,25.0,1471.0,0.2413,,20210.0,43897.0,33560.0,33560.0,0.3019,0.5791,0.7739,,0.6226,17776.0,22334.0,20210.0,960.0,1210.0,SAT
174844,2382,St Olaf College,Northfield,MN,55057,1,1,3,3,2,4,32.0,0.4322,580.0,690.0,570.0,710.0,25.0,31.0,3004.0,0.0033,,24250.0,56160.0,46000.0,46000.0,0.1618,0.8823,0.9211,,0.5026,20000.0,23000.0,24250.0,1150.0,1400.0,SAT
174862,2383,Crown College,Saint Bonifacius,MN,55375,1,1,3,4,2,4,41.0,0.512,410.0,550.0,420.0,555.0,18.0,25.0,853.0,0.2356,,22764.0,37926.0,25430.0,25430.0,0.4051,0.6688,0.6623,0.3333,0.6081,18500.0,25400.0,22764.0,830.0,1105.0,SAT
174899,2343,The College of Saint Scholastica,Duluth,MN,55811,1,1,3,4,2,4,13.0,0.6825,510.0,670.0,510.0,630.0,19.0,27.0,2626.0,0.1729,,23935.0,47344.0,36212.0,36212.0,0.2964,0.6694,0.8036,0.6667,0.6706,16608.0,20262.0,23935.0,1020.0,1300.0,SAT
174914,2345,University of St Thomas,Saint Paul,MN,55105,1,1,3,4,2,4,11.0,0.8416,540.0,650.0,550.0,680.0,24.0,29.0,6085.0,0.0242,,30503.0,52586.0,41133.0,41133.0,0.172,0.7685,0.8843,1.0,0.5227,21460.0,24748.0,30503.0,1090.0,1330.0,SAT
175005,2342,St Catherine University,Saint Paul,MN,55105,1,1,3,4,2,4,11.0,0.7013,530.0,665.0,510.0,645.0,20.0,26.0,3100.0,0.3158,,19935.0,47149.0,38170.0,38170.0,0.387,0.5305,0.8073,0.5,0.7289,21000.0,26704.0,19935.0,1040.0,1310.0,SAT
175078,2375,Southwest Minnesota State University,Marshall,MN,56258,1,1,3,4,1,4,33.0,0.6163,,,,,18.0,24.0,2133.0,0.2161,14708.0,,20068.0,8610.0,8610.0,0.1166,0.4494,0.5967,0.5,0.2008,13775.0,21500.0,14708.0,966.6666666666666,1173.3333333333333,ACT_coverted
175272,2394,Winona State University,Winona,MN,55987,1,1,3,4,1,4,32.0,0.665,490.0,640.0,550.0,690.0,20.0,25.0,7308.0,0.1175,17695.0,,21547.0,9379.0,15302.0,0.2523,0.6067,0.7831,0.3333,0.6097,17000.0,23000.0,17695.0,1040.0,1330.0,SAT
175342,2396,Alcorn State University,Alcorn State,MS,39096,1,1,3,4,1,5,43.0,0.7861,420.0,550.0,400.0,590.0,17.0,22.0,3172.0,0.088,15388.0,,22357.0,6888.0,6888.0,0.7547,0.3278,0.7486,0.1818,0.7812,20037.0,31000.0,15388.0,820.0,1140.0,SAT
175430,2398,Blue Mountain College,Blue Mountain,MS,38610,1,1,3,4,2,5,42.0,0.9952,545.0,588.0,533.0,560.0,18.0,23.0,587.0,0.0954,,12140.0,20828.0,11760.0,11760.0,0.4982,0.6092,0.633,1.0,0.557,10000.0,16696.0,12140.0,1078.0,1148.0,SAT
175616,2403,Delta State University,Cleveland,MS,38733,1,1,3,4,1,5,33.0,0.8692,470.0,610.0,470.0,590.0,18.0,23.0,2360.0,0.0733,12809.0,,18668.0,6859.0,6859.0,0.4249,0.3963,0.7143,0.0,0.5501,14250.0,21462.0,12809.0,940.0,1200.0,SAT
175856,2410,Jackson State University,Jackson,MS,39217,1,1,3,4,1,5,12.0,0.7173,460.0,550.0,430.0,540.0,17.0,21.0,6467.0,0.0829,15380.0,,22397.0,7621.0,18314.0,0.6076,0.3411,0.612,0.2727,0.6855,23000.0,30500.0,15380.0,890.0,1090.0,SAT
175980,2414,Millsaps College,Jackson,MS,39210,1,1,3,4,2,5,12.0,0.4895,560.0,660.0,550.0,660.0,22.0,28.0,801.0,0.0062,,22292.0,52839.0,38930.0,38930.0,0.2373,0.6652,0.7817,,0.5946,18500.0,27000.0,22292.0,1110.0,1320.0,SAT
176017,2440,University of Mississippi,University,MS,38677,1,2,3,4,1,5,33.0,0.8391,550.0,640.0,520.0,650.0,22.0,29.0,18537.0,0.0634,13929.0,,23606.0,8300.0,23564.0,0.2488,0.6007,0.8518,0.6567,0.419,15000.0,19500.0,13929.0,1070.0,1290.0,SAT
176035,2422,Mississippi University for Women,Columbus,MS,39701,1,1,3,4,1,5,33.0,0.9802,540.0,590.0,530.0,610.0,18.0,23.0,2302.0,0.083,10684.0,,18192.0,6614.0,18155.0,0.4128,0.4382,0.5935,,0.5231,12500.0,15020.0,10684.0,1070.0,1200.0,SAT
176044,2424,Mississippi Valley State University,Itta Bena,MS,38941,1,1,3,4,1,5,33.0,0.8628,,,,,16.0,19.0,1713.0,0.0321,14488.0,,20147.0,6422.0,6422.0,0.6783,0.3,0.6128,1.0,0.7971,19000.0,31000.0,14488.0,886.6666666666666,1003.3333333333334,ACT_coverted
176053,2415,Mississippi College,Clinton,MS,39058,1,1,3,4,2,5,21.0,0.3903,550.0,660.0,520.0,630.0,22.0,29.0,3041.0,0.0839,,16693.0,30695.0,17392.0,17392.0,0.2935,0.5919,0.7719,0.6,0.4849,15000.0,24250.0,16693.0,1070.0,1290.0,SAT
176080,2423,Mississippi State University,Mississippi State,MS,39762,1,1,3,4,1,5,33.0,0.624,,,,,21.0,28.0,17723.0,0.0774,16192.0,,23483.0,8318.0,22358.0,0.3185,0.579,0.7926,0.4,0.4826,15000.0,23000.0,16192.0,1073.3333333333333,1306.6666666666667,ACT_coverted
176372,2441,University of Southern Mississippi,Hattiesburg,MS,39406,1,1,3,4,1,5,13.0,0.9843,,,,,19.0,26.0,11747.0,0.116,13178.0,,20866.0,8218.0,10218.0,0.4686,0.4674,0.7083,0.4,0.5843,15000.0,23750.0,13178.0,1003.3333333333334,1240.0,ACT_coverted
176406,2439,Tougaloo College,Tougaloo,MS,39174,1,1,3,4,2,5,12.0,0.7472,430.0,580.0,440.0,600.0,16.0,24.0,789.0,0.0292,,11623.0,20918.0,10600.0,10600.0,0.8553,0.5,0.6816,,0.8399,20000.0,34874.0,11623.0,870.0,1180.0,SAT
176479,2447,William Carey University,Hattiesburg,MS,39401,1,1,3,4,2,5,13.0,0.4882,500.0,560.0,490.0,600.0,21.0,28.0,2086.0,0.2105,,17954.0,26640.0,12300.0,12300.0,0.5064,0.5694,0.8492,1.0,0.516,16419.0,21957.0,17954.0,990.0,1160.0,SAT
176628,2449,Avila University,Kansas City,MO,64145,1,1,3,4,2,4,11.0,0.3886,460.0,530.0,480.0,510.0,19.0,23.0,1229.0,0.1448,,20887.0,37233.0,28020.0,28020.0,0.3826,0.4161,0.6897,,0.6647,18010.0,26276.0,20887.0,940.0,1040.0,SAT
176789,2450,Calvary University,Kansas City,MO,64147,1,1,3,4,2,4,11.0,0.7436,240.0,260.0,415.0,540.0,19.0,24.0,222.0,0.2793,,15650.0,19130.0,11152.0,11152.0,0.4545,0.6667,0.7391,0.8333,0.4675,12000.0,22374.0,15650.0,655.0,800.0,SAT
176910,22664,Central Christian College of the Bible,Moberly,MO,65270,1,1,3,3,2,4,32.0,0.2135,430.0,500.0,410.0,450.0,16.0,21.0,226.0,0.1814,,12254.0,24468.0,13900.0,13900.0,0.5932,0.52,0.5769,0.3333,0.8305,8077.0,19613.0,12254.0,840.0,950.0,SAT
176947,2453,Central Methodist University-College of Liberal Arts and Sciences,Fayette,MO,65248,1,1,3,3,2,4,32.0,0.9561,460.0,523.0,568.0,590.0,20.0,25.0,1059.0,0.0246,,22537.0,36760.0,23770.0,23770.0,0.3885,0.5267,0.6756,1.0,0.7322,13750.0,18500.0,22537.0,1028.0,1113.0,SAT
176965,2454,University of Central Missouri,Warrensburg,MO,64093,1,1,3,4,1,4,32.0,0.836,,,,,19.0,25.0,8589.0,0.1126,14267.0,,18309.0,7520.0,14150.0,0.3209,0.4909,0.7161,0.4444,0.5342,15250.0,22250.0,14267.0,1003.3333333333334,1206.6666666666667,ACT_coverted
177144,2460,Culver-Stockton College,Canton,MO,63435,1,1,3,4,2,4,43.0,0.5466,470.0,540.0,470.0,540.0,18.0,23.0,1029.0,0.0583,,19797.0,37459.0,26040.0,26040.0,0.38,0.4772,0.6854,,0.7202,15000.0,26000.0,19797.0,940.0,1080.0,SAT
177214,2461,Drury University,Springfield,MO,65802,1,1,3,4,2,4,12.0,0.6608,530.0,670.0,520.0,640.0,23.0,28.0,2971.0,0.2292,,19631.0,36249.0,27015.0,27015.0,0.4901,0.5451,0.8847,0.7551,0.5661,14250.0,22000.0,19631.0,1050.0,1310.0,SAT
177339,2463,Evangel University,Springfield,MO,65802,1,2,3,4,2,4,12.0,0.9935,500.0,630.0,460.0,570.0,19.0,25.0,1627.0,0.102,,21004.0,34771.0,22745.0,22745.0,0.4376,0.4817,0.7855,,0.9324,18000.0,24000.0,21004.0,960.0,1200.0,SAT
177418,2464,Fontbonne University,Saint Louis,MO,63105,1,1,3,4,2,4,21.0,0.9236,,,,,20.0,26.0,874.0,0.1339,,22163.0,37775.0,25460.0,25460.0,0.3595,0.5,0.8,,0.686,20409.0,24999.0,22163.0,1040.0,1240.0,ACT_coverted
177746,2473,Kansas City Art Institute,Kansas City,MO,64111,1,1,3,3,2,4,11.0,0.6719,550.0,660.0,470.0,620.0,20.0,27.0,659.0,0.0061,,29798.0,51509.0,37800.0,37800.0,0.4293,0.5445,0.7716,,0.7091,21000.0,27000.0,29798.0,1020.0,1280.0,SAT
177968,2480,Lindenwood University,Saint Charles,MO,63301,1,2,3,4,2,4,13.0,0.7375,380.0,520.0,480.0,610.0,20.0,25.0,6807.0,0.0903,,17548.0,29322.0,16960.0,16960.0,0.3377,0.4985,0.7341,0.3158,0.6218,21458.0,27000.0,17548.0,860.0,1130.0,SAT
178059,2482,Maryville University of Saint Louis,Saint Louis,MO,63141,1,1,3,4,2,4,21.0,0.9188,485.0,615.0,498.0,650.0,21.0,27.0,3112.0,0.2368,,23891.0,43329.0,28470.0,28470.0,0.3013,0.7156,0.8321,,0.6009,16453.0,24250.0,23891.0,983.0,1265.0,SAT
178208,2485,Midwestern Baptist Theological Seminary,Kansas City,MO,64118,1,1,3,4,2,4,11.0,0.9455,500.0,620.0,510.0,620.0,20.0,25.0,417.0,0.4436,,14686.0,16728.0,7810.0,7810.0,0.3571,0.4118,0.4,0.5,0.5567,9500.0,14932.0,14686.0,1010.0,1240.0,SAT
178244,7540,Missouri Baptist University,Saint Louis,MO,63141,1,1,3,4,2,4,21.0,0.545,430.0,560.0,470.0,540.0,18.0,23.0,1819.0,0.1666,,19599.0,36242.0,26020.0,26020.0,0.1805,0.3772,0.5899,1.0,0.2955,16375.0,22875.0,19599.0,900.0,1100.0,SAT
178341,2488,Missouri Southern State University,Joplin,MO,64801,1,1,3,4,1,4,13.0,0.9508,,,,,19.0,24.0,5426.0,0.2097,9140.0,,14467.0,6067.0,11568.0,0.4447,0.3319,0.6457,0.2364,0.4981,10100.0,18750.0,9140.0,1003.3333333333334,1173.3333333333333,ACT_coverted
178396,2516,University of Missouri-Columbia,Columbia,MO,65211,1,1,3,4,1,4,12.0,0.7809,570.0,680.0,550.0,670.0,23.0,29.0,23455.0,0.0564,18602.0,,25656.0,9787.0,26506.0,0.1891,0.6823,0.8703,0.79,0.4181,18250.0,22000.0,18602.0,1120.0,1350.0,SAT
178402,2518,University of Missouri-Kansas City,Kansas City,MO,64110,1,1,3,4,1,4,11.0,0.6415,570.0,700.0,535.0,720.0,21.0,28.0,7854.0,0.1513,14897.0,,21120.0,8011.0,19793.0,0.2438,0.4847,0.7473,0.2941,0.3617,14000.0,19500.0,14897.0,1105.0,1420.0,SAT
178411,2517,Missouri University of Science and Technology,Rolla,MO,65409,1,1,3,4,1,4,33.0,0.8351,520.0,640.0,580.0,700.0,25.0,31.0,6872.0,0.1103,14473.0,,22045.0,9246.0,25918.0,0.2473,0.6413,0.8128,0.4167,0.4981,16750.0,24750.0,14473.0,1100.0,1340.0,SAT
178420,2519,University of Missouri-St Louis,Saint Louis,MO,63121,1,1,3,4,1,4,21.0,0.7594,530.0,600.0,535.0,625.0,22.0,27.0,7362.0,0.2876,10010.0,,21397.0,9590.0,25505.0,0.2354,0.5565,0.7482,0.12,0.3163,16718.0,20750.0,10010.0,1065.0,1225.0,SAT
178615,2495,Truman State University,Kirksville,MO,63501,1,1,3,4,1,4,33.0,0.6749,605.0,705.0,580.0,715.0,24.0,30.0,5241.0,0.0282,12537.0,,20633.0,7656.0,14440.0,0.1866,0.7489,0.864,0.8,0.3977,14000.0,21168.0,12537.0,1185.0,1420.0,SAT
178624,2496,Northwest Missouri State University,Maryville,MO,64468,1,1,3,4,1,4,33.0,0.7411,470.0,555.0,520.0,625.0,20.0,25.0,5065.0,0.0586,11502.0,,18876.0,7657.0,12908.0,0.3191,0.4978,0.7324,0.2754,0.5636,14000.0,22500.0,11502.0,990.0,1180.0,SAT
178679,22027,Ozark Christian College,Joplin,MO,64801,1,1,3,3,2,4,13.0,0.4922,530.0,620.0,460.0,620.0,19.0,25.0,577.0,0.208,,14812.0,21031.0,12720.0,12720.0,0.4127,0.4901,0.713,0.0,0.5111,14500.0,20502.0,14812.0,990.0,1240.0,SAT
179043,2499,Rockhurst University,Kansas City,MO,64110,1,1,3,4,2,4,11.0,0.7246,510.0,590.0,540.0,640.0,22.0,27.0,1623.0,0.1103,,22901.0,49195.0,36590.0,36590.0,0.1327,0.7454,0.8607,1.0,0.4212,15734.0,23000.0,22901.0,1050.0,1230.0,SAT
179159,2506,Saint Louis University,Saint Louis,MO,63103,1,1,3,4,2,4,11.0,0.6443,590.0,690.0,580.0,700.0,25.0,31.0,7209.0,0.0839,,27341.0,55055.0,42166.0,42166.0,0.1219,0.7733,0.9023,0.6667,0.3009,20500.0,24988.0,27341.0,1170.0,1390.0,SAT
179256,12580,Saint Louis Christian College,Florissant,MO,63033,1,1,3,3,2,4,21.0,0.24,,,,,16.0,20.0,78.0,0.1795,,15054.0,18863.0,11610.0,11610.0,0.6018,0.24,0.2143,,0.6991,12000.0,27600.0,15054.0,886.6666666666666,1040.0,ACT_coverted
179265,2504,St. Louis College of Pharmacy,Saint Louis,MO,63110,1,1,3,4,2,4,11.0,0.7202,550.0,620.0,575.0,680.0,24.0,28.0,448.0,0.029,,30274.0,43509.0,29451.0,29451.0,0.3135,0.7056,0.8583,,0.7069,19500.0,19500.0,30274.0,1125.0,1300.0,SAT
179326,2502,Southwest Baptist University,Bolivar,MO,65613,1,1,3,4,2,4,32.0,0.732,460.0,580.0,440.0,600.0,20.0,26.0,2252.0,0.2029,,17959.0,32924.0,23358.0,23358.0,0.3892,0.4538,0.6398,0.4516,0.5129,14750.0,20717.0,17959.0,900.0,1180.0,SAT
179548,2512,Stephens College,Columbia,MO,65215,1,1,3,4,2,4,12.0,0.5311,510.0,595.0,450.0,555.0,19.0,25.0,647.0,0.1623,,23249.0,44234.0,30344.0,30344.0,0.4623,0.6087,0.6063,,0.7586,18500.0,27000.0,23249.0,960.0,1150.0,SAT
179557,2501,Southeast Missouri State University,Cape Girardeau,MO,63701,1,1,3,4,1,4,13.0,0.8455,,,,,20.0,26.0,8910.0,0.1426,12655.0,,18567.0,7185.0,12720.0,0.31,0.521,0.7519,0.422,0.4434,14000.0,22354.0,12655.0,1040.0,1240.0,ACT_coverted
179566,2503,Missouri State University-Springfield,Springfield,MO,65897,1,1,3,4,1,4,12.0,0.8404,510.0,625.0,510.0,620.0,21.0,26.0,17371.0,0.1206,15855.0,,20482.0,7306.0,14746.0,0.2913,0.5491,0.7726,0.3333,0.4722,15000.0,22688.0,15855.0,1020.0,1245.0,SAT
179867,2520,Washington University in St Louis,Saint Louis,MO,63130,1,1,3,4,2,4,21.0,0.1596,720.0,770.0,750.0,800.0,32.0,34.0,7253.0,0.032,,28540.0,69754.0,51533.0,51533.0,0.0997,0.9417,0.9671,0.9,0.1954,14781.0,16075.0,28540.0,1470.0,1570.0,SAT
179894,2521,Webster University,Saint Louis,MO,63119,1,1,3,4,2,4,21.0,0.5356,530.0,648.0,510.0,605.0,21.0,26.0,2954.0,0.2261,,22937.0,41764.0,27100.0,27100.0,0.3295,0.6356,0.7921,0.3,0.5545,17947.0,23462.0,22937.0,1040.0,1253.0,SAT
179946,2523,Westminster College,Fulton,MO,65251,1,1,3,3,2,4,32.0,0.9014,500.0,600.0,515.0,575.0,21.0,26.0,764.0,0.0092,,20402.0,38279.0,25940.0,25940.0,0.2957,0.6508,0.7342,,0.7614,18875.0,27000.0,20402.0,1015.0,1175.0,SAT
179955,2524,William Jewell College,Liberty,MO,64068,1,1,3,4,2,4,21.0,0.4763,440.0,630.0,550.0,610.0,23.0,28.0,928.0,0.0205,,21134.0,46532.0,33620.0,33620.0,0.2379,0.5926,0.7801,,0.7722,20000.0,25000.0,21134.0,990.0,1240.0,SAT
179964,2525,William Woods University,Fulton,MO,65251,1,1,3,4,2,4,32.0,0.7486,470.0,653.0,495.0,590.0,20.0,26.0,919.0,0.136,,21619.0,37412.0,23260.0,23260.0,0.2816,0.5922,0.7725,,0.5963,13834.0,20500.0,21619.0,965.0,1243.0,SAT
180106,2526,Carroll College,Helena,MT,59625,1,1,3,3,2,7,33.0,0.7781,540.0,640.0,540.0,630.0,22.0,28.0,1309.0,0.0206,,26297.0,47099.0,34480.0,34480.0,0.2094,0.7151,0.8373,1.0,0.5471,20143.0,25250.0,26297.0,1080.0,1270.0,SAT
180416,2531,Montana Technological University,Butte,MT,59701,1,2,3,4,1,7,33.0,0.9238,540.0,630.0,575.0,670.0,22.0,27.0,1640.0,0.0677,12993.0,,18433.0,7125.0,21956.0,0.2983,0.4137,0.7366,0.0,0.4133,11737.0,20000.0,12993.0,1115.0,1300.0,SAT
180461,2532,Montana State University,Bozeman,MT,59717,1,1,3,4,1,7,33.0,0.8311,550.0,650.0,540.0,650.0,21.0,28.0,14383.0,0.1448,17754.0,,19980.0,7079.0,24071.0,0.2405,0.5449,0.7614,0.5485,0.4267,13000.0,23500.0,17754.0,1090.0,1300.0,SAT
180489,2536,The University of Montana,Missoula,MT,59812,1,2,3,4,1,7,13.0,0.9264,540.0,650.0,520.0,620.0,21.0,26.0,8958.0,0.1749,15006.0,,18490.0,7063.0,24943.0,0.3375,0.458,0.6921,0.4429,0.49,14250.0,23250.0,15006.0,1060.0,1270.0,SAT
180595,2534,Rocky Mountain College,Billings,MT,59102,1,1,3,4,2,7,12.0,0.6438,450.0,590.0,460.0,560.0,20.0,25.0,884.0,0.0204,,20165.0,37687.0,27566.0,27566.0,0.326,0.5244,0.6698,1.0,0.6619,15999.0,25500.0,20165.0,910.0,1150.0,SAT
180692,2537,The University of Montana-Western,Dillon,MT,59725,1,1,3,3,1,7,33.0,0.6074,480.0,590.0,490.0,550.0,16.0,22.0,1397.0,0.126,12576.0,,16461.0,5502.0,16716.0,0.3741,0.4274,0.7723,0.75,0.4869,11700.0,21912.0,12576.0,970.0,1140.0,SAT
180832,9862,Clarkson College,Omaha,NE,68131,1,1,3,4,2,4,11.0,0.6207,,,,,21.0,24.0,678.0,0.4661,,22913.0,28645.0,16290.0,16290.0,0.3299,0.7407,0.7692,,0.6861,21000.0,25500.0,22913.0,1073.3333333333333,1173.3333333333333,ACT_coverted
180878,6399,Bryan College of Health Sciences,Lincoln,NE,68506,1,1,3,4,2,4,11.0,0.5234,,,,,20.0,25.0,552.0,0.4076,,24512.0,26646.0,15190.0,15190.0,0.3266,0.7857,0.9,0.75,0.737,23250.0,26552.0,24512.0,1040.0,1206.6666666666667,ACT_coverted
180984,2541,Concordia University-Nebraska,Seward,NE,68434,1,1,3,4,2,4,32.0,0.7495,480.0,550.0,440.0,550.0,21.0,26.0,1233.0,0.0024,,19789.0,39667.0,31000.0,31000.0,0.1873,0.6624,0.7453,,0.4515,18750.0,25927.0,19789.0,920.0,1100.0,SAT
181002,2542,Creighton University,Omaha,NE,68178,1,1,3,4,2,4,11.0,0.7201,520.0,640.0,550.0,650.0,25.0,30.0,4212.0,0.0491,,30427.0,51590.0,38750.0,38750.0,0.1418,0.806,0.8915,,0.4835,19500.0,24250.0,30427.0,1070.0,1290.0,SAT
181020,2544,Doane University-Arts & Sciences,Crete,NE,68333,1,2,3,3,2,4,32.0,0.6518,,,,,20.0,25.0,1068.0,0.0056,,24449.0,44554.0,32250.0,32250.0,0.2856,0.6276,0.7822,,0.8185,17916.0,24074.0,24449.0,1040.0,1206.6666666666667,ACT_coverted
181093,2547,Grace University,Omaha,NE,68108,1,1,3,4,2,4,11.0,0.4591,,,,,18.0,21.0,220.0,0.2909,,20041.0,33190.0,23030.0,23030.0,0.4904,0.4286,0.5143,0.5,0.6699,12249.0,16709.0,20041.0,966.6666666666666,1073.3333333333333,ACT_coverted
181127,2548,Hastings College,Hastings,NE,68901,1,1,3,4,2,4,32.0,0.6833,480.0,570.0,490.0,580.0,20.0,25.0,1082.0,0.0092,,21703.0,41063.0,29200.0,29200.0,0.2946,0.5452,0.685,,0.6414,16752.0,25231.0,21703.0,970.0,1150.0,SAT
181215,2551,University of Nebraska at Kearney,Kearney,NE,68849,1,1,3,4,1,4,32.0,0.8175,510.0,555.0,525.0,588.0,19.0,25.0,4440.0,0.1002,16644.0,,21605.0,7294.0,13194.0,0.3184,0.6133,0.7932,0.5,0.4565,12500.0,19500.0,16644.0,1035.0,1143.0,SAT
181297,6404,Nebraska Methodist College of Nursing & Allied Health,Omaha,NE,68114,1,1,3,4,2,4,11.0,0.6818,,,,,21.0,25.0,861.0,0.4959,,21159.0,26226.0,15980.0,15980.0,0.3168,0.7,0.7742,,0.7179,20000.0,25000.0,21159.0,1073.3333333333333,1206.6666666666667,ACT_coverted
181330,2553,Midland University,Fremont,NE,68025,1,1,3,4,2,4,32.0,0.643,460.0,538.0,460.0,530.0,18.0,23.0,1211.0,0.0206,,23017.0,41473.0,31630.0,31630.0,0.2894,0.4868,0.6235,,0.6289,13250.0,26433.0,23017.0,920.0,1068.0,SAT
181376,1252,Nebraska Christian College of Hope International University,Papillion,NE,68046,0,2,3,3,2,4,41.0,0.4416,390.0,450.0,490.0,590.0,17.0,21.0,146.0,0.0137,,17985.0,28800.0,16830.0,16830.0,0.4417,0.2439,0.8125,,0.5333,14858.0,25000.0,17985.0,880.0,1040.0,SAT
181394,2554,University of Nebraska at Omaha,Omaha,NE,68182,1,1,3,4,1,4,11.0,0.8653,425.0,565.0,415.0,537.0,19.0,26.0,12424.0,0.2135,13173.0,,17935.0,7630.0,20320.0,0.32,0.4708,0.7624,0.5614,0.4238,13188.0,20250.0,13173.0,840.0,1102.0,SAT
181446,2555,Nebraska Wesleyan University,Lincoln,NE,68504,1,1,3,4,2,4,11.0,0.7126,530.0,670.0,510.0,630.0,22.0,28.0,1748.0,0.1156,,23652.0,43262.0,32894.0,32894.0,0.2737,0.6518,0.7452,,0.6591,18750.0,25000.0,23652.0,1040.0,1300.0,SAT
181464,2565,University of Nebraska-Lincoln,Lincoln,NE,68588,1,2,3,4,1,4,11.0,0.6438,550.0,680.0,550.0,700.0,22.0,29.0,20954.0,0.0678,17784.0,,23278.0,8978.0,24098.0,0.2153,0.6795,0.8285,0.4444,0.4055,13919.0,21000.0,17784.0,1100.0,1380.0,SAT
181738,2563,Union College,Lincoln,NE,68506,1,1,3,4,2,4,11.0,0.5995,505.0,600.0,460.0,550.0,19.0,26.0,747.0,0.0535,,20706.0,33890.0,23070.0,23070.0,0.3668,0.539,0.8029,1.0,0.6927,19500.0,27000.0,20706.0,965.0,1150.0,SAT
181853,2567,York College,York,NE,68467,1,1,3,4,2,4,33.0,0.4849,440.0,550.0,450.0,540.0,18.0,24.0,428.0,0.0701,,15910.0,26750.0,18760.0,18760.0,0.4815,0.5378,0.5979,,0.884,14125.0,24500.0,15910.0,890.0,1090.0,SAT
182281,2569,University of Nevada-Las Vegas,Las Vegas,NV,89154,1,1,3,4,1,8,12.0,0.8107,520.0,620.0,510.0,620.0,19.0,24.0,24783.0,0.2389,10555.0,,16964.0,7665.0,21853.0,0.3576,0.4157,0.7444,0.4757,0.3493,12500.0,18750.0,10555.0,1030.0,1240.0,SAT
182290,2568,University of Nevada-Reno,Reno,NV,89557,1,1,3,4,1,8,12.0,0.8803,540.0,630.0,530.0,630.0,21.0,26.0,17930.0,0.1331,14505.0,,21142.0,7599.0,21788.0,0.2645,0.5499,0.8135,0.5,0.3664,13250.0,19500.0,14505.0,1070.0,1260.0,SAT
182458,9192,Sierra Nevada College,Incline Village,NV,89451,1,1,3,4,2,8,32.0,0.6898,460.0,560.0,450.0,580.0,19.0,24.0,433.0,0.0531,,37264.0,46757.0,32639.0,32639.0,0.3787,0.4412,0.6774,1.0,0.5146,15000.0,25000.0,37264.0,910.0,1140.0,SAT
182670,2573,Dartmouth College,Hanover,NH,03755,1,1,3,4,2,1,33.0,0.1045,710.0,770.0,720.0,790.0,30.0,34.0,4315.0,0.0002,,30421.0,69474.0,53368.0,53368.0,0.149,0.9595,0.9597,,0.2522,10342.0,12500.0,30421.0,1430.0,1560.0,SAT
183044,2589,University of New Hampshire-Main Campus,Durham,NH,03824,1,3,3,4,1,1,23.0,0.7651,540.0,630.0,530.0,630.0,23.0,28.0,12847.0,0.0169,24529.0,,31835.0,18067.0,32637.0,0.2026,0.7777,0.8628,,0.6521,23250.0,27000.0,24529.0,1070.0,1260.0,SAT
183062,2590,Keene State College,Keene,NH,03435,1,1,3,4,1,1,32.0,0.8267,480.0,580.0,450.0,560.0,18.0,24.0,3688.0,0.0214,19544.0,,26094.0,13868.0,22614.0,0.2295,0.6236,0.7118,0.0,0.7054,20500.0,26000.0,19544.0,930.0,1140.0,SAT
183071,2589,University of New Hampshire at Manchester,Manchester,NH,03101,0,3,3,3,1,1,12.0,0.6056,530.0,620.0,520.0,600.0,,,711.0,0.1927,17264.0,,20305.0,14850.0,29420.0,0.2566,0.4,0.7414,,0.5013,23250.0,27000.0,17264.0,1050.0,1220.0,SAT
183239,2587,Saint Anselm College,Manchester,NH,03102,1,1,3,3,2,1,22.0,0.7605,580.0,650.0,560.0,650.0,24.0,28.0,1956.0,0.0158,,31268.0,54867.0,40200.0,40200.0,0.1342,0.7993,0.8917,0.0,0.7202,26803.0,27000.0,31268.0,1140.0,1300.0,SAT
183275,30431,Thomas More College of Liberal Arts,Merrimack,NH,03054,1,1,3,3,2,1,22.0,1.0,630.0,700.0,500.0,610.0,,,90.0,0.0,,16900.0,32300.0,21000.0,21000.0,0.4839,0.6522,1.0,,0.7312,21250.0,25931.0,16900.0,1130.0,1310.0,SAT
183822,2597,Bloomfield College,Bloomfield,NJ,07003,1,1,3,3,2,2,21.0,0.6398,420.0,520.0,420.0,520.0,15.0,18.0,1833.0,0.0747,,19171.0,42994.0,29300.0,29300.0,0.6838,0.3198,0.6282,0.25,0.7752,17500.0,29375.0,19171.0,840.0,1040.0,SAT
183910,2598,Caldwell University,Caldwell,NJ,07006,1,1,3,4,2,2,21.0,0.6374,470.0,570.0,460.0,580.0,17.0,22.0,1596.0,0.0977,,22604.0,43930.0,33950.0,33950.0,0.427,0.6601,0.8425,,0.6836,21250.0,26604.0,22604.0,930.0,1150.0,SAT
183974,2599,Centenary University,Hackettstown,NJ,07840,1,1,3,4,2,2,21.0,0.87,450.0,560.0,440.0,540.0,19.0,24.0,1351.0,0.1702,,20810.0,46483.0,32580.0,32580.0,0.3379,0.6064,0.7806,0.1667,0.6506,19326.0,25872.0,20810.0,890.0,1100.0,SAT
184603,2607,Fairleigh Dickinson University-Metropolitan Campus,Teaneck,NJ,07666,1,2,3,4,2,2,21.0,0.8753,500.0,600.0,502.0,600.0,20.0,25.0,3391.0,0.3026,,16136.0,48038.0,39446.0,39446.0,0.2842,0.3896,0.7378,0.625,0.3848,18750.0,25000.0,16136.0,1002.0,1200.0,SAT
184612,2610,Felician University,Lodi,NJ,07644,1,1,3,4,2,2,21.0,0.7941,450.0,540.0,450.0,540.0,17.0,22.0,1616.0,0.1151,,18056.0,46674.0,33650.0,33650.0,0.5358,0.4692,0.7563,,0.7294,19791.0,25000.0,18056.0,900.0,1080.0,SAT
184694,2607,Fairleigh Dickinson University-Florham Campus,Madison,NJ,07940,0,2,3,4,2,2,21.0,0.839,520.0,620.0,519.0,610.0,21.0,26.0,2731.0,0.0352,,22466.0,54839.0,41780.0,41780.0,0.34,0.547,0.809,0.0,0.6752,18750.0,25000.0,22466.0,1039.0,1230.0,SAT
184773,2608,Georgian Court University,Lakewood,NJ,08701,1,1,3,4,2,2,13.0,0.6886,460.0,570.0,450.0,550.0,17.0,22.0,1447.0,0.0719,,24553.0,47676.0,32260.0,32260.0,0.3859,0.4774,0.724,,0.6581,18750.0,23250.0,24553.0,910.0,1120.0,SAT
184782,2609,Rowan University,Glassboro,NJ,08028,1,1,3,4,1,2,21.0,0.6942,540.0,630.0,510.0,630.0,22.0,28.0,15089.0,0.1001,23692.0,,28787.0,13422.0,21890.0,0.3162,0.6894,0.8468,0.5833,0.5898,16750.0,21125.0,23692.0,1050.0,1260.0,SAT
185129,2613,New Jersey City University,Jersey City,NJ,07305,1,1,3,4,1,2,11.0,0.9185,430.0,540.0,440.0,540.0,,,6359.0,0.1868,12659.0,,23239.0,11761.0,21051.0,0.5753,0.3289,0.7717,0.3333,0.4909,12750.0,18500.0,12659.0,870.0,1080.0,SAT
185262,2622,Kean University,Union,NJ,07083,1,1,3,4,1,2,21.0,0.8222,440.0,540.0,440.0,530.0,16.0,22.0,11761.0,0.1979,19044.0,,25015.0,12107.0,19009.0,0.4434,0.4863,0.7631,0.5,0.6159,17751.0,24000.0,19044.0,880.0,1070.0,SAT
185572,2616,Monmouth University,West Long Branch,NJ,07764,1,2,3,4,2,2,21.0,0.7394,490.0,600.0,480.0,590.0,19.0,26.0,4683.0,0.0389,,30273.0,51012.0,36732.0,36732.0,0.2785,0.7044,0.7858,,0.6614,21315.0,26500.0,30273.0,970.0,1190.0,SAT
185590,2617,Montclair State University,Montclair,NJ,07043,1,1,3,4,1,2,21.0,0.7066,500.0,580.0,490.0,570.0,,,16673.0,0.1104,18500.0,,25517.0,12455.0,20567.0,0.4174,0.6533,0.8045,0.3,0.588,18776.0,23250.0,18500.0,990.0,1150.0,SAT
185828,2621,New Jersey Institute of Technology,Newark,NJ,07102,1,1,3,4,1,2,11.0,0.6139,580.0,670.0,610.0,700.0,24.0,30.0,7489.0,0.1522,20011.0,,29851.0,16898.0,31918.0,0.3496,0.6355,0.8394,0.6522,0.4308,18000.0,23000.0,20011.0,1190.0,1370.0,SAT
186131,2627,Princeton University,Princeton,NJ,08544,1,1,3,4,2,2,21.0,0.0641,710.0,780.0,720.0,790.0,31.0,35.0,5246.0,0.0,,10027.0,64390.0,47140.0,47140.0,0.1633,0.9731,0.9801,,0.0387,8500.0,9850.0,10027.0,1430.0,1570.0,SAT
186201,9344,Ramapo College of New Jersey,Mahwah,NJ,07430,1,1,3,4,1,2,21.0,0.5736,530.0,620.0,520.0,610.0,21.0,26.0,5314.0,0.0875,21316.0,,28355.0,14080.0,23214.0,0.2477,0.7402,0.8591,,0.5278,18750.0,23079.0,21316.0,1050.0,1230.0,SAT
186283,2628,Rider University,Lawrenceville,NJ,08648,1,1,3,4,2,2,21.0,0.6712,500.0,600.0,490.0,590.0,19.0,26.0,4042.0,0.0836,,28952.0,55739.0,41310.0,41310.0,0.2904,0.6234,0.8032,0.0,0.6643,20500.0,26000.0,28952.0,990.0,1190.0,SAT
186371,2629,Rutgers University-Camden,Camden,NJ,08102,0,3,3,4,1,2,13.0,0.6933,500.0,590.0,500.0,590.0,,,5360.0,0.1709,13225.0,,25427.0,14501.0,29924.0,0.4327,0.58,0.8807,0.25,0.636,18750.0,22032.0,13225.0,1000.0,1180.0,SAT
186380,2629,Rutgers University-New Brunswick,New Brunswick,NJ,08901,1,3,3,4,1,2,13.0,0.578,590.0,680.0,600.0,720.0,,,35296.0,0.0475,20379.0,,29550.0,14638.0,30579.0,0.2935,0.8007,0.9355,0.6667,0.4973,18750.0,22032.0,20379.0,1190.0,1400.0,SAT
186399,2629,Rutgers University-Newark,Newark,NJ,07102,0,3,3,4,1,2,11.0,0.6424,500.0,580.0,510.0,590.0,,,8122.0,0.1189,13205.0,,24719.0,14085.0,30026.0,0.4995,0.6789,0.8414,0.5714,0.5023,18750.0,22032.0,13205.0,1010.0,1170.0,SAT
186432,2638,Saint Peter's University,Jersey City,NJ,07306,1,1,3,4,2,2,11.0,0.9129,470.0,560.0,460.0,550.0,17.0,23.0,2547.0,0.0671,,12382.0,44757.0,36402.0,36402.0,0.6044,0.5372,0.8179,,0.5722,17621.0,23600.0,12382.0,930.0,1110.0,SAT
186584,2632,Seton Hall University,South Orange,NJ,07079,1,1,3,4,2,2,21.0,0.7316,570.0,640.0,570.0,640.0,24.0,28.0,5717.0,0.0297,,27563.0,53433.0,40588.0,40588.0,0.2807,0.6714,0.854,1.0,0.5224,19500.0,24500.0,27563.0,1140.0,1280.0,SAT
186618,2600,College of Saint Elizabeth,Morristown,NJ,07960,1,1,3,4,2,2,21.0,0.6457,400.0,500.0,390.0,480.0,,,749.0,0.2176,,19476.0,49476.0,33131.0,33131.0,0.4993,0.4101,0.6826,,0.6343,13000.0,23000.0,19476.0,790.0,980.0,SAT
186867,2639,Stevens Institute of Technology,Hoboken,NJ,07030,1,1,3,4,2,2,21.0,0.4388,640.0,710.0,680.0,760.0,29.0,33.0,3114.0,0.0003,,36620.0,64255.0,50554.0,50554.0,0.1557,0.8301,0.9441,,0.5952,24000.0,26247.0,36620.0,1320.0,1470.0,SAT
186876,9345,Stockton University,Galloway,NJ,08205,1,1,3,4,1,2,22.0,0.8153,510.0,610.0,500.0,590.0,19.0,25.0,8242.0,0.0528,20364.0,,27603.0,13404.0,20357.0,0.3997,0.7284,0.8711,0.0,0.6944,18500.0,21250.0,20364.0,1010.0,1200.0,SAT
187134,2642,The College of New Jersey,Ewing,NJ,08628,1,1,3,4,1,2,21.0,0.4753,590.0,660.0,580.0,670.0,,,6850.0,0.0307,26670.0,,33046.0,16149.0,27578.0,0.1668,0.8658,0.9388,1.0,0.5206,20500.0,23736.0,26670.0,1170.0,1330.0,SAT
187444,2625,William Paterson University of New Jersey,Wayne,NJ,07470,1,1,3,4,1,2,21.0,0.9239,470.0,570.0,460.0,550.0,18.0,24.0,8710.0,0.1645,17064.0,,23710.0,12652.0,19654.0,0.4745,0.5516,0.7704,0.25,0.6319,17125.0,23227.0,17064.0,930.0,1120.0,SAT
187648,2651,Eastern New Mexico University-Main Campus,Portales,NM,88130,1,3,3,4,1,6,33.0,0.6045,420.0,530.0,410.0,530.0,16.0,22.0,3431.0,0.2472,8801.0,,16475.0,6013.0,11788.0,0.3322,0.3343,0.6318,0.0,0.2973,10204.0,15850.0,8801.0,830.0,1060.0,SAT
187967,2654,New Mexico Institute of Mining and Technology,Socorro,NM,87801,1,1,3,4,1,6,33.0,0.2168,590.0,690.0,600.0,700.0,23.0,29.0,1358.0,0.0471,13694.0,,20727.0,7183.0,20991.0,0.2976,0.4722,0.7409,1.0,0.4723,12325.0,19356.0,13694.0,1190.0,1390.0,SAT
187985,2663,University of New Mexico-Main Campus,Albuquerque,NM,87106,1,5,3,4,1,6,11.0,0.6704,460.0,590.0,470.0,580.0,19.0,25.0,18912.0,0.212,14315.0,,18937.0,7448.0,22038.0,0.3796,0.4868,0.7829,0.5417,0.349,13484.0,18750.0,14315.0,930.0,1170.0,SAT
188030,2657,New Mexico State University-Main Campus,Las Cruces,NM,88003,1,5,3,4,1,6,22.0,0.6384,450.0,580.0,460.0,580.0,18.0,23.0,11173.0,0.1353,8625.0,,17124.0,6461.0,21022.0,0.4136,0.4586,0.7386,0.375,0.3774,11000.0,18370.0,8625.0,910.0,1160.0,SAT
188429,2666,Adelphi University,Garden City,NY,11530,1,1,3,4,2,2,21.0,0.7312,530.0,620.0,530.0,620.0,22.0,27.0,5162.0,0.0589,,28322.0,48521.0,37170.0,37170.0,0.3226,0.6752,0.7984,0.4545,0.5841,19500.0,25000.0,28322.0,1060.0,1240.0,SAT
188526,2885,Albany College of Pharmacy and Health Sciences,Albany,NY,12208,1,1,3,4,2,2,13.0,0.7855,550.0,630.0,560.0,640.0,23.0,28.0,886.0,0.0045,,29761.0,45595.0,33621.0,33621.0,0.2494,0.7619,0.8039,1.0,0.7993,25000.0,27000.0,29761.0,1110.0,1270.0,SAT
188641,2668,Alfred University,Alfred,NY,14802,1,1,3,4,2,2,33.0,0.6273,490.0,610.0,500.0,600.0,21.0,26.0,1621.0,0.0216,,22286.0,42249.0,28114.0,28114.0,0.3752,0.5331,0.6787,,0.7576,19500.0,26000.0,22286.0,990.0,1210.0,SAT
189097,2708,Barnard College,New York,NY,10027,1,1,3,3,2,2,11.0,0.1542,660.0,760.0,650.0,740.0,30.0,33.0,2540.0,0.0118,,25007.0,68512.0,52662.0,52662.0,0.1733,0.9274,0.9544,0.8462,0.3088,16250.0,17500.0,25007.0,1310.0,1500.0,SAT
189705,2681,Canisius College,Buffalo,NY,14208,1,1,3,4,2,2,11.0,0.7819,520.0,630.0,520.0,630.0,22.0,28.0,2324.0,0.0168,,20913.0,46994.0,36454.0,36454.0,0.3098,0.6934,0.8266,,0.6952,20344.0,25000.0,20913.0,1040.0,1260.0,SAT
190044,2699,Clarkson University,Potsdam,NY,13699,1,1,3,4,2,2,33.0,0.6571,563.0,650.0,580.0,680.0,24.0,29.0,2991.0,0.004,,30563.0,63747.0,47950.0,47950.0,0.224,0.7294,0.8482,,0.7072,23000.0,26125.0,30563.0,1143.0,1330.0,SAT
190099,2701,Colgate University,Hamilton,NY,13346,1,1,3,4,2,2,32.0,0.2814,660.0,730.0,650.0,770.0,31.0,33.0,2854.0,0.0014,,23310.0,67290.0,53980.0,53980.0,0.1173,0.9123,0.9426,,0.2412,15000.0,16125.0,23310.0,1310.0,1500.0,SAT
190150,2707,Columbia University in the City of New York,New York,NY,10027,1,1,3,4,2,2,11.0,0.0661,700.0,780.0,710.0,790.0,31.0,34.0,8170.0,0.0707,,24231.0,71972.0,57208.0,57208.0,0.2211,0.9514,0.9749,0.9063,0.2256,19500.0,21979.0,24231.0,1410.0,1570.0,SAT
190248,2709,Concordia College-New York,Bronxville,NY,10708,1,1,3,4,2,2,21.0,0.7553,480.0,560.0,450.0,580.0,18.0,24.0,1086.0,0.0617,,16852.0,41105.0,31600.0,31600.0,0.3703,0.4593,0.7554,1.0,0.6372,20500.0,25199.0,16852.0,930.0,1140.0,SAT
190372,2710,Cooper Union for the Advancement of Science and Art,New York,NY,10003,1,1,3,4,2,2,11.0,0.1305,650.0,740.0,660.0,790.0,28.0,34.0,854.0,0.0094,,14981.0,59173.0,45100.0,45100.0,0.2373,0.8462,0.9633,,0.1808,13000.0,15000.0,14981.0,1310.0,1530.0,SAT
190415,2711,Cornell University,Ithaca,NY,14853,1,2,3,4,2,2,13.0,0.1267,690.0,760.0,700.0,790.0,31.0,34.0,14815.0,0.0006,,31230.0,67613.0,52853.0,52853.0,0.1552,0.9339,0.9713,1.0,0.2973,13000.0,14000.0,31230.0,1390.0,1550.0,SAT
190512,7273,CUNY Bernard M Baruch College,New York,NY,10010,1,1,3,4,1,2,11.0,0.2925,580.0,660.0,610.0,690.0,,,14903.0,0.2256,2695.0,,13510.0,7062.0,14452.0,0.4455,0.6987,0.8979,0.75,0.1123,9500.0,11500.0,2695.0,1190.0,1350.0,SAT
190549,2687,CUNY Brooklyn College,Brooklyn,NY,11210,1,1,3,4,1,2,11.0,0.4043,520.0,600.0,530.0,610.0,,,13712.0,0.222,2725.0,,13404.0,7040.0,14430.0,0.5052,0.5812,0.8152,0.9,0.1451,9176.0,11819.0,2725.0,1050.0,1210.0,SAT
190567,2688,CUNY City College,New York,NY,10031,1,1,3,4,1,2,11.0,0.4637,510.0,610.0,530.0,630.0,,,12480.0,0.1908,2540.0,,13698.0,6940.0,14330.0,0.525,0.4997,0.8593,0.7273,0.1328,9500.0,12500.0,2540.0,1040.0,1240.0,SAT
190594,2689,CUNY Hunter College,New York,NY,10065,1,1,3,4,1,2,11.0,0.4018,550.0,630.0,570.0,660.0,,,15820.0,0.2056,3170.0,,13347.0,6982.0,14372.0,0.4444,0.5192,0.8336,0.8,0.1148,9600.0,12500.0,3170.0,1120.0,1290.0,SAT
190600,2693,CUNY John Jay College of Criminal Justice,New York,NY,10019,1,1,3,4,1,2,11.0,0.3875,490.0,570.0,490.0,560.0,,,12426.0,0.1733,3843.0,,14067.0,7070.0,14460.0,0.5301,0.4745,0.7789,0.5,0.137,8560.0,10500.0,3843.0,980.0,1130.0,SAT
190637,7022,CUNY Lehman College,Bronx,NY,10468,1,1,3,4,1,2,11.0,0.35,490.0,560.0,480.0,540.0,,,10949.0,0.3436,1886.0,,13568.0,7010.0,14400.0,0.5275,0.4556,0.8318,0.6111,0.2052,8315.0,10500.0,1886.0,970.0,1100.0,SAT
190664,2690,CUNY Queens College,Queens,NY,11367,1,1,3,4,1,2,11.0,0.4273,520.0,600.0,540.0,620.0,,,15762.0,0.2326,3318.0,,13815.0,7138.0,14528.0,0.4225,0.5384,0.8383,0.7143,0.1175,9000.0,12000.0,3318.0,1060.0,1220.0,SAT
190691,4759,CUNY York College,Jamaica,NY,11451,1,1,3,4,1,2,11.0,0.4447,440.0,520.0,440.0,520.0,,,7058.0,0.295,3820.0,,13958.0,6958.0,14348.0,0.4772,0.2929,0.7073,0.6571,0.0826,7378.0,9913.0,3820.0,880.0,1040.0,SAT
190716,2712,D'Youville College,Buffalo,NY,14201,1,1,3,4,2,2,11.0,0.9667,360.0,480.0,350.0,450.0,20.0,26.0,1664.0,0.2218,,19022.0,35547.0,25870.0,25870.0,0.3508,0.5448,0.7866,0.0,0.7727,21500.0,25842.0,19022.0,710.0,930.0,SAT
190761,2713,Dominican College of Blauvelt,Orangeburg,NY,10962,1,1,3,4,2,2,21.0,0.6895,450.0,540.0,430.0,540.0,17.0,22.0,1413.0,0.1005,,19690.0,41986.0,28448.0,28448.0,0.4235,0.4318,0.7352,,0.7084,15625.0,25000.0,19690.0,880.0,1080.0,SAT
191241,2722,Fordham University,Bronx,NY,10458,1,1,3,4,2,2,11.0,0.4644,620.0,700.0,610.0,710.0,27.0,31.0,9403.0,0.0364,,35694.0,65105.0,50986.0,50986.0,0.1906,0.7946,0.9118,0.5,0.5032,22250.0,25815.0,35694.0,1230.0,1410.0,SAT
191515,2728,Hamilton College,Clinton,NY,13323,1,1,3,3,2,2,22.0,0.2422,680.0,750.0,680.0,760.0,31.0,33.0,1885.0,0.0,,24140.0,65750.0,52770.0,52770.0,0.1529,0.9418,0.9576,,0.3314,15000.0,16250.0,24140.0,1360.0,1510.0,SAT
191533,2729,Hartwick College,Oneonta,NY,13820,1,1,3,3,2,2,33.0,0.8857,460.0,540.0,460.0,560.0,21.0,26.0,1194.0,0.0134,,26136.0,55513.0,44134.0,44134.0,0.3617,0.5389,0.704,,0.7622,21500.0,27000.0,26136.0,920.0,1100.0,SAT
191630,2731,Hobart William Smith Colleges,Geneva,NY,14456,1,1,3,4,2,2,32.0,0.6392,580.0,670.0,570.0,660.0,25.0,30.0,2220.0,0.005,,35172.0,67316.0,53525.0,53525.0,0.1693,0.8088,0.8589,0.0,0.5305,25000.0,27000.0,35172.0,1150.0,1330.0,SAT
191649,2732,Hofstra University,Hempstead,NY,11549,1,1,3,4,2,2,21.0,0.6395,570.0,660.0,560.0,650.0,24.0,29.0,6783.0,0.0463,,32240.0,56910.0,43960.0,43960.0,0.2142,0.6305,0.8056,0.0,0.4989,18523.0,23990.0,32240.0,1130.0,1310.0,SAT
191676,2734,Houghton College,Houghton,NY,14744,1,1,3,4,2,2,43.0,0.9135,540.0,670.0,520.0,650.0,22.0,29.0,1026.0,0.0546,,19325.0,42059.0,31540.0,31540.0,0.3979,0.7328,0.8007,0.0,0.7804,19500.0,24954.0,19325.0,1060.0,1320.0,SAT
191931,2737,Iona College,New Rochelle,NY,10801,1,1,3,4,2,2,21.0,0.922,500.0,590.0,480.0,590.0,20.0,25.0,2989.0,0.0137,,26717.0,49876.0,37682.0,37682.0,0.3028,0.6441,0.7529,,0.5629,18500.0,26475.0,26717.0,980.0,1180.0,SAT
192192,2744,Keuka College,Keuka Park,NY,14478,1,1,3,4,2,2,32.0,0.7003,490.0,570.0,490.0,570.0,19.0,24.0,1640.0,0.2018,,25600.0,45278.0,30946.0,30946.0,0.4634,0.5736,0.6767,,0.8165,19960.0,26033.0,25600.0,980.0,1140.0,SAT
192271,7466,LIM College,New York,NY,10022,1,1,3,4,3,2,11.0,0.9293,480.0,570.0,460.0,530.0,18.0,24.0,1427.0,0.0855,,36730.0,45196.0,26395.0,26395.0,0.3149,0.4724,0.6824,0.0,0.6017,17750.0,26000.0,36730.0,940.0,1100.0,SAT
192323,2748,Le Moyne College,Syracuse,NY,13214,1,1,3,4,2,2,21.0,0.6395,540.0,620.0,540.0,620.0,22.0,27.0,2676.0,0.1039,,23130.0,46207.0,33905.0,33905.0,0.2979,0.7362,0.8362,0.0,0.6845,19500.0,24250.0,23130.0,1080.0,1240.0,SAT
192439,2751,LIU Brooklyn,Brooklyn,NY,11201,0,5,3,4,2,2,11.0,0.8426,500.0,610.0,500.0,630.0,19.0,27.0,3748.0,0.0947,,26355.0,46937.0,36978.0,36978.0,0.5144,0.352,0.6445,0.3333,0.6334,18750.0,24229.0,26355.0,1000.0,1240.0,SAT
192448,2751,Long Island University,Brookville,NY,11548,1,5,3,4,2,2,21.0,0.8269,530.0,620.0,525.0,620.0,21.0,26.0,3133.0,0.106,,28989.0,49407.0,36978.0,36978.0,0.1536,0.4732,0.7778,0.3333,0.267,18750.0,24229.0,28989.0,1055.0,1240.0,SAT
192703,2758,Manhattan College,Riverdale,NY,10471,1,1,3,4,2,2,11.0,0.7539,530.0,623.0,520.0,620.0,23.0,28.0,3664.0,0.0505,,30521.0,55316.0,41412.0,41412.0,0.2859,0.7519,0.8501,0.5,0.5826,21500.0,26000.0,30521.0,1050.0,1243.0,SAT
192864,2769,Marymount Manhattan College,New York,NY,10021,1,1,3,3,2,2,11.0,0.7953,475.0,610.0,430.0,590.0,21.0,27.0,2109.0,0.0996,,35990.0,52103.0,31950.0,31950.0,0.2431,0.4929,0.7607,0.5294,0.6467,16750.0,26000.0,35990.0,905.0,1200.0,SAT
192925,2777,Medaille College,Buffalo,NY,14214,1,1,3,4,2,2,11.0,0.7453,430.0,550.0,420.0,530.0,17.0,23.0,1476.0,0.0434,,11664.0,34977.0,28360.0,28360.0,0.5036,0.4344,0.6093,,0.6892,14250.0,25000.0,11664.0,850.0,1080.0,SAT
193292,2775,Molloy College,Rockville Centre,NY,11571,1,1,3,4,2,2,21.0,0.7603,530.0,610.0,530.0,600.0,21.0,27.0,3505.0,0.2017,,27949.0,42903.0,30310.0,30310.0,0.2941,0.7197,0.8791,0.5,0.669,23844.0,27000.0,27949.0,1060.0,1210.0,SAT
193353,2778,Mount Saint Mary College,Newburgh,NY,12550,1,1,3,4,2,2,21.0,0.9338,500.0,590.0,500.0,570.0,19.0,24.0,2030.0,0.1448,,24301.0,42763.0,29920.0,29920.0,0.321,0.5376,0.7839,0.0,0.7091,20500.0,26000.0,24301.0,1000.0,1160.0,SAT
193399,2703,College of Mount Saint Vincent,Bronx,NY,10471,1,1,3,4,2,2,11.0,0.9109,450.0,540.0,430.0,520.0,18.0,22.0,1676.0,0.0388,,16802.0,42628.0,37100.0,37100.0,0.4588,0.5399,0.7165,,0.7878,24750.0,26753.0,16802.0,880.0,1060.0,SAT
193645,2704,The College of New Rochelle,New Rochelle,NY,10805,1,1,3,4,2,2,21.0,0.6757,450.0,550.0,430.0,530.0,18.0,21.0,2521.0,0.1178,,33513.0,50641.0,36618.0,36618.0,0.7497,0.3333,0.583,0.3,0.8254,18099.0,24000.0,33513.0,880.0,1080.0,SAT
193654,20662,The New School,New York,NY,10011,1,1,3,4,2,2,11.0,0.6151,570.0,660.0,530.0,650.0,24.0,28.0,6982.0,0.1144,,40819.0,64523.0,47276.0,47276.0,0.2074,0.6733,0.8138,0.8,0.3524,17125.0,24250.0,40819.0,1100.0,1310.0,SAT
193900,2785,New York University,New York,NY,10012,1,1,3,4,2,2,11.0,0.2766,650.0,730.0,640.0,760.0,29.0,33.0,26055.0,0.0338,,40336.0,67865.0,50464.0,50464.0,0.2029,0.8354,0.9348,0.7115,0.3312,19500.0,21250.0,40336.0,1290.0,1490.0,SAT
193973,2788,Niagara University,Niagara University,NY,14109,1,1,3,4,2,2,21.0,0.842,510.0,600.0,510.0,600.0,21.0,26.0,2902.0,0.041,,19307.0,43832.0,31950.0,31950.0,0.2659,0.6762,0.8336,1.0,0.6371,21875.0,26500.0,19307.0,1020.0,1200.0,SAT
194091,2782,New York Institute of Technology,Old Westbury,NY,11568,1,1,3,4,2,2,21.0,0.7693,510.0,610.0,520.0,620.0,21.0,27.0,3619.0,0.1078,,22349.0,46971.0,35870.0,35870.0,0.4131,0.4957,0.732,0.3667,0.5214,15200.0,24000.0,22349.0,1030.0,1230.0,SAT
194161,2790,Nyack College,Nyack,NY,10960,1,1,3,4,2,2,21.0,0.984,440.0,560.0,420.0,550.0,17.0,23.0,1387.0,0.1846,,21478.0,38406.0,25350.0,25350.0,0.5651,0.4456,0.592,0.3333,0.7585,17897.0,26442.0,21478.0,860.0,1110.0,SAT
194310,2791,Pace University,New York,NY,10038,1,1,3,4,2,2,11.0,0.7956,530.0,620.0,510.0,600.0,21.0,27.0,8456.0,0.0734,,29588.0,60221.0,43986.0,43986.0,0.2768,0.5358,0.7952,0.8103,0.5159,18750.0,25000.0,29588.0,1040.0,1220.0,SAT
194578,2798,Pratt Institute-Main,Brooklyn,NY,11205,1,2,3,4,2,2,11.0,0.568,510.0,630.0,530.0,660.0,24.0,29.0,3602.0,0.0233,,43969.0,63430.0,50038.0,50038.0,0.2121,0.6629,0.8771,0.0,0.4386,20000.0,25839.0,43969.0,1040.0,1290.0,SAT
194824,2803,Rensselaer Polytechnic Institute,Troy,NY,12180,1,2,3,4,2,2,13.0,0.4317,640.0,730.0,680.0,770.0,28.0,32.0,6314.0,0.0014,,34839.0,68244.0,52305.0,52305.0,0.1703,0.8339,0.9296,,0.5507,23250.0,25500.0,34839.0,1320.0,1500.0,SAT
194958,2805,Roberts Wesleyan College,Rochester,NY,14624,1,1,3,4,2,2,21.0,0.6887,520.0,620.0,520.0,610.0,21.0,27.0,1297.0,0.0378,,23304.0,42610.0,30686.0,30686.0,0.0608,0.5975,0.8186,0.0,0.1277,19500.0,22754.0,23304.0,1040.0,1230.0,SAT
195003,2806,Rochester Institute of Technology,Rochester,NY,14623,1,1,3,4,2,2,21.0,0.5672,590.0,680.0,600.0,700.0,26.0,32.0,12858.0,0.0329,,29895.0,52423.0,40068.0,40068.0,0.2894,0.673,0.9026,1.0,0.6169,23000.0,27000.0,29895.0,1190.0,1380.0,SAT
195030,2894,University of Rochester,Rochester,NY,14627,1,1,3,4,2,2,12.0,0.3421,640.0,720.0,660.0,770.0,29.0,33.0,6320.0,0.0147,,30480.0,67722.0,52020.0,52020.0,0.1782,0.8525,0.9685,,0.4544,19000.0,20000.0,30480.0,1300.0,1490.0,SAT
195164,2817,St Bonaventure University,Saint Bonaventure,NY,14778,1,1,3,4,2,2,33.0,0.7053,510.0,610.0,510.0,610.0,21.0,27.0,1592.0,0.0082,,26071.0,45824.0,33331.0,33331.0,0.2645,0.6871,0.8426,1.0,0.6653,23250.0,26718.0,26071.0,1020.0,1220.0,SAT
195173,2820,St Francis College,Brooklyn Heights,NY,11201,1,1,3,4,2,2,11.0,0.6321,480.0,570.0,470.0,550.0,20.0,24.0,2267.0,0.0754,,9560.0,30444.0,26188.0,26188.0,0.4339,0.4714,0.7371,0.0,0.5088,17750.0,25143.0,9560.0,950.0,1120.0,SAT
195216,2829,St Lawrence University,Canton,NY,13617,1,1,3,4,2,2,33.0,0.4833,605.0,685.0,600.0,680.0,26.0,30.0,2373.0,0.0013,,27691.0,66040.0,52990.0,52990.0,0.1808,0.854,0.9204,,0.5177,23250.0,26000.0,27691.0,1205.0,1365.0,SAT
195243,2832,St. Thomas Aquinas College,Sparkill,NY,10976,1,1,3,4,2,2,21.0,0.7799,440.0,560.0,440.0,550.0,17.0,23.0,1114.0,0.0494,,21106.0,43572.0,30750.0,30750.0,0.2445,0.543,0.7362,,0.421,18741.0,23100.0,21106.0,880.0,1110.0,SAT
195304,2813,Sarah Lawrence College,Bronxville,NY,10708,1,1,3,4,2,2,21.0,0.5319,650.0,730.0,590.0,680.0,27.0,31.0,1355.0,0.0103,,33358.0,68234.0,54010.0,54010.0,0.169,0.7941,0.8196,,0.3373,13625.0,17000.0,33358.0,1240.0,1410.0,SAT
195526,2814,Skidmore College,Saratoga Springs,NY,12866,1,1,3,4,2,2,23.0,0.2452,610.0,700.0,595.0,700.0,27.0,31.0,2659.0,0.0113,,27410.0,67000.0,52596.0,52596.0,0.1313,0.8703,0.93,,0.2951,19500.0,21000.0,27410.0,1205.0,1400.0,SAT
195544,2825,St. Joseph's College-New York,Brooklyn,NY,11205,1,2,3,4,2,2,11.0,0.6768,440.0,530.0,428.0,530.0,18.0,22.0,924.0,0.1374,,15665.0,30919.0,26550.0,26550.0,0.4218,0.7122,0.8154,1.0,0.5264,15000.0,19500.0,15665.0,868.0,1060.0,SAT
195562,2825,St. Joseph's College-Long Island,Patchogue,NY,11772,0,2,3,4,2,2,21.0,0.7077,510.0,580.0,520.0,600.0,22.0,25.0,3037.0,0.1396,,17962.0,31248.0,26560.0,26560.0,0.2901,0.7185,0.8034,0.3571,0.5951,15000.0,19500.0,17962.0,1030.0,1180.0,SAT
195720,2821,Saint John Fisher College,Rochester,NY,14618,1,1,3,4,2,2,21.0,0.6453,530.0,610.0,530.0,620.0,22.0,26.0,2724.0,0.0404,,27023.0,45299.0,33120.0,33120.0,0.2931,0.7409,0.8455,,0.7307,20000.0,23501.0,27023.0,1060.0,1230.0,SAT
195809,2823,St John's University-New York,Queens,NY,11439,1,1,3,4,2,2,11.0,0.6773,540.0,620.0,520.0,630.0,22.0,29.0,11756.0,0.0216,,25747.0,51401.0,40520.0,40520.0,0.2805,0.5792,0.8349,0.3333,0.4216,19000.0,25000.0,25747.0,1060.0,1250.0,SAT
196015,2855,SUNY College of Technology at Canton,Canton,NY,13617,1,1,3,3,1,2,33.0,0.7859,450.0,540.0,430.0,540.0,17.0,22.0,3067.0,0.1337,13417.0,,21263.0,8130.0,12320.0,0.5644,0.3598,0.765,,0.7204,12500.0,20000.0,13417.0,880.0,1080.0,SAT
196033,2856,SUNY College of Agriculture and Technology at Cobleskill,Cobleskill,NY,12043,1,1,3,3,1,2,32.0,0.9427,440.0,540.0,430.0,530.0,17.0,22.0,2270.0,0.0419,15641.0,,23712.0,8139.0,17789.0,0.516,0.4433,0.7303,,0.6791,10878.0,16250.0,15641.0,870.0,1070.0,SAT
196042,2858,Farmingdale State College,Farmingdale,NY,11735,1,1,3,3,1,2,21.0,0.5903,490.0,570.0,490.0,570.0,19.0,23.0,9005.0,0.1877,9443.0,,15794.0,8076.0,17726.0,0.3056,0.5223,0.8285,0.5,0.3134,11500.0,15700.0,9443.0,980.0,1140.0,SAT
196060,2835,SUNY at Albany,Albany,NY,12222,1,1,3,4,1,2,13.0,0.5401,550.0,650.0,530.0,610.0,22.0,26.0,13320.0,0.0463,18093.0,,24742.0,9490.0,24370.0,0.4073,0.6503,0.8328,0.25,0.5868,15250.0,19537.0,18093.0,1080.0,1260.0,SAT
196079,2836,Binghamton University,Vestal,NY,13850,1,1,3,4,1,2,22.0,0.4036,640.0,711.0,650.0,720.0,28.0,31.0,13702.0,0.0262,18378.0,,24725.0,9523.0,24403.0,0.2779,0.8231,0.9095,0.8806,0.665,16750.0,19500.0,18378.0,1290.0,1431.0,SAT
196088,2837,University at Buffalo,Buffalo,NY,14260,1,1,3,4,1,2,21.0,0.5734,520.0,610.0,560.0,650.0,24.0,28.0,20735.0,0.0684,17469.0,,24198.0,9828.0,27068.0,0.313,0.7528,0.8711,0.8095,0.4724,14851.0,19500.0,17469.0,1080.0,1260.0,SAT
196097,2838,Stony Brook University,Stony Brook,NY,11794,1,1,3,4,1,2,21.0,0.4219,590.0,680.0,620.0,730.0,26.0,31.0,17215.0,0.0651,13770.0,,23915.0,9257.0,26767.0,0.3203,0.7181,0.898,0.6667,0.3966,15938.0,19000.0,13770.0,1210.0,1410.0,SAT
196103,2851,SUNY College of Environmental Science and Forestry,Syracuse,NY,13210,1,1,3,4,1,2,12.0,0.5215,580.0,650.0,570.0,650.0,24.0,28.0,1790.0,0.0296,17923.0,,25297.0,8543.0,18193.0,0.2564,0.784,0.8466,,0.5231,14000.0,18000.0,17923.0,1150.0,1300.0,SAT
196112,11678,SUNY Polytechnic Institute,Utica,NY,13502,1,1,3,4,1,2,22.0,0.6247,470.0,650.0,530.0,640.0,20.0,28.0,2052.0,0.0984,14878.0,,22265.0,7998.0,17648.0,0.3744,0.5152,0.8019,,0.7469,13000.0,16250.0,14878.0,1000.0,1290.0,SAT
196121,2841,SUNY College at Brockport,Brockport,NY,14420,1,1,3,4,1,2,31.0,0.5318,500.0,590.0,500.0,590.0,20.0,25.0,7134.0,0.1004,16211.0,,22296.0,8154.0,17804.0,0.4127,0.659,0.7812,0.0,0.6963,15415.0,20500.0,16211.0,1000.0,1180.0,SAT
196130,2842,SUNY Buffalo State,Buffalo,NY,14222,1,1,3,4,1,2,11.0,0.5756,450.0,540.0,430.0,530.0,,,8395.0,0.0901,13111.0,,21312.0,7976.0,17626.0,0.5377,0.4738,0.6621,0.3333,0.8178,13250.0,21015.0,13111.0,880.0,1070.0,SAT
196149,2843,SUNY Cortland,Cortland,NY,13045,1,1,3,4,1,2,32.0,0.4793,520.0,600.0,530.0,600.0,22.0,25.0,6333.0,0.0218,19562.0,,24199.0,8300.0,17950.0,0.2944,0.7102,0.7989,,0.8016,17500.0,21500.0,19562.0,1050.0,1200.0,SAT
196158,2844,SUNY at Fredonia,Fredonia,NY,14063,1,1,3,4,1,2,32.0,0.6491,500.0,600.0,480.0,590.0,21.0,26.0,4366.0,0.0199,16074.0,,22841.0,8286.0,17936.0,0.3881,0.6311,0.7806,1.0,0.7176,18500.0,25000.0,16074.0,980.0,1190.0,SAT
196167,2845,SUNY College at Geneseo,Geneseo,NY,14454,1,1,3,4,1,2,32.0,0.7236,570.0,650.0,550.0,650.0,24.0,29.0,5522.0,0.0185,18879.0,,23769.0,8408.0,18026.0,0.2524,0.7736,0.862,0.6,0.7278,16979.0,20547.0,18879.0,1120.0,1300.0,SAT
196176,2846,State University of New York at New Paltz,New Paltz,NY,12561,1,1,3,4,1,2,21.0,0.443,560.0,640.0,540.0,620.0,23.0,28.0,6616.0,0.0577,16192.0,,22972.0,7775.0,17625.0,0.3271,0.7229,0.8648,1.0,0.7228,15508.0,18750.0,16192.0,1100.0,1260.0,SAT
196185,2847,SUNY Oneonta,Oneonta,NY,13820,1,1,3,4,1,2,33.0,0.5952,520.0,600.0,520.0,590.0,21.0,25.0,5923.0,0.0164,17513.0,,23348.0,8166.0,17816.0,0.3222,0.709,0.8485,,0.7913,17330.0,20500.0,17513.0,1040.0,1190.0,SAT
196194,2848,SUNY College at Oswego,Oswego,NY,13126,1,1,3,4,1,2,32.0,0.5365,545.0,610.0,530.0,615.0,22.0,27.0,7090.0,0.0358,15959.0,,23177.0,8191.0,17841.0,0.4217,0.6567,0.7819,1.0,0.818,16771.0,21559.0,15959.0,1075.0,1225.0,SAT
196219,6791,SUNY at Purchase College,Purchase,NY,10577,1,1,3,4,1,2,21.0,0.7401,530.0,630.0,490.0,570.0,20.0,26.0,3968.0,0.0675,19205.0,,25763.0,8498.0,18148.0,0.3481,0.6651,0.8347,0.3333,0.7321,17829.0,21500.0,19205.0,1020.0,1200.0,SAT
196237,7109,SUNY College at Old Westbury,Old Westbury,NY,11568,1,1,3,4,1,2,21.0,0.7822,480.0,550.0,470.0,550.0,19.0,23.0,4481.0,0.1062,11289.0,,19529.0,7883.0,17533.0,0.4877,0.4787,0.7988,0.75,0.4955,13000.0,16844.0,11289.0,950.0,1100.0,SAT
196246,2849,SUNY College at Plattsburgh,Plattsburgh,NY,12901,1,1,3,4,1,2,32.0,0.529,530.0,600.0,520.0,590.0,21.0,25.0,5272.0,0.0744,14022.0,,23333.0,8148.0,17798.0,0.3756,0.6257,0.8224,1.0,0.6171,15857.0,21324.0,14022.0,1050.0,1190.0,SAT
196291,2853,SUNY Maritime College,Throggs Neck,NY,10465,1,1,3,4,1,2,11.0,0.695,550.0,623.0,550.0,630.0,22.0,26.0,1633.0,0.0349,18413.0,,24388.0,8074.0,17724.0,0.2318,0.6267,0.852,,0.7015,20000.0,23500.0,18413.0,1100.0,1253.0,SAT
196413,2882,Syracuse University,Syracuse,NY,13244,1,1,3,4,2,2,12.0,0.4688,580.0,670.0,580.0,680.0,25.0,30.0,14788.0,0.0299,,34173.0,63195.0,46755.0,46755.0,0.2137,0.8272,0.9149,0.875,0.4867,25000.0,27000.0,34173.0,1160.0,1350.0,SAT
197027,2892,United States Merchant Marine Academy,Kings Point,NY,11024,1,1,3,4,1,0,21.0,0.2216,580.0,620.0,630.0,660.0,26.0,28.0,954.0,0.0,6796.0,,8467.0,1020.0,1020.0,0.0763,0.8051,0.917,,0.104,10983.0,12000.0,6796.0,1210.0,1280.0,SAT
197133,2895,Vassar College,Poughkeepsie,NY,12604,1,1,3,3,2,2,21.0,0.2378,670.0,750.0,660.0,750.0,30.0,33.0,2323.0,0.0026,,24227.0,68280.0,55210.0,55210.0,0.2376,0.9073,0.9574,1.0,0.4031,17000.0,17695.0,24227.0,1330.0,1500.0,SAT
197151,7468,School of Visual Arts,New York,NY,10010,1,1,3,4,3,2,11.0,0.7236,520.0,620.0,500.0,610.0,21.0,27.0,3559.0,0.0332,,43387.0,56332.0,38000.0,38000.0,0.2064,0.6407,0.8652,0.5,0.3659,22625.0,27000.0,43387.0,1020.0,1230.0,SAT
197708,2903,Yeshiva University,New York,NY,10033,1,1,3,4,2,2,11.0,0.6282,600.0,710.0,560.0,710.0,23.0,29.0,2703.0,0.0211,,36306.0,58845.0,42000.0,42000.0,0.1639,0.8163,0.9023,1.0,0.2531,14500.0,18250.0,36306.0,1160.0,1420.0,SAT
197869,2906,Appalachian State University,Boone,NC,28608,1,1,3,4,1,5,32.0,0.7,560.0,640.0,540.0,630.0,23.0,27.0,16888.0,0.0522,13691.0,,18920.0,7302.0,22109.0,0.2845,0.7344,0.888,0.0,0.4818,15647.0,20192.0,13691.0,1100.0,1270.0,SAT
197911,2908,Barton College,Wilson,NC,27893,1,1,3,4,2,5,31.0,0.3891,480.0,570.0,470.0,570.0,18.0,23.0,877.0,0.0536,,23472.0,43008.0,29998.0,29998.0,0.5081,0.5256,0.6292,,0.7753,18625.0,26313.0,23472.0,950.0,1140.0,SAT
197984,2910,Belmont Abbey College,Belmont,NC,28012,1,1,3,3,2,5,22.0,0.9919,490.0,560.0,490.0,590.0,18.0,24.0,1501.0,0.0819,,22514.0,32203.0,18500.0,18500.0,0.4038,0.4292,0.6425,,0.719,16000.0,25000.0,22514.0,980.0,1150.0,SAT
197993,2911,Bennett College,Greensboro,NC,27401,1,1,3,3,2,5,11.0,0.8893,400.0,480.0,380.0,450.0,14.0,17.0,409.0,0.022,,23018.0,33170.0,18513.0,18513.0,0.6751,0.3671,0.4435,0.3333,0.7785,13500.0,34500.0,23018.0,780.0,930.0,SAT
198136,2913,Campbell University,Buies Creek,NC,27506,1,1,3,4,2,5,31.0,0.8058,500.0,600.0,510.0,590.0,20.0,25.0,4328.0,0.1615,,24446.0,45558.0,31190.0,31190.0,0.3724,0.5168,0.7177,0.15,0.7632,14750.0,22000.0,24446.0,1010.0,1190.0,SAT
198215,2914,Catawba College,Salisbury,NC,28144,1,1,3,4,2,5,22.0,0.424,460.0,520.0,470.0,580.0,18.0,23.0,1321.0,0.0401,,19807.0,42897.0,29920.0,29920.0,0.4086,0.4332,0.7192,,0.7263,17000.0,24022.0,19807.0,930.0,1100.0,SAT
198303,2916,Chowan University,Murfreesboro,NC,27855,1,1,3,4,2,5,32.0,0.6004,390.0,480.0,390.0,475.0,14.0,17.0,1494.0,0.0361,,17199.0,34858.0,24480.0,24480.0,0.7443,0.2595,0.4617,,0.8977,10500.0,35579.0,17199.0,780.0,955.0,SAT
198385,2918,Davidson College,Davidson,NC,28035,1,1,3,3,2,5,21.0,0.2024,660.0,740.0,650.0,730.0,30.0,33.0,1800.0,0.0,,21206.0,64698.0,49949.0,49949.0,0.1531,0.9078,0.9513,,0.2283,16947.0,18519.0,21206.0,1310.0,1470.0,SAT
198419,2920,Duke University,Durham,NC,27708,1,1,3,4,2,5,11.0,0.0986,670.0,750.0,710.0,790.0,31.0,35.0,6552.0,0.0024,,36415.0,69847.0,53500.0,53500.0,0.1235,0.9535,0.9745,,0.3556,10500.0,11500.0,36415.0,1380.0,1540.0,SAT
198464,2923,East Carolina University,Greenville,NC,27858,1,1,3,4,1,5,13.0,0.7902,520.0,590.0,510.0,590.0,20.0,24.0,22598.0,0.1168,15415.0,,21102.0,7143.0,23420.0,0.3353,0.6214,0.8283,0.74,0.5527,18250.0,24250.0,15415.0,1030.0,1180.0,SAT
198507,2926,Elizabeth City State University,Elizabeth City,NC,27909,1,1,3,4,1,5,32.0,0.5981,430.0,500.0,430.0,490.0,16.0,20.0,1301.0,0.0984,2060.0,,13139.0,4986.0,18130.0,0.7069,0.3798,0.7426,0.0,0.713,20500.0,26590.0,2060.0,860.0,990.0,SAT
198516,2927,Elon University,Elon,NC,27244,1,1,3,4,2,5,22.0,0.6653,580.0,670.0,560.0,660.0,25.0,29.0,6045.0,0.0265,,34459.0,47688.0,34273.0,34273.0,0.0841,0.8377,0.8931,,0.2831,19500.0,21500.0,34459.0,1140.0,1330.0,SAT
198543,2928,Fayetteville State University,Fayetteville,NC,28301,1,1,3,4,1,5,12.0,0.6756,440.0,510.0,430.0,510.0,17.0,20.0,4817.0,0.2269,5824.0,,15463.0,5183.0,16791.0,0.5832,0.3292,0.7781,0.2857,0.6193,17812.0,24330.0,5824.0,870.0,1020.0,SAT
198561,2929,Gardner-Webb University,Boiling Springs,NC,28017,1,1,3,4,2,5,32.0,0.527,500.0,610.0,500.0,590.0,19.0,25.0,2210.0,0.1941,,21154.0,42768.0,30700.0,30700.0,0.4119,0.4912,0.7117,,0.649,17000.0,24023.0,21154.0,1000.0,1200.0,SAT
198598,2930,Greensboro College,Greensboro,NC,27401,1,1,3,4,2,5,11.0,0.4069,470.0,570.0,460.0,570.0,17.0,22.0,821.0,0.0792,,30811.0,40297.0,29120.0,29120.0,0.4598,0.1636,0.398,,0.7822,12500.0,25000.0,30811.0,930.0,1140.0,SAT
198695,2933,High Point University,High Point,NC,27268,1,1,3,4,2,5,12.0,0.8066,530.0,620.0,520.0,620.0,21.0,27.0,4407.0,0.0073,,38741.0,49295.0,34005.0,34005.0,0.0961,0.634,0.7935,,0.4114,19000.0,26000.0,38741.0,1050.0,1240.0,SAT
198747,2935,John Wesley University,High Point,NC,27265,1,1,3,4,2,5,12.0,0.4464,450.0,590.0,420.0,590.0,17.0,23.0,134.0,0.097,,18737.0,25103.0,11230.0,11230.0,0.5433,0.25,0.6667,,0.7638,12000.0,29750.0,18737.0,870.0,1180.0,SAT
198756,2936,Johnson C Smith University,Charlotte,NC,28216,1,1,3,4,2,5,11.0,0.381,370.0,490.0,378.0,470.0,14.0,19.0,1392.0,0.046,,19820.0,31909.0,18236.0,18236.0,0.7308,0.4355,0.6944,0.0,0.8575,19305.0,31000.0,19820.0,748.0,960.0,SAT
198835,2941,Lenoir-Rhyne University,Hickory,NC,28601,1,1,3,4,2,5,13.0,0.739,480.0,580.0,490.0,590.0,,,1573.0,0.0954,,18861.0,46530.0,35350.0,35350.0,0.3953,0.4325,0.7267,0.7407,0.6304,15952.0,26605.0,18861.0,970.0,1170.0,SAT
198862,2942,Livingstone College,Salisbury,NC,28144,1,1,3,3,2,5,22.0,0.3724,380.0,460.0,375.0,460.0,13.0,16.0,1143.0,0.0087,,17367.0,27660.0,17763.0,17763.0,0.8357,0.2625,0.4158,,0.9328,14250.0,35000.0,17367.0,755.0,920.0,SAT
198899,2944,Mars Hill University,Mars Hill,NC,28754,1,1,3,4,2,5,21.0,0.5822,460.0,550.0,460.0,550.0,17.0,22.0,1255.0,0.0446,,17078.0,41405.0,31804.0,31804.0,0.5616,0.3138,0.5863,0.5,0.8118,14250.0,27000.0,17078.0,920.0,1100.0,SAT
198950,2945,Meredith College,Raleigh,NC,27607,1,1,3,4,2,5,11.0,0.6891,510.0,610.0,490.0,585.0,20.0,25.0,1638.0,0.025,,24545.0,46391.0,35916.0,35916.0,0.3056,0.6297,0.8009,1.0,0.6362,19500.0,26000.0,24545.0,1000.0,1195.0,SAT
198969,2946,Methodist University,Fayetteville,NC,28311,1,1,3,4,2,5,12.0,0.572,480.0,580.0,480.0,570.0,18.0,23.0,1908.0,0.0844,,31129.0,52467.0,32860.0,32860.0,0.3854,0.3138,0.5738,0.1818,0.5592,12000.0,27000.0,31129.0,960.0,1150.0,SAT
199032,2948,Montreat College,Montreat,NC,28757,1,1,3,4,2,5,21.0,0.6515,470.0,580.0,450.0,570.0,17.0,24.0,695.0,0.2187,,19720.0,37101.0,25730.0,25730.0,0.4543,0.3171,0.6159,0.0,0.6828,14719.0,27000.0,19720.0,920.0,1150.0,SAT
199069,2949,University of Mount Olive,Mount Olive,NC,28365,1,1,3,4,2,5,31.0,0.491,430.0,538.0,440.0,528.0,17.0,22.0,3061.0,0.5211,,14909.0,28764.0,19700.0,19700.0,0.5012,0.4208,0.68,0.3889,0.7363,19474.0,27841.0,14909.0,870.0,1066.0,SAT
199102,2905,North Carolina A & T State University,Greensboro,NC,27411,1,1,3,4,1,5,11.0,0.6223,470.0,550.0,460.0,540.0,17.0,22.0,10011.0,0.0747,11743.0,,19243.0,6526.0,19416.0,0.5967,0.4274,0.7859,0.75,0.7727,21002.0,28360.0,11743.0,930.0,1090.0,SAT
199111,2907,University of North Carolina at Asheville,Asheville,NC,28804,1,1,3,4,1,5,13.0,0.8039,550.0,650.0,530.0,610.0,22.0,28.0,3496.0,0.0844,12799.0,,19086.0,7145.0,23868.0,0.3278,0.6164,0.7466,0.5,0.4726,14000.0,20888.0,12799.0,1080.0,1260.0,SAT
199120,2974,University of North Carolina at Chapel Hill,Chapel Hill,NC,27599,1,1,3,4,1,5,13.0,0.244,640.0,720.0,630.0,740.0,28.0,33.0,18658.0,0.0205,14163.0,,24872.0,9005.0,34588.0,0.2163,0.9087,0.9647,1.0,0.3049,14786.0,16118.0,14163.0,1270.0,1460.0,SAT
199139,2975,University of North Carolina at Charlotte,Charlotte,NC,28223,1,1,3,4,1,5,11.0,0.6584,560.0,630.0,550.0,640.0,22.0,26.0,23622.0,0.1283,16286.0,,21882.0,6832.0,20266.0,0.3731,0.5398,0.8328,0.5714,0.5473,17000.0,23000.0,16286.0,1110.0,1270.0,SAT
199148,2976,University of North Carolina at Greensboro,Greensboro,NC,27402,1,1,3,4,1,5,11.0,0.7804,520.0,600.0,510.0,580.0,20.0,25.0,15988.0,0.1255,12226.0,,19276.0,7250.0,22409.0,0.4662,0.5429,0.7752,0.25,0.603,15150.0,22586.0,12226.0,1030.0,1180.0,SAT
199157,2950,North Carolina Central University,Durham,NC,27707,1,1,3,4,1,5,11.0,0.8281,450.0,520.0,450.0,510.0,17.0,20.0,5939.0,0.1116,13474.0,,21298.0,6399.0,19106.0,0.6419,0.4389,0.773,0.5,0.7878,24500.0,31000.0,13474.0,900.0,1030.0,SAT
199184,3981,University of North Carolina School of the Arts,Winston-Salem,NC,27127,1,1,3,4,1,5,12.0,0.3264,560.0,660.0,520.0,630.0,22.0,28.0,867.0,0.0231,14101.0,,23093.0,9338.0,25081.0,0.2944,0.7022,0.9057,,0.5799,24179.0,27000.0,14101.0,1080.0,1290.0,SAT
199193,2972,North Carolina State University at Raleigh,Raleigh,NC,27695,1,1,3,4,1,5,11.0,0.5136,610.0,680.0,620.0,710.0,26.0,31.0,22801.0,0.0685,15024.0,,22844.0,9058.0,27406.0,0.2073,0.7864,0.9367,0.5455,0.3952,18438.0,20500.0,15024.0,1230.0,1390.0,SAT
199209,2951,North Carolina Wesleyan College,Rocky Mount,NC,27804,1,1,3,3,2,5,13.0,0.5297,440.0,530.0,430.0,530.0,16.0,21.0,2086.0,0.1592,,16205.0,41136.0,29900.0,29900.0,0.5528,0.3141,0.6132,,0.7506,14750.0,21200.0,16205.0,870.0,1060.0,SAT
199218,2984,University of North Carolina Wilmington,Wilmington,NC,28403,1,1,3,4,1,5,12.0,0.6652,600.0,660.0,585.0,650.0,23.0,27.0,14183.0,0.1375,18093.0,,22644.0,7000.0,21065.0,0.269,0.7248,0.8669,0.4,0.4713,15860.0,20500.0,18093.0,1185.0,1310.0,SAT
199272,2953,William Peace University,Raleigh,NC,27604,1,1,3,3,2,5,11.0,0.5908,480.0,570.0,470.0,560.0,17.0,23.0,927.0,0.1219,,21115.0,40913.0,28700.0,28700.0,0.5667,0.3923,0.6071,,0.8801,16000.0,25128.0,21115.0,950.0,1130.0,SAT
199281,2954,University of North Carolina at Pembroke,Pembroke,NC,28372,1,1,3,4,1,5,32.0,0.8074,460.0,540.0,450.0,530.0,18.0,21.0,5308.0,0.1598,12265.0,,18592.0,6014.0,17605.0,0.551,0.3972,0.6873,0.4545,0.6772,15146.0,23762.0,12265.0,910.0,1070.0,SAT
199306,2955,Pfeiffer University,Misenheimer,NC,28109,1,1,3,4,2,5,42.0,0.6602,460.0,560.0,450.0,540.0,16.0,22.0,813.0,0.0984,,23898.0,41580.0,29574.0,29574.0,0.4835,0.4211,0.6124,1.0,0.7577,15280.0,25000.0,23898.0,910.0,1100.0,SAT
199412,2957,Queens University of Charlotte,Charlotte,NC,28274,1,1,3,4,2,5,11.0,0.7916,510.0,608.0,500.0,590.0,21.0,26.0,1602.0,0.1042,,23348.0,46606.0,33532.0,33532.0,0.2449,0.5449,0.7842,,0.5609,20328.0,25000.0,23348.0,1010.0,1198.0,SAT
199458,22809,Mid-Atlantic Christian University,Elizabeth City,NC,27909,1,1,3,3,2,5,32.0,0.5344,440.0,540.0,430.0,520.0,18.0,21.0,192.0,0.1354,,17517.0,27369.0,14080.0,14080.0,0.6082,0.25,0.6341,,0.7165,9961.0,23000.0,17517.0,870.0,1060.0,SAT
199582,2968,Saint Augustine's University,Raleigh,NC,27610,1,1,3,3,2,5,11.0,0.7611,380.0,470.0,380.0,480.0,13.0,16.0,974.0,0.0133,,26554.0,32328.0,17890.0,17890.0,0.8231,0.3055,0.4448,,0.9262,11000.0,35000.0,26554.0,760.0,950.0,SAT
199607,2960,Salem College,Winston-Salem,NC,27101,1,1,3,4,2,5,12.0,0.5684,510.0,660.0,510.0,640.0,23.0,29.0,813.0,0.1734,,17836.0,43725.0,28566.0,28566.0,0.5285,0.5691,0.7549,,0.7218,19506.0,26400.0,17836.0,1020.0,1300.0,SAT
199698,1540,St. Andrews University,Laurinburg,NC,28352,0,2,3,4,2,5,32.0,0.4123,430.0,610.0,403.0,568.0,16.0,23.0,612.0,0.0915,,25965.0,43857.0,25874.0,25874.0,0.3779,0.3451,0.4241,,0.6468,9500.0,25000.0,25965.0,833.0,1178.0,SAT
199865,2979,Warren Wilson College,Swannanoa,NC,28778,1,1,3,4,2,5,21.0,0.7936,610.0,670.0,530.0,615.0,25.0,29.0,582.0,0.0155,,25117.0,48991.0,35244.0,35244.0,0.3815,0.533,0.6216,,0.78,14459.0,25000.0,25117.0,1140.0,1285.0,SAT
199962,2985,Wingate University,Wingate,NC,28174,1,1,3,4,2,5,21.0,0.9324,480.0,570.0,470.0,570.0,18.0,23.0,2586.0,0.0189,,18354.0,42600.0,31120.0,31120.0,0.3541,0.5234,0.7328,,0.6147,12000.0,26500.0,18354.0,950.0,1140.0,SAT
199999,2986,Winston-Salem State University,Winston-Salem,NC,27110,1,1,3,4,1,5,12.0,0.6657,450.0,510.0,440.0,510.0,16.0,19.0,4570.0,0.1133,11811.0,,19119.0,5941.0,16188.0,0.6293,0.4938,0.7564,0.5,0.7365,16159.0,25000.0,11811.0,890.0,1020.0,SAT
200004,2981,Western Carolina University,Cullowhee,NC,28723,1,1,3,4,1,5,32.0,0.3884,510.0,610.0,510.0,590.0,19.0,24.0,9234.0,0.135,15157.0,,20819.0,6897.0,17290.0,0.3844,0.5903,0.7896,0.5833,0.597,15878.0,22328.0,15157.0,1020.0,1200.0,SAT
200059,2989,Dickinson State University,Dickinson,ND,58601,1,1,3,3,1,4,33.0,0.9897,440.0,505.0,433.0,560.0,18.0,23.0,1153.0,0.2142,11976.0,,15790.0,6554.0,9226.0,0.223,0.3156,0.6354,0.3333,0.4446,11400.0,18050.0,11976.0,873.0,1065.0,SAT
200156,2990,University of Jamestown,Jamestown,ND,58405,1,1,3,4,2,4,33.0,0.6525,460.0,520.0,480.0,530.0,19.0,24.0,896.0,0.029,,18109.0,31760.0,21158.0,21158.0,0.2513,0.5256,0.7214,,0.6366,16750.0,27000.0,18109.0,940.0,1050.0,SAT
200217,2992,University of Mary,Bismarck,ND,58504,1,1,3,4,2,4,41.0,0.7635,465.0,580.0,470.0,580.0,21.0,26.0,2064.0,0.1313,,17342.0,27400.0,18224.0,18224.0,0.188,0.5374,0.7537,0.0,0.5622,16349.0,21500.0,17342.0,935.0,1160.0,SAT
200226,2993,Mayville State University,Mayville,ND,58257,1,1,3,3,1,4,43.0,0.481,,,,,18.0,23.0,825.0,0.2824,11942.0,,16433.0,6456.0,9084.0,0.2933,0.3514,0.5564,1.0,0.4774,11738.0,19001.0,11942.0,966.6666666666666,1140.0,ACT_coverted
200253,2994,Minot State University,Minot,ND,58707,1,1,3,4,1,4,33.0,0.6897,510.0,693.0,490.0,550.0,19.0,24.0,2466.0,0.2088,10806.0,,15483.0,6810.0,6810.0,0.2009,0.3701,0.6923,0.6818,0.3724,11169.0,19000.0,10806.0,1000.0,1243.0,SAT
200280,3005,University of North Dakota,Grand Forks,ND,58202,1,1,3,4,1,4,13.0,0.8348,530.0,630.0,520.0,640.0,21.0,26.0,10351.0,0.1788,15056.0,,19670.0,8447.0,20047.0,0.1812,0.5362,0.8077,0.48,0.4858,17125.0,23959.0,15056.0,1050.0,1270.0,SAT
200332,2997,North Dakota State University-Main Campus,Fargo,ND,58108,1,1,3,4,1,4,12.0,0.9159,520.0,658.0,540.0,670.0,21.0,26.0,11687.0,0.0813,15265.0,,19874.0,8666.0,20692.0,0.1978,0.5798,0.7913,0.375,0.5376,15000.0,22652.0,15265.0,1060.0,1328.0,SAT
200484,12059,Trinity Bible College and Graduate School,Ellendale,ND,58436,1,1,3,4,2,4,43.0,0.4236,510.0,610.0,485.0,620.0,17.0,25.0,183.0,0.1311,,21023.0,26468.0,16140.0,16140.0,0.5619,0.4082,0.5106,0.0,0.8969,10142.0,20833.0,21023.0,995.0,1230.0,SAT
200572,3008,Valley City State University,Valley City,ND,58072,1,1,3,4,1,4,33.0,0.763,460.0,560.0,520.0,560.0,18.0,23.0,1010.0,0.2535,12565.0,,17762.0,7406.0,16579.0,0.2216,0.3487,0.7152,0.6786,0.4517,11897.0,20431.0,12565.0,980.0,1120.0,SAT
200800,3123,University of Akron Main Campus,Akron,OH,44325,1,2,3,4,1,3,12.0,0.9255,510.0,640.0,480.0,640.0,19.0,26.0,15047.0,0.1275,17951.0,,24128.0,10270.0,18801.0,0.3326,0.3789,0.7275,0.5472,0.508,15402.0,24955.0,17951.0,990.0,1280.0,SAT
201061,3011,Art Academy of Cincinnati,Cincinnati,OH,45202,1,1,3,4,2,3,11.0,0.4544,450.0,600.0,430.0,510.0,16.0,22.0,174.0,0.0345,,25123.0,41532.0,31290.0,31290.0,0.4527,0.5606,0.6863,,0.791,14000.0,27000.0,25123.0,880.0,1110.0,SAT
201104,3012,Ashland University,Ashland,OH,44805,1,1,3,4,2,3,31.0,0.7351,490.0,605.0,475.0,575.0,20.0,25.0,3660.0,0.118,,20221.0,32500.0,20700.0,20700.0,0.3055,0.5987,0.7707,0.0,0.4471,19356.0,25000.0,20221.0,965.0,1180.0,SAT
201371,3016,Bluffton University,Bluffton,OH,45817,1,1,3,4,2,3,32.0,0.4884,425.0,540.0,435.0,543.0,18.0,24.0,703.0,0.0669,,24452.0,44374.0,31672.0,31672.0,0.3699,0.508,0.6058,,0.7318,19000.0,26964.0,24452.0,860.0,1083.0,SAT
201441,3018,Bowling Green State University-Main Campus,Bowling Green,OH,43403,1,2,3,4,1,3,31.0,0.732,500.0,630.0,490.0,600.0,19.0,24.0,13790.0,0.0553,19128.0,,23772.0,11057.0,18593.0,0.2787,0.5306,0.7697,0.4167,0.6084,17125.0,25251.0,19128.0,990.0,1230.0,SAT
201548,3023,Capital University,Columbus,OH,43209,1,1,3,4,2,3,21.0,0.6865,540.0,635.0,535.0,610.0,22.0,27.0,2573.0,0.0521,,20866.0,46295.0,34600.0,34600.0,0.2752,0.5884,0.7807,,0.8385,21500.0,26385.0,20866.0,1075.0,1245.0,SAT
201645,3024,Case Western Reserve University,Cleveland,OH,44106,1,1,3,4,2,3,11.0,0.3312,650.0,740.0,690.0,780.0,30.0,33.0,5020.0,0.0108,,35316.0,63216.0,47500.0,47500.0,0.141,0.8257,0.9248,,0.5018,21000.0,23250.0,35316.0,1340.0,1520.0,SAT
201654,3025,Cedarville University,Cedarville,OH,45314,1,1,3,4,2,3,31.0,0.7145,580.0,680.0,550.0,670.0,23.0,29.0,3132.0,0.0137,,21490.0,37623.0,29156.0,29156.0,0.2009,0.7168,0.8362,,0.4657,17000.0,21500.0,21490.0,1130.0,1350.0,SAT
201690,3026,Central State University,Wilberforce,OH,45384,1,1,3,4,1,3,41.0,0.4801,370.0,440.0,340.0,440.0,15.0,18.0,1772.0,0.0372,13862.0,,18994.0,6246.0,8096.0,0.7752,0.2028,0.4667,0.0,0.8914,9500.0,31250.0,13862.0,710.0,880.0,SAT
201858,3029,Cincinnati Christian University,Cincinnati,OH,45204,1,1,3,4,2,3,11.0,0.8811,210.0,340.0,410.0,570.0,16.0,23.0,547.0,0.053,,20445.0,30153.0,17028.0,17028.0,0.4525,0.4,0.5076,0.25,0.7117,10800.0,26000.0,20445.0,620.0,910.0,SAT
201885,3125,University of Cincinnati-Main Campus,Cincinnati,OH,45221,1,3,3,4,1,3,11.0,0.7649,560.0,660.0,560.0,680.0,23.0,28.0,25523.0,0.1186,23498.0,,27499.0,11000.0,27334.0,0.2159,0.6886,0.8607,0.3846,0.4724,13000.0,21750.0,23498.0,1120.0,1340.0,SAT
202046,3982,Cleveland Institute of Art,Cleveland,OH,44106,1,1,3,3,2,3,11.0,0.5423,520.0,660.0,490.0,610.0,20.0,26.0,630.0,0.0175,,34119.0,55903.0,40655.0,40655.0,0.4064,0.5625,0.8944,,0.7216,26953.0,27000.0,34119.0,1010.0,1270.0,SAT
202134,3032,Cleveland State University,Cleveland,OH,44115,1,1,3,4,1,3,11.0,0.9006,500.0,600.0,490.0,610.0,19.0,25.0,11647.0,0.2117,16926.0,,22293.0,9778.0,13829.0,0.3939,0.4315,0.6982,0.3793,0.573,15728.0,22750.0,16926.0,990.0,1210.0,SAT
202480,3127,University of Dayton,Dayton,OH,45469,1,1,3,4,2,3,12.0,0.7168,550.0,650.0,550.0,660.0,24.0,29.0,8422.0,0.0424,,32721.0,56370.0,41750.0,41750.0,0.1071,0.7868,0.904,0.25,0.4659,20500.0,25000.0,32721.0,1100.0,1310.0,SAT
202514,3041,Defiance College,Defiance,OH,43512,1,1,3,4,2,3,32.0,0.5648,360.0,490.0,340.0,470.0,18.0,22.0,581.0,0.0964,,24626.0,44120.0,32190.0,32190.0,0.4227,0.3925,0.6029,1.0,0.7632,18875.0,27000.0,24626.0,700.0,960.0,SAT
202523,3042,Denison University,Granville,OH,43023,1,1,3,3,2,3,23.0,0.3724,600.0,690.0,600.0,690.0,28.0,31.0,2321.0,0.0009,,24808.0,63023.0,50440.0,50440.0,0.195,0.8647,0.9121,,0.4124,21000.0,25000.0,24808.0,1200.0,1380.0,SAT
202763,3045,The University of Findlay,Findlay,OH,45840,1,1,3,4,2,3,32.0,0.7508,490.0,590.0,490.0,620.0,21.0,27.0,2637.0,0.0569,,22619.0,43588.0,33320.0,33320.0,0.1868,0.6129,0.807,,0.5143,19389.0,24811.0,22619.0,980.0,1210.0,SAT
203085,3048,Heidelberg University,Tiffin,OH,44883,1,1,3,4,2,3,32.0,0.7606,460.0,560.0,460.0,560.0,19.0,25.0,1049.0,0.0172,,23541.0,41566.0,30200.0,30200.0,0.4078,0.4912,0.6721,,0.9181,19500.0,27000.0,23541.0,920.0,1120.0,SAT
203128,3049,Hiram College,Hiram,OH,44234,1,1,3,4,2,3,31.0,0.6353,480.0,610.0,460.0,590.0,18.0,24.0,967.0,0.1334,,21474.0,45784.0,34300.0,34300.0,0.4073,0.557,0.7005,,0.6642,22500.0,27000.0,21474.0,940.0,1200.0,SAT
203368,3050,John Carroll University,University Heights,OH,44118,1,1,3,4,2,3,21.0,0.8503,510.0,570.0,490.0,570.0,22.0,27.0,2972.0,0.0101,,25017.0,52159.0,39990.0,39990.0,0.2075,0.779,0.8629,,0.619,23250.0,27000.0,25017.0,1000.0,1140.0,SAT
203517,3051,Kent State University at Kent,Kent,OH,44242,1,8,3,4,1,3,21.0,0.8751,530.0,620.0,510.0,600.0,21.0,25.0,22403.0,0.1552,18432.0,,24064.0,10012.0,18544.0,0.3015,0.577,0.8019,0.641,0.7022,17470.0,25000.0,18432.0,1040.0,1220.0,SAT
203535,3065,Kenyon College,Gambier,OH,43022,1,1,3,3,2,3,32.0,0.3384,640.0,730.0,623.0,730.0,29.0,33.0,1661.0,0.0,,30504.0,66670.0,53560.0,53560.0,0.0918,0.9056,0.9343,,0.3018,16000.0,18000.0,30504.0,1263.0,1460.0,SAT
203544,7035,Kettering College,Kettering,OH,45429,1,2,3,4,2,3,21.0,0.2836,250.0,750.0,450.0,680.0,21.0,25.0,615.0,0.4439,,19664.0,24911.0,12408.0,12408.0,0.3072,0.5176,0.7174,0.8571,0.5915,21750.0,29500.0,19664.0,700.0,1430.0,SAT
203580,3066,Lake Erie College,Painesville,OH,44077,1,1,3,4,2,3,21.0,0.6045,450.0,565.0,465.0,560.0,18.0,23.0,750.0,0.068,,19160.0,42681.0,30862.0,30862.0,0.3068,0.4641,0.6119,,0.5916,15250.0,26750.0,19160.0,915.0,1125.0,SAT
203757,3069,Lourdes University,Sylvania,OH,43560,1,1,3,4,2,3,21.0,0.9667,470.0,600.0,460.0,560.0,18.0,24.0,1036.0,0.2017,,18434.0,31989.0,21540.0,21540.0,0.4107,0.3333,0.6683,0.0,0.7049,21348.0,27856.0,18434.0,930.0,1160.0,SAT
203775,3072,Malone University,Canton,OH,44709,1,1,3,4,2,3,13.0,0.6599,490.0,580.0,490.0,560.0,19.0,24.0,1200.0,0.09,,20603.0,41877.0,29900.0,29900.0,0.3852,0.4903,0.6958,0.0,0.7498,15703.0,25000.0,20603.0,980.0,1140.0,SAT
203845,3073,Marietta College,Marietta,OH,45750,1,1,3,4,2,3,31.0,0.6703,475.0,615.0,485.0,600.0,20.0,25.0,964.0,0.0145,,24022.0,48057.0,36040.0,36040.0,0.2517,0.5884,0.6735,,0.5857,23322.0,27000.0,24022.0,960.0,1215.0,SAT
204024,3077,Miami University-Oxford,Oxford,OH,45056,1,3,3,4,1,3,31.0,0.682,580.0,670.0,610.0,710.0,26.0,31.0,16816.0,0.0281,21288.0,,30420.0,14958.0,34211.0,0.1096,0.7914,0.9086,1.0,0.3421,15750.0,23250.0,21288.0,1190.0,1380.0,SAT
204176,30719,Mount Carmel College of Nursing,Columbus,OH,43222,1,2,3,4,2,3,11.0,0.9932,,,,,19.0,23.0,878.0,0.2733,,18093.0,21029.0,13442.0,13442.0,0.2549,0.7284,0.6667,0.4167,0.5486,21500.0,22082.0,18093.0,1003.3333333333334,1140.0,ACT_coverted
204185,3083,University of Mount Union,Alliance,OH,44601,1,1,3,4,2,3,31.0,0.8109,490.0,610.0,490.0,590.0,20.0,25.0,2049.0,0.0073,,22786.0,40962.0,29890.0,29890.0,0.2981,0.6181,0.7535,,0.8626,20500.0,27000.0,22786.0,980.0,1200.0,SAT
204194,7085,Mount Vernon Nazarene University,Mount Vernon,OH,43050,1,1,3,4,2,3,32.0,0.7674,490.0,570.0,470.0,560.0,19.0,25.0,1623.0,0.1448,,21112.0,38356.0,28090.0,28090.0,0.3512,0.632,0.7939,0.0,0.6313,18719.0,25000.0,21112.0,960.0,1130.0,SAT
204200,3033,Mount Saint Joseph University,Cincinnati,OH,45233,1,1,3,4,2,3,21.0,0.7325,490.0,578.0,490.0,578.0,20.0,24.0,1177.0,0.1512,,17775.0,35891.0,29100.0,29100.0,0.3234,0.6069,0.7149,0.7143,0.6497,19500.0,27000.0,17775.0,980.0,1156.0,SAT
204264,3084,Muskingum University,New Concord,OH,43762,1,1,3,4,2,3,32.0,0.7439,465.0,575.0,450.0,530.0,19.0,24.0,1525.0,0.1148,,19252.0,39502.0,27646.0,27646.0,0.4183,0.4823,0.7524,,0.8231,19288.0,26145.0,19252.0,915.0,1105.0,SAT
204468,3085,Notre Dame College,Cleveland,OH,44121,1,1,3,4,2,3,21.0,0.8948,440.0,530.0,470.0,575.0,17.0,21.0,1500.0,0.194,,21106.0,41206.0,29300.0,29300.0,0.3396,0.3655,0.6737,0.0,0.6637,16750.0,27000.0,21106.0,910.0,1105.0,SAT
204501,3086,Oberlin College,Oberlin,OH,44074,1,1,3,4,2,3,31.0,0.3372,650.0,720.0,630.0,730.0,28.0,33.0,2827.0,0.0131,,31331.0,68670.0,53460.0,53460.0,0.0881,0.8627,0.9147,,0.3378,21215.0,26000.0,31331.0,1280.0,1450.0,SAT
204617,3035,Ohio Dominican University,Columbus,OH,43219,1,1,3,4,2,3,11.0,0.7716,460.0,600.0,510.0,610.0,19.0,24.0,1077.0,0.1458,,19454.0,40458.0,31080.0,31080.0,0.2567,0.474,0.6211,0.0,0.49,17875.0,27000.0,19454.0,970.0,1210.0,SAT
204635,3089,Ohio Northern University,Ada,OH,45810,1,1,3,4,2,3,31.0,0.661,550.0,630.0,580.0,680.0,22.0,28.0,2111.0,0.0152,,23100.0,44728.0,30990.0,30990.0,0.23,0.7562,0.8177,,0.6179,21625.0,27000.0,23100.0,1130.0,1310.0,SAT
204796,3090,Ohio State University-Main Campus,Columbus,OH,43210,1,6,3,4,1,3,11.0,0.4806,610.0,700.0,650.0,750.0,27.0,31.0,44853.0,0.0675,17699.0,,25471.0,10592.0,29696.0,0.199,0.8264,0.9422,0.7143,0.3989,14750.0,20500.0,17699.0,1260.0,1450.0,SAT
204857,3100,Ohio University-Main Campus,Athens,OH,45701,1,6,3,4,1,3,32.0,0.7393,550.0,640.0,530.0,620.0,22.0,26.0,22936.0,0.2322,21892.0,,27272.0,11896.0,21360.0,0.2663,0.6408,0.8002,0.3571,0.5762,14000.0,20909.0,21892.0,1080.0,1260.0,SAT
204936,3110,Otterbein University,Westerville,OH,43081,1,1,3,4,2,3,21.0,0.764,520.0,655.0,520.0,650.0,21.0,27.0,2367.0,0.0482,,24287.0,44574.0,31874.0,31874.0,0.244,0.6367,0.8065,,0.7507,20791.0,26000.0,24287.0,1040.0,1305.0,SAT
205443,9942,Shawnee State University,Portsmouth,OH,45662,1,1,3,4,1,3,31.0,0.6891,518.0,620.0,500.0,615.0,18.0,24.0,3099.0,0.1049,15646.0,,19368.0,7439.0,13247.0,0.4693,0.2922,0.6833,0.0,0.642,12250.0,22553.0,15646.0,1018.0,1235.0,SAT
205957,3036,Franciscan University of Steubenville,Steubenville,OH,43952,1,1,3,4,2,3,13.0,0.8318,560.0,670.0,520.0,630.0,23.0,28.0,2071.0,0.0338,,23699.0,36378.0,26430.0,26430.0,0.4182,0.7768,0.872,1.0,0.611,20500.0,23405.0,23699.0,1080.0,1300.0,SAT
206084,3131,University of Toledo,Toledo,OH,43606,1,1,3,4,1,3,11.0,0.9435,510.0,620.0,510.0,620.0,20.0,26.0,15109.0,0.1448,15095.0,,23471.0,9547.0,18885.0,0.2974,0.4075,0.7449,0.4603,0.483,13000.0,23000.0,15095.0,1020.0,1240.0,SAT
206349,3134,Ursuline College,Pepper Pike,OH,44124,1,1,3,4,2,3,21.0,0.9333,510.0,588.0,477.0,590.0,18.0,24.0,607.0,0.2504,,17579.0,40459.0,31150.0,31150.0,0.4062,0.5256,0.7075,,0.7256,22500.0,27120.0,17579.0,987.0,1178.0,SAT
206437,3135,Walsh University,North Canton,OH,44720,1,1,3,4,2,3,21.0,0.7923,540.0,630.0,480.0,580.0,20.0,26.0,1929.0,0.1016,,18875.0,40677.0,29150.0,29150.0,0.2992,0.6113,0.7426,,0.7358,22249.0,27000.0,18875.0,1020.0,1210.0,SAT
206491,3141,Wilberforce University,Wilberforce,OH,45384,1,1,3,4,2,3,41.0,0.4829,390.0,490.0,390.0,490.0,14.0,18.0,593.0,0.1754,,10892.0,23100.0,13250.0,13250.0,0.7035,0.2566,0.3821,0.0,0.5801,9500.0,20893.0,10892.0,780.0,980.0,SAT
206507,3142,Wilmington College,Wilmington,OH,45177,1,1,3,3,2,3,32.0,0.8415,490.0,640.0,480.0,620.0,19.0,24.0,1167.0,0.0591,,20370.0,36966.0,25000.0,25000.0,0.4096,0.5786,0.6806,,0.8026,16372.0,24759.0,20370.0,970.0,1260.0,SAT
206589,3037,The College of Wooster,Wooster,OH,44691,1,1,3,3,2,3,32.0,0.5644,570.0,680.0,580.0,700.0,24.0,30.0,1970.0,0.0056,,25442.0,59800.0,48600.0,48600.0,0.1608,0.7671,0.849,,0.4863,21000.0,25800.0,25442.0,1150.0,1380.0,SAT
206604,3078,Wright State University-Main Campus,Dayton,OH,45435,1,2,3,4,1,3,21.0,0.9677,490.0,640.0,490.0,630.0,19.0,25.0,11251.0,0.1715,16249.0,,21261.0,8730.0,17098.0,0.3387,0.3576,0.6495,0.4231,0.5124,14000.0,24033.0,16249.0,980.0,1270.0,SAT
206613,3078,Wright State University-Lake Campus,Celina,OH,45822,0,2,3,3,1,3,41.0,0.9946,480.0,530.0,450.0,500.0,18.0,23.0,828.0,0.1715,9732.0,,13025.0,5842.0,14210.0,0.2552,0.4206,0.7541,0.4286,0.3233,14000.0,24033.0,9732.0,930.0,1030.0,SAT
206622,3144,Xavier University,Cincinnati,OH,45207,1,1,3,4,2,3,11.0,0.7391,540.0,620.0,520.0,620.0,22.0,28.0,4571.0,0.0448,,30019.0,50880.0,37230.0,37230.0,0.1628,0.6924,0.8449,0.25,0.5503,21500.0,26000.0,30019.0,1060.0,1240.0,SAT
206695,3145,Youngstown State University,Youngstown,OH,44555,1,1,3,4,1,3,13.0,0.6363,490.0,600.0,490.0,620.0,19.0,25.0,10039.0,0.1386,10943.0,,17278.0,8451.0,8811.0,0.412,0.3443,0.7715,0.5758,0.5535,17250.0,25500.0,10943.0,980.0,1220.0,SAT
206817,3147,Bacone College,Muskogee,OK,74403,1,1,3,3,2,6,32.0,0.7285,400.0,480.0,405.0,498.0,15.0,18.0,934.0,0.0749,,26731.0,35200.0,17700.0,17700.0,0.7303,0.1448,0.4333,0.4,0.7525,9500.0,28931.0,26731.0,805.0,978.0,SAT
206835,3151,Oklahoma Wesleyan University,Bartlesville,OK,74006,1,1,3,4,2,6,32.0,0.6231,450.0,540.0,450.0,530.0,18.0,24.0,1006.0,0.3946,,26109.0,37451.0,26090.0,26090.0,0.401,0.4545,0.5339,0.4444,0.7156,13979.0,23250.0,26109.0,900.0,1070.0,SAT
206941,3152,University of Central Oklahoma,Edmond,OK,73034,1,1,3,4,1,6,21.0,0.7552,,,,,19.0,24.0,14267.0,0.2729,14594.0,,20317.0,7100.0,17447.0,0.3381,0.3771,0.6388,0.4634,0.4057,12500.0,21000.0,14594.0,1003.3333333333334,1173.3333333333333,ACT_coverted
207041,3154,East Central University,Ada,OK,74820,1,1,3,4,1,6,33.0,0.4802,480.0,570.0,460.0,590.0,18.0,23.0,2860.0,0.1294,9233.0,,15324.0,6600.0,15720.0,0.4208,0.3258,0.4642,0.3,0.3929,11547.0,18500.0,9233.0,940.0,1160.0,SAT
207157,10266,Randall University,Moore,OK,73160,1,1,3,4,2,6,21.0,0.4057,,,,,17.0,22.0,300.0,0.1067,,15557.0,23988.0,13640.0,13640.0,0.5484,0.2449,0.4576,,0.6645,8316.0,21498.0,15557.0,930.0,1106.6666666666667,ACT_coverted
207263,3161,Northeastern State University,Tahlequah,OK,74464,1,1,3,4,1,6,33.0,0.9569,430.0,545.0,435.0,535.0,19.0,24.0,6401.0,0.2584,9167.0,,16337.0,6327.0,14022.0,0.4598,0.316,0.628,0.3571,0.4718,12212.0,18221.0,9167.0,865.0,1080.0,SAT
207306,3163,Northwestern Oklahoma State University,Alva,OK,73717,1,1,3,4,1,6,33.0,0.8304,,,,,17.0,23.0,1735.0,0.2346,8612.0,,15057.0,7066.0,14183.0,0.3508,0.2295,0.5448,0.4074,0.4172,9258.0,15229.0,8612.0,930.0,1140.0,ACT_coverted
207324,3165,Oklahoma Christian University,Edmond,OK,73013,1,1,3,4,2,6,11.0,0.6281,500.0,620.0,490.0,600.0,20.0,27.0,1883.0,0.0287,,18206.0,32471.0,21670.0,21670.0,0.2688,0.5376,0.7843,0.6667,0.5341,17397.0,25500.0,18206.0,990.0,1220.0,SAT
207388,3170,Oklahoma State University-Main Campus,Stillwater,OK,74078,1,1,3,4,1,6,32.0,0.7428,540.0,630.0,530.0,630.0,22.0,28.0,20743.0,0.125,14824.0,,22868.0,8738.0,23776.0,0.2778,0.6199,0.8089,0.5619,0.4263,15000.0,21000.0,14824.0,1070.0,1260.0,SAT
207403,3164,Oklahoma Baptist University,Shawnee,OK,74804,1,1,3,4,2,6,32.0,0.6472,490.0,590.0,470.0,560.0,20.0,26.0,1852.0,0.0178,,16267.0,37623.0,26840.0,26840.0,0.3748,0.5853,0.7239,0.0,0.5464,13156.0,23500.0,16267.0,960.0,1150.0,SAT
207458,3166,Oklahoma City University,Oklahoma City,OK,73106,1,1,3,4,2,6,11.0,0.717,570.0,650.0,540.0,630.0,23.0,28.0,1692.0,0.0715,,26838.0,45913.0,30726.0,30726.0,0.2157,0.6295,0.8176,,0.5143,18367.0,21333.0,26838.0,1110.0,1280.0,SAT
207500,3184,University of Oklahoma-Norman Campus,Norman,OK,73019,1,4,3,4,1,6,22.0,0.74,580.0,690.0,570.0,690.0,23.0,29.0,21536.0,0.1246,19254.0,,27205.0,11538.0,26919.0,0.2172,0.6727,0.9211,0.814,0.3471,15892.0,20880.0,19254.0,1150.0,1380.0,SAT
207582,3985,Oral Roberts University,Tulsa,OK,74171,1,1,3,4,2,6,11.0,0.9334,500.0,620.0,490.0,590.0,20.0,26.0,3068.0,0.0678,,19035.0,39032.0,26792.0,26792.0,0.4148,0.5653,0.8122,0.1667,0.5894,18500.0,25825.0,19035.0,990.0,1210.0,SAT
207722,3167,University of Science and Arts of Oklahoma,Chickasha,OK,73018,1,1,3,3,1,6,32.0,0.5214,395.0,500.0,420.0,510.0,19.0,24.0,852.0,0.1467,7149.0,,17184.0,7200.0,17550.0,0.4265,0.3141,0.7174,0.0,0.4528,9329.0,18414.0,7149.0,815.0,1010.0,SAT
207847,3179,Southeastern Oklahoma State University,Durant,OK,74701,1,1,3,4,1,6,32.0,0.724,,,,,18.0,23.0,2937.0,0.1937,8253.0,,15351.0,6750.0,15390.0,0.411,0.2735,0.6367,0.3333,0.0882,10250.0,17500.0,8253.0,966.6666666666666,1140.0,ACT_coverted
207856,3180,Southwestern Christian University,Bethany,OK,73008,1,1,3,4,2,6,21.0,0.7704,428.0,573.0,388.0,575.0,16.0,20.0,610.0,0.1246,,11925.0,21047.0,13880.0,13880.0,0.5523,0.2521,0.4403,0.0,0.6769,12000.0,26955.0,11925.0,816.0,1148.0,SAT
207865,3181,Southwestern Oklahoma State University,Weatherford,OK,73096,1,1,3,4,1,6,33.0,0.9197,,,,,18.0,24.0,4358.0,0.148,12002.0,,18868.0,7005.0,13905.0,0.3427,0.3077,0.6564,0.0909,0.6043,9692.0,15192.0,12002.0,966.6666666666666,1173.3333333333333,ACT_coverted
207971,3185,University of Tulsa,Tulsa,OK,74104,1,1,3,4,2,6,11.0,0.3895,590.0,720.0,560.0,720.0,25.0,32.0,3316.0,0.0362,,23948.0,56173.0,41509.0,41509.0,0.1518,0.6852,0.878,0.75,0.3538,16000.0,23250.0,23948.0,1150.0,1440.0,SAT
208488,3191,Concordia University-Portland,Portland,OR,97211,1,1,3,4,2,8,11.0,0.4864,490.0,560.0,480.0,540.0,18.0,24.0,1353.0,0.1707,,21765.0,39880.0,30270.0,30270.0,0.3768,0.4762,0.7193,0.0,0.6249,12000.0,19791.0,21765.0,970.0,1100.0,SAT
208646,3193,Eastern Oregon University,La Grande,OR,97850,1,1,3,4,1,8,33.0,0.9773,470.0,570.0,470.0,560.0,18.0,24.0,2526.0,0.3413,14529.0,,20442.0,8362.0,19682.0,0.4532,0.3072,0.68,0.2593,0.5158,14527.0,20917.0,14529.0,940.0,1130.0,SAT
208822,3194,George Fox University,Newberg,OR,97132,1,1,3,4,2,8,31.0,0.8189,530.0,650.0,520.0,620.0,21.0,27.0,2678.0,0.0687,,28366.0,46653.0,35016.0,35016.0,0.3062,0.7168,0.8336,0.0,0.6899,19500.0,24250.0,28366.0,1050.0,1270.0,SAT
209056,3197,Lewis & Clark College,Portland,OR,97219,1,1,3,4,2,8,11.0,0.7137,620.0,710.0,590.0,680.0,27.0,31.0,2021.0,0.0069,,34838.0,61382.0,46988.0,46988.0,0.1795,0.8007,0.8261,,0.6097,17480.0,21500.0,34838.0,1210.0,1390.0,SAT
209065,3198,Linfield College-McMinnville Campus,McMinnville,OR,97128,1,3,3,3,2,8,32.0,0.8077,510.0,610.0,510.0,600.0,20.0,26.0,1503.0,0.0146,,27254.0,54479.0,41682.0,41682.0,0.2623,0.7756,0.8142,,0.6863,22026.0,25000.0,27254.0,1020.0,1210.0,SAT
209409,3208,Northwest Christian University,Eugene,OR,97401,1,1,3,4,2,8,12.0,0.688,473.0,568.0,470.0,550.0,17.0,23.0,571.0,0.2242,,19277.0,38108.0,28680.0,28680.0,0.4293,0.5536,0.6173,,0.6855,15000.0,21787.0,19277.0,943.0,1118.0,SAT
209506,3211,Oregon Institute of Technology,Klamath Falls,OR,97601,1,1,3,4,1,8,33.0,0.6142,520.0,620.0,520.0,610.0,21.0,26.0,3543.0,0.3607,17041.0,,22466.0,9982.0,28367.0,0.2509,0.4497,0.7948,0.439,0.3452,15452.0,22334.0,17041.0,1040.0,1230.0,SAT
209542,3210,Oregon State University,Corvallis,OR,97331,1,2,3,4,1,8,13.0,0.7884,540.0,650.0,530.0,650.0,22.0,28.0,24921.0,0.2619,20493.0,,26121.0,10797.0,29457.0,0.2636,0.6534,0.8489,0.732,0.4498,17000.0,22500.0,20493.0,1070.0,1300.0,SAT
209551,3223,University of Oregon,Eugene,OR,97403,1,1,3,4,1,8,12.0,0.8281,550.0,640.0,530.0,630.0,22.0,28.0,19163.0,0.0718,15693.0,,24570.0,11931.0,34611.0,0.2458,0.72,0.8619,0.5051,0.3607,15895.0,20767.0,15693.0,1080.0,1270.0,SAT
209612,3212,Pacific University,Forest Grove,OR,97116,1,1,3,4,2,8,21.0,0.8449,540.0,630.0,530.0,630.0,22.0,27.0,1809.0,0.0171,,29902.0,55606.0,42594.0,42594.0,0.3083,0.6444,0.7865,,0.8523,18907.0,25000.0,29902.0,1070.0,1260.0,SAT
209807,3216,Portland State University,Portland,OR,97201,1,1,3,4,1,8,11.0,0.9244,500.0,620.0,490.0,600.0,19.0,25.0,18585.0,0.2661,14160.0,,20322.0,8783.0,26130.0,0.3811,0.4894,0.7161,0.4328,0.4597,16500.0,21426.0,14160.0,990.0,1220.0,SAT
209825,3224,University of Portland,Portland,OR,97203,1,1,3,4,2,8,11.0,0.6954,580.0,660.0,560.0,660.0,23.0,29.0,3851.0,0.0153,,33239.0,56544.0,44026.0,44026.0,0.1635,0.8153,0.8814,,0.4668,20500.0,25000.0,33239.0,1140.0,1320.0,SAT
209922,3217,Reed College,Portland,OR,97202,1,1,3,4,2,8,11.0,0.3563,670.0,740.0,640.0,760.0,30.0,33.0,1415.0,0.0092,,31815.0,67235.0,54200.0,54200.0,0.1582,0.7984,0.8814,,0.3773,11298.0,13465.0,31815.0,1310.0,1500.0,SAT
210146,3219,Southern Oregon University,Ashland,OR,97520,1,1,3,4,1,8,22.0,0.7848,430.0,560.0,440.0,560.0,20.0,26.0,4399.0,0.1987,9164.0,,15364.0,9287.0,24630.0,0.3201,0.3785,0.7209,0.4444,0.3863,14499.0,20629.0,9164.0,870.0,1120.0,SAT
210331,1339,Corban University,Salem,OR,97317,1,1,3,4,2,8,12.0,0.3299,530.0,630.0,510.0,600.0,21.0,26.0,963.0,0.0374,,24491.0,43165.0,31640.0,31640.0,0.3151,0.4982,0.7932,,0.6585,18575.0,24763.0,24491.0,1040.0,1230.0,SAT
210492,3228,Bryn Athyn College of the New Church,Bryn Athyn,PA,19009,1,1,3,4,2,2,21.0,0.8755,480.0,590.0,460.0,550.0,19.0,23.0,323.0,0.0402,,15996.0,29374.0,21126.0,21126.0,0.4407,0.5062,0.7639,,0.6576,13834.0,27000.0,15996.0,940.0,1140.0,SAT
210669,3230,Allegheny College,Meadville,PA,16335,1,1,3,3,2,2,32.0,0.6789,580.0,670.0,560.0,650.0,23.0,29.0,1764.0,0.0091,,22927.0,58685.0,45970.0,45970.0,0.2943,0.7549,0.8149,0.5,0.6615,25000.0,27000.0,22927.0,1140.0,1320.0,SAT
210739,3986,DeSales University,Center Valley,PA,18034,1,1,3,4,2,2,21.0,0.7379,510.0,620.0,500.0,610.0,22.0,27.0,2291.0,0.2113,,27745.0,48987.0,35900.0,35900.0,0.2513,0.7011,0.81,,0.6478,19165.0,25463.0,27745.0,1010.0,1230.0,SAT
210775,3233,Alvernia University,Reading,PA,19607,1,1,3,4,2,2,13.0,0.7081,480.0,578.0,470.0,570.0,18.0,24.0,2231.0,0.2515,,26359.0,44970.0,33640.0,33640.0,0.3642,0.5984,0.7739,,0.8028,22700.0,27000.0,26359.0,950.0,1148.0,SAT
211088,3235,Arcadia University,Glenside,PA,19038,1,1,3,4,2,2,21.0,0.6229,530.0,630.0,520.0,610.0,22.0,27.0,2233.0,0.026,,25917.0,55841.0,42330.0,42330.0,0.3336,0.6627,0.7767,1.0,0.5726,22847.0,27000.0,25917.0,1050.0,1240.0,SAT
211158,3315,Bloomsburg University of Pennsylvania,Bloomsburg,PA,17815,1,1,3,4,1,2,13.0,0.7325,490.0,580.0,480.0,570.0,19.0,24.0,8276.0,0.0623,18796.0,,22477.0,10500.0,21980.0,0.3233,0.5804,0.7351,0.4286,0.7143,19500.0,26000.0,18796.0,970.0,1150.0,SAT
211273,3237,Bryn Mawr College,Bryn Mawr,PA,19010,1,1,3,4,2,2,21.0,0.3801,650.0,730.0,660.0,770.0,29.0,33.0,1328.0,0.0045,,25672.0,66160.0,50500.0,50500.0,0.1593,0.8338,0.9189,,0.3773,21395.0,24750.0,25672.0,1310.0,1500.0,SAT
211291,3238,Bucknell University,Lewisburg,PA,17837,1,1,3,4,2,2,32.0,0.3108,620.0,700.0,630.0,720.0,28.0,31.0,3588.0,0.002,,40976.0,67600.0,53986.0,53986.0,0.1011,0.9039,0.9411,,0.3338,23250.0,26798.0,40976.0,1250.0,1420.0,SAT
211352,3241,Cabrini University,Radnor,PA,19087,1,1,3,4,2,2,21.0,0.7321,500.0,590.0,490.0,570.0,19.0,23.0,1536.0,0.0371,,24169.0,44282.0,31350.0,31350.0,0.3848,0.5754,0.6819,0.0,0.6836,17705.0,26914.0,24169.0,990.0,1160.0,SAT
211361,3316,California University of Pennsylvania,California,PA,15419,1,1,3,4,1,2,23.0,0.961,450.0,560.0,450.0,550.0,16.0,23.0,5435.0,0.1663,19677.0,,24526.0,10840.0,15326.0,0.4018,0.5157,0.7344,0.5,0.7412,18250.0,24874.0,19677.0,900.0,1110.0,SAT
211431,3303,Carlow University,Pittsburgh,PA,15213,1,1,3,4,2,2,11.0,0.9164,460.0,520.0,440.0,520.0,20.0,24.0,1339.0,0.2091,,17127.0,39714.0,28596.0,28596.0,0.4815,0.5708,0.7778,1.0,0.8139,20600.0,27000.0,17127.0,900.0,1040.0,SAT
211440,3242,Carnegie Mellon University,Pittsburgh,PA,15213,1,1,3,4,2,2,11.0,0.222,700.0,760.0,730.0,800.0,32.0,35.0,6434.0,0.0216,,31102.0,67980.0,53910.0,53910.0,0.1219,0.8884,0.959,,0.3872,21500.0,23250.0,31102.0,1430.0,1560.0,SAT
211468,3243,Cedar Crest College,Allentown,PA,18104,1,1,3,4,2,2,12.0,0.6333,480.0,600.0,460.0,570.0,19.0,26.0,1413.0,0.3425,,21060.0,47704.0,38092.0,38092.0,0.4307,0.5043,0.8232,,0.799,21000.0,27000.0,21060.0,940.0,1170.0,SAT
211583,3245,Chestnut Hill College,Philadelphia,PA,19118,1,1,3,4,2,2,11.0,0.9572,480.0,590.0,480.0,560.0,20.0,23.0,1317.0,0.1708,,22397.0,47464.0,35180.0,35180.0,0.4804,0.55,0.7857,0.6667,0.7896,20835.0,26000.0,22397.0,960.0,1150.0,SAT
211644,3318,Clarion University of Pennsylvania,Clarion,PA,16214,1,1,3,4,1,2,33.0,0.9549,460.0,570.0,460.0,550.0,18.0,23.0,4214.0,0.1737,19409.0,,24549.0,10890.0,15636.0,0.388,0.5033,0.7412,0.625,0.7,19500.0,26878.0,19409.0,920.0,1120.0,SAT
211981,3252,Delaware Valley University,Doylestown,PA,18901,1,1,3,4,2,2,21.0,0.664,480.0,595.0,480.0,570.0,19.0,25.0,1908.0,0.0828,,29674.0,52203.0,38000.0,38000.0,0.2944,0.559,0.7073,,0.7239,18233.0,25000.0,29674.0,960.0,1165.0,SAT
212054,3256,Drexel University,Philadelphia,PA,19104,1,1,3,4,2,2,11.0,0.7904,580.0,670.0,580.0,690.0,24.0,30.0,15335.0,0.1162,,37427.0,69462.0,52002.0,52002.0,0.2208,0.709,0.8941,0.6667,0.5265,20750.0,26000.0,37427.0,1160.0,1360.0,SAT
212106,3258,Duquesne University,Pittsburgh,PA,15282,1,1,3,4,2,2,11.0,0.717,570.0,640.0,550.0,630.0,24.0,29.0,5930.0,0.0179,,28961.0,50073.0,36394.0,36394.0,0.1929,0.8032,0.8602,0.8,0.6756,24247.0,27000.0,28961.0,1120.0,1270.0,SAT
212115,3320,East Stroudsburg University of Pennsylvania,East Stroudsburg,PA,18301,1,1,3,4,1,2,13.0,0.8356,460.0,550.0,450.0,540.0,20.0,25.0,5972.0,0.0748,17536.0,,22580.0,10098.0,21778.0,0.366,0.4814,0.6982,0.3333,0.6628,15000.0,23250.0,17536.0,910.0,1090.0,SAT
212133,3259,Eastern University,Saint Davids,PA,19087,1,1,3,4,2,2,21.0,0.6561,510.0,610.0,490.0,590.0,20.0,26.0,1837.0,0.2041,,22257.0,44446.0,32145.0,32145.0,0.4452,0.6349,0.7464,0.5,0.7305,19125.0,26661.0,22257.0,1000.0,1200.0,SAT
212160,3321,Edinboro University of Pennsylvania,Edinboro,PA,16444,1,1,3,4,1,2,31.0,0.9253,470.0,580.0,460.0,550.0,17.0,23.0,4229.0,0.0818,16085.0,,21887.0,10282.0,14668.0,0.4407,0.4298,0.6602,0.5,0.7308,18480.0,26875.0,16085.0,930.0,1130.0,SAT
212197,3262,Elizabethtown College,Elizabethtown,PA,17022,1,1,3,4,2,2,21.0,0.7402,540.0,640.0,530.0,640.0,22.0,27.0,1647.0,0.0103,,28227.0,55903.0,45350.0,45350.0,0.1963,0.7456,0.8688,1.0,0.7035,25651.0,27000.0,28227.0,1070.0,1280.0,SAT
212601,3266,Gannon University,Erie,PA,16541,1,1,3,4,2,2,13.0,0.799,500.0,610.0,490.0,610.0,20.0,26.0,2616.0,0.0405,,21806.0,42638.0,30932.0,30932.0,0.2347,0.6815,0.8517,0.0,0.5662,25000.0,27000.0,21806.0,990.0,1220.0,SAT
212656,3267,Geneva College,Beaver Falls,PA,15010,1,1,3,4,2,2,21.0,0.6901,480.0,610.0,490.0,610.0,20.0,26.0,1330.0,0.0647,,19914.0,36438.0,26070.0,26070.0,0.3587,0.6859,0.7958,,0.8405,19500.0,25000.0,19914.0,970.0,1220.0,SAT
212832,3270,Gwynedd Mercy University,Gwynedd Valley,PA,19437,1,1,3,4,2,2,21.0,0.9377,470.0,560.0,460.0,550.0,17.0,23.0,1987.0,0.0599,,23564.0,44893.0,33600.0,33600.0,0.3287,0.4932,0.8387,,0.7474,20387.0,25000.0,23564.0,930.0,1110.0,SAT
212911,3274,Haverford College,Haverford,PA,19041,1,1,3,3,2,2,21.0,0.2005,700.0,760.0,690.0,770.0,31.0,34.0,1291.0,0.0008,,26607.0,69387.0,52994.0,52994.0,0.1569,0.9275,0.9685,,0.1987,10899.0,15000.0,26607.0,1390.0,1530.0,SAT
212984,3275,Holy Family University,Philadelphia,PA,19114,1,1,3,4,2,2,11.0,0.7075,475.0,555.0,445.0,535.0,,,1904.0,0.1465,,15323.0,37083.0,30346.0,30346.0,0.34,0.5521,0.7774,,0.6733,20000.0,25250.0,15323.0,920.0,1090.0,SAT
213011,3276,Immaculata University,Immaculata,PA,19345,1,1,3,4,2,2,21.0,0.8294,480.0,600.0,470.0,570.0,17.0,23.0,1383.0,0.3608,,31971.0,53064.0,27350.0,27350.0,0.2591,0.6204,0.7778,0.3333,0.6573,21724.0,27000.0,31971.0,950.0,1170.0,SAT
213020,3277,Indiana University of Pennsylvania-Main Campus,Indiana,PA,15705,1,1,3,4,1,2,32.0,0.9082,460.0,570.0,450.0,550.0,17.0,23.0,9965.0,0.0495,20761.0,,26075.0,12119.0,17271.0,0.3669,0.5585,0.716,0.6,0.7148,20500.0,27000.0,20761.0,910.0,1120.0,SAT
213349,3322,Kutztown University of Pennsylvania,Kutztown,PA,19530,1,1,3,4,1,2,31.0,0.8314,490.0,580.0,480.0,560.0,18.0,24.0,7443.0,0.0537,20789.0,,25274.0,9987.0,13975.0,0.3366,0.5305,0.7368,0.0,0.733,19125.0,26000.0,20789.0,970.0,1140.0,SAT
213358,3987,La Roche University,Pittsburgh,PA,15237,1,1,3,4,2,2,21.0,0.9657,480.0,590.0,470.0,550.0,18.0,23.0,1312.0,0.1143,,20792.0,40389.0,27720.0,27720.0,0.3236,0.5038,0.6667,,0.5811,19000.0,25000.0,20792.0,950.0,1140.0,SAT
213385,3284,Lafayette College,Easton,PA,18042,1,1,3,3,2,2,21.0,0.3081,630.0,710.0,630.0,730.0,28.0,31.0,2567.0,0.0062,,30820.0,66105.0,51600.0,51600.0,0.0906,0.8995,0.9492,,0.2914,19500.0,21500.0,30820.0,1260.0,1440.0,SAT
213400,3285,Lancaster Bible College,Lancaster,PA,17601,1,1,3,4,2,2,21.0,0.7181,480.0,590.0,460.0,580.0,20.0,25.0,1647.0,0.4596,,21145.0,32183.0,22580.0,22580.0,0.4145,0.5702,0.7561,0.2857,0.6469,13741.0,19500.0,21145.0,940.0,1170.0,SAT
213507,3288,Lebanon Valley College,Annville,PA,17003,1,1,3,4,2,2,23.0,0.73,533.0,620.0,530.0,630.0,22.0,26.0,1658.0,0.0241,,27287.0,53713.0,42180.0,42180.0,0.2541,0.7323,0.809,,0.7272,23460.0,27000.0,27287.0,1063.0,1250.0,SAT
213543,3289,Lehigh University,Bethlehem,PA,18015,1,1,3,4,2,2,13.0,0.2515,620.0,700.0,650.0,730.0,29.0,32.0,5057.0,0.0113,,34212.0,62921.0,50740.0,50740.0,0.1406,0.8579,0.9608,,0.4012,21000.0,23250.0,34212.0,1270.0,1430.0,SAT
213598,3290,Lincoln University,Lincoln University,PA,19352,1,1,3,4,1,2,21.0,0.7968,440.0,540.0,430.0,530.0,16.0,21.0,1994.0,0.0843,18769.0,,26226.0,11379.0,17151.0,0.6486,0.4623,0.6809,0.5556,0.8657,19500.0,31000.0,18769.0,870.0,1070.0,SAT
213613,3323,Lock Haven University,Lock Haven,PA,17745,1,1,3,4,1,2,32.0,0.8904,460.0,560.0,440.0,550.0,16.0,22.0,3425.0,0.0756,19034.0,,23107.0,10576.0,20056.0,0.3771,0.5472,0.7023,0.4,0.7649,19500.0,26977.0,19034.0,900.0,1110.0,SAT
213668,3293,Lycoming College,Williamsport,PA,17701,1,1,3,3,2,2,13.0,0.6403,490.0,600.0,498.0,600.0,21.0,25.0,1192.0,0.0034,,19019.0,51140.0,38618.0,38618.0,0.3769,0.6731,0.7959,,0.7688,25938.0,27000.0,19019.0,988.0,1200.0,SAT
213783,3324,Mansfield University of Pennsylvania,Mansfield,PA,16933,1,1,3,4,1,2,32.0,0.8919,480.0,570.0,470.0,560.0,17.0,22.0,1770.0,0.0695,21004.0,,26665.0,12316.0,22008.0,0.4301,0.4992,0.7085,,0.7691,20000.0,27000.0,21004.0,950.0,1130.0,SAT
213826,3296,Marywood University,Scranton,PA,18509,1,1,3,4,2,2,13.0,0.7512,460.0,550.0,460.0,570.0,19.0,26.0,1835.0,0.0616,,23541.0,45971.0,33940.0,33940.0,0.3221,0.6864,0.8638,0.5,0.7162,24500.0,27000.0,23541.0,920.0,1120.0,SAT
213996,3298,Messiah College,Mechanicsburg,PA,17055,1,1,3,4,2,2,21.0,0.7701,560.0,660.0,540.0,650.0,22.0,29.0,2670.0,0.0131,,27200.0,45919.0,34160.0,34160.0,0.1779,0.8052,0.8803,,0.6338,21250.0,25000.0,27200.0,1100.0,1310.0,SAT
214041,3325,Millersville University of Pennsylvania,Millersville,PA,17551,1,1,3,4,1,2,21.0,0.7949,490.0,590.0,480.0,570.0,,,6613.0,0.1456,22032.0,,25898.0,11858.0,21560.0,0.2967,0.6155,0.7737,0.2353,0.6409,17150.0,24250.0,22032.0,970.0,1160.0,SAT
214069,3247,Misericordia University,Dallas,PA,18612,1,1,3,4,2,2,21.0,0.7879,520.0,610.0,510.0,595.0,22.0,26.0,2100.0,0.2095,,25561.0,44582.0,31660.0,31660.0,0.2692,0.7609,0.8534,0.4286,0.7121,23250.0,26500.0,25561.0,1030.0,1205.0,SAT
214148,3300,Moore College of Art and Design,Philadelphia,PA,19103,1,1,3,4,2,2,11.0,0.5407,580.0,590.0,550.0,560.0,,,373.0,0.0322,,33969.0,54438.0,39833.0,39833.0,0.3814,0.5652,0.7746,,0.8918,21990.0,26000.0,33969.0,1130.0,1150.0,SAT
214157,3301,Moravian College,Bethlehem,PA,18018,1,1,3,4,2,2,13.0,0.7597,510.0,610.0,500.0,600.0,21.0,27.0,2007.0,0.0623,,26838.0,54220.0,42024.0,42024.0,0.2792,0.631,0.8237,,0.7419,21500.0,27000.0,26838.0,1010.0,1210.0,SAT
214166,3302,Mount Aloysius College,Cresson,PA,16630,1,1,3,4,2,2,31.0,0.6087,470.0,560.0,470.0,560.0,18.0,22.0,1185.0,0.1646,,21940.0,34402.0,22430.0,22430.0,0.3169,0.4337,0.587,0.3333,0.6372,18500.0,24475.0,21940.0,940.0,1120.0,SAT
214175,3304,Muhlenberg College,Allentown,PA,18104,1,1,3,3,2,2,12.0,0.4836,580.0,680.0,560.0,660.0,25.0,30.0,2329.0,0.0219,,31131.0,62231.0,50830.0,50830.0,0.1379,0.8647,0.9089,,0.5054,23250.0,26798.0,31131.0,1140.0,1340.0,SAT
214272,3988,Neumann University,Aston,PA,19014,1,1,3,4,2,2,21.0,0.9628,450.0,550.0,440.0,530.0,15.0,20.0,1997.0,0.2679,,22583.0,41734.0,30050.0,30050.0,0.3793,0.5664,0.7733,,0.734,24176.0,27000.0,22583.0,890.0,1080.0,SAT
214591,3329,Pennsylvania State University-Penn State Erie-Behrend College,Erie,PA,16563,0,23,3,4,1,2,22.0,0.8891,520.0,610.0,530.0,640.0,22.0,27.0,4283.0,0.0402,24477.0,,30382.0,15190.0,23692.0,0.2846,0.6518,0.8397,0.5714,0.6317,19500.0,26000.0,24477.0,1050.0,1250.0,SAT
214625,3329,Pennsylvania State University-Penn State New Kensington,New Kensington,PA,15068,0,23,3,3,1,2,41.0,0.7676,490.0,580.0,500.0,600.0,18.0,29.0,573.0,0.1588,15068.0,,21588.0,13694.0,21328.0,0.293,0.4706,0.7803,0.25,0.5889,19500.0,26000.0,15068.0,990.0,1180.0,SAT
214634,3329,Pennsylvania State University-Penn State Shenango,Sharon,PA,16146,0,23,3,3,1,2,21.0,0.7428,490.0,560.0,460.0,550.0,17.0,23.0,345.0,0.3159,16905.0,,24346.0,13324.0,20810.0,0.4372,0.2391,0.5484,0.3333,0.6126,19500.0,26000.0,16905.0,950.0,1110.0,SAT
214643,3329,Pennsylvania State University-Penn State Wilkes-Barre,Lehman,PA,18627,0,23,3,3,1,2,41.0,0.8245,490.0,580.0,495.0,590.0,18.0,25.0,404.0,0.047,13352.0,,21350.0,13568.0,21202.0,0.3375,0.6021,0.8065,0.0,0.6059,19500.0,26000.0,13352.0,985.0,1170.0,SAT
214652,3329,Pennsylvania State University-Penn State Scranton,Dunmore,PA,18512,0,23,3,3,1,2,21.0,0.7792,470.0,570.0,460.0,570.0,17.0,25.0,1003.0,0.1067,14825.0,,22751.0,14460.0,22378.0,0.475,0.377,0.765,0.5714,0.6958,19500.0,26000.0,14825.0,930.0,1140.0,SAT
214670,3329,Pennsylvania State University-Penn State Lehigh Valley,Center Valley,PA,18034,0,23,3,4,1,2,21.0,0.8534,490.0,600.0,490.0,620.0,21.0,27.0,823.0,0.1154,14178.0,,22208.0,14460.0,22378.0,0.3641,0.5455,0.8063,1.0,0.5207,19500.0,26000.0,14178.0,980.0,1220.0,SAT
214689,3329,Pennsylvania State University-Penn State Altoona,Altoona,PA,16601,0,23,3,3,1,2,13.0,0.9225,500.0,590.0,500.0,590.0,21.0,26.0,3451.0,0.0249,23927.0,,30175.0,15190.0,23692.0,0.2982,0.6436,0.8223,0.3636,0.6379,19500.0,26000.0,23927.0,1000.0,1180.0,SAT
214698,3329,Pennsylvania State University-Penn State Beaver,Monaca,PA,15061,0,23,3,3,1,2,21.0,0.8131,490.0,595.0,495.0,600.0,20.0,28.0,598.0,0.0619,17288.0,,24850.0,13694.0,21328.0,0.3402,0.46,0.7578,0.125,0.6584,19500.0,26000.0,17288.0,985.0,1195.0,SAT
214704,3329,Pennsylvania State University-Penn State Berks,Reading,PA,19610,0,23,3,3,1,2,21.0,0.857,490.0,590.0,490.0,600.0,21.0,26.0,2635.0,0.0899,22144.0,,28088.0,15190.0,23692.0,0.3317,0.5713,0.7779,0.4667,0.6541,19500.0,26000.0,22144.0,980.0,1190.0,SAT
214713,3329,Pennsylvania State University-Penn State Harrisburg,Middletown,PA,17057,0,23,3,4,1,2,21.0,0.8375,510.0,610.0,520.0,650.0,22.0,27.0,4223.0,0.0684,21974.0,,28792.0,15190.0,23692.0,0.2926,0.581,0.8766,0.4,0.5457,19500.0,26000.0,21974.0,1030.0,1260.0,SAT
214731,3329,Pennsylvania State University-Penn State Brandywine,Media,PA,19063,0,23,3,3,1,2,21.0,0.8703,470.0,590.0,480.0,610.0,19.0,27.0,1366.0,0.0959,16255.0,,23057.0,14460.0,22378.0,0.3648,0.4188,0.7414,0.5,0.5598,19500.0,26000.0,16255.0,950.0,1200.0,SAT
214759,3329,Pennsylvania State University-Penn State Fayette- Eberly,Lemont Furnace,PA,15456,0,23,3,3,1,2,23.0,0.8214,470.0,580.0,460.0,570.0,17.0,20.0,649.0,0.0924,14524.0,,21907.0,13632.0,21266.0,0.4339,0.4847,0.7811,0.5,0.6921,19500.0,26000.0,14524.0,930.0,1150.0,SAT
214768,3329,Pennsylvania State University-Penn State Hazleton,Hazleton,PA,18202,0,23,3,3,1,2,23.0,0.9352,460.0,570.0,460.0,580.0,18.0,28.0,699.0,0.0644,18893.0,,27217.0,14460.0,22378.0,0.4009,0.5275,0.8287,0.75,0.6744,19500.0,26000.0,18893.0,920.0,1150.0,SAT
214777,3329,Pennsylvania State University-Main Campus,University Park,PA,16802,1,23,3,4,1,2,13.0,0.5031,580.0,660.0,580.0,680.0,25.0,30.0,40553.0,0.0215,30373.0,,35518.0,18436.0,33664.0,0.1476,0.8481,0.9307,0.7963,0.4466,19500.0,26000.0,30373.0,1160.0,1340.0,SAT
214786,3329,Pennsylvania State University-Penn State Greater Allegheny,McKeesport,PA,15132,0,23,3,3,1,2,21.0,0.8187,470.0,590.0,490.0,600.0,18.0,24.0,488.0,0.0758,15862.0,,24929.0,13694.0,21328.0,0.4636,0.4348,0.7261,0.0,0.6873,19500.0,26000.0,15862.0,960.0,1190.0,SAT
214801,3329,Pennsylvania State University-Penn State Abington,Abington,PA,19001,0,23,3,3,1,2,21.0,0.8523,480.0,580.0,490.0,620.0,21.0,27.0,3674.0,0.1149,15057.0,,23536.0,14516.0,22558.0,0.3922,0.4981,0.8299,0.3077,0.5268,19500.0,26000.0,15057.0,970.0,1200.0,SAT
214810,3329,Pennsylvania State University-Penn State Schuylkill,Schuylkill Haven,PA,17972,0,23,3,3,1,2,32.0,0.7555,450.0,570.0,450.0,540.0,16.0,25.0,695.0,0.1482,13890.0,,21919.0,14398.0,22316.0,0.4559,0.3765,0.8214,0.6667,0.7154,19500.0,26000.0,13890.0,900.0,1110.0,SAT
214829,3329,Pennsylvania State University-Penn State York,York,PA,17403,0,23,3,4,1,2,22.0,0.825,500.0,600.0,530.0,680.0,23.0,26.0,899.0,0.1201,16123.0,,22549.0,14460.0,22378.0,0.2755,0.5683,0.7698,0.25,0.4726,19500.0,26000.0,16123.0,1030.0,1280.0,SAT
215062,3378,University of Pennsylvania,Philadelphia,PA,19104,1,1,3,4,2,2,11.0,0.093,700.0,770.0,720.0,790.0,32.0,35.0,10660.0,0.0373,,24242.0,69340.0,53534.0,53534.0,0.1261,0.9572,0.9769,0.9138,0.1502,17085.0,19500.0,24242.0,1420.0,1560.0,SAT
215114,3351,Cairn University-Langhorne,Langhorne,PA,19047,1,1,3,4,2,2,21.0,0.9855,473.0,590.0,465.0,575.0,17.0,23.0,757.0,0.0449,,18776.0,37547.0,26493.0,26493.0,0.4257,0.6048,0.75,0.6667,0.8459,22616.0,27000.0,18776.0,938.0,1165.0,SAT
215132,3353,University of the Sciences,Philadelphia,PA,19104,1,1,3,4,2,2,11.0,0.6076,560.0,640.0,570.0,655.0,24.0,29.0,1268.0,0.0134,,31454.0,56669.0,39994.0,39994.0,0.2813,0.7267,0.8535,,0.689,26999.0,27000.0,31454.0,1130.0,1295.0,SAT
215266,3379,University of Pittsburgh-Bradford,Bradford,PA,16701,0,5,3,3,1,2,33.0,0.5436,490.0,590.0,490.0,570.0,20.0,24.0,1296.0,0.0548,18432.0,,26640.0,13900.0,25144.0,0.4444,0.4463,0.6592,0.0,0.7754,20500.0,26000.0,18432.0,980.0,1160.0,SAT
215275,3379,University of Pittsburgh-Greensburg,Greensburg,PA,15601,0,5,3,3,1,2,21.0,0.7327,510.0,590.0,510.0,590.0,19.0,25.0,1521.0,0.0572,17949.0,,26514.0,13870.0,25114.0,0.3461,0.3145,0.6459,0.0,0.6868,20500.0,26000.0,17949.0,1020.0,1180.0,SAT
215284,3379,University of Pittsburgh-Johnstown,Johnstown,PA,15904,0,5,3,3,1,2,23.0,0.7598,510.0,590.0,510.0,590.0,20.0,25.0,2776.0,0.0234,20542.0,,26606.0,13876.0,25120.0,0.3026,0.4675,0.7188,0.0,0.706,20500.0,26000.0,20542.0,1020.0,1180.0,SAT
215293,3379,University of Pittsburgh-Pittsburgh Campus,Pittsburgh,PA,15260,1,5,3,4,1,2,11.0,0.5971,620.0,700.0,620.0,718.0,27.0,32.0,19134.0,0.0409,28331.0,,32633.0,19080.0,30642.0,0.1569,0.8249,0.9266,0.6667,0.5059,20500.0,26000.0,28331.0,1240.0,1418.0,SAT
215442,3357,Point Park University,Pittsburgh,PA,15222,1,1,3,4,2,2,11.0,0.6486,500.0,610.0,480.0,580.0,19.0,25.0,3230.0,0.1461,,19494.0,41486.0,30130.0,30130.0,0.3809,0.5471,0.7802,0.2,0.9558,21500.0,27000.0,19494.0,980.0,1190.0,SAT
215655,3359,Robert Morris University,Moon Township,PA,15108,1,1,3,4,2,2,21.0,0.8332,510.0,600.0,510.0,600.0,21.0,27.0,4213.0,0.0888,,25996.0,43630.0,29420.0,29420.0,0.2803,0.6069,0.8114,,0.607,22617.0,27000.0,25996.0,1020.0,1200.0,SAT
215691,3360,Rosemont College,Rosemont,PA,19010,1,1,3,4,2,2,21.0,0.6961,470.0,570.0,440.0,540.0,16.0,20.0,609.0,0.156,,19151.0,33095.0,19486.0,19486.0,0.5436,0.6132,0.6433,,0.8085,17750.0,27000.0,19151.0,910.0,1110.0,SAT
215743,3366,Saint Francis University,Loretto,PA,15940,1,1,3,4,2,2,31.0,0.7574,520.0,620.0,510.0,610.0,21.0,27.0,1676.0,0.099,,26040.0,47401.0,35066.0,35066.0,0.1953,0.6357,0.8506,,0.5165,27000.0,27750.0,26040.0,1030.0,1230.0,SAT
215770,3367,Saint Joseph's University,Philadelphia,PA,19131,1,1,3,4,2,2,11.0,0.7718,560.0,640.0,550.0,650.0,23.0,28.0,5040.0,0.1127,,33546.0,59105.0,43880.0,43880.0,0.1248,0.8196,0.9073,1.0,0.4934,20250.0,25000.0,33546.0,1110.0,1290.0,SAT
215798,3368,Saint Vincent College,Latrobe,PA,15650,1,1,3,4,2,2,21.0,0.6193,510.0,610.0,510.0,600.0,20.0,26.0,1616.0,0.008,,20909.0,46660.0,34430.0,34430.0,0.2722,0.6919,0.8641,1.0,0.726,24250.0,27000.0,20909.0,1020.0,1210.0,SAT
215929,3384,University of Scranton,Scranton,PA,18510,1,1,3,4,2,2,13.0,0.7479,550.0,640.0,530.0,640.0,23.0,28.0,3695.0,0.0217,,35298.0,58337.0,43310.0,43310.0,0.1805,0.7686,0.8663,0.5,0.6493,25949.0,27000.0,35298.0,1080.0,1280.0,SAT
216010,3326,Shippensburg University of Pennsylvania,Shippensburg,PA,17257,1,1,3,4,1,2,31.0,0.8355,480.0,570.0,480.0,570.0,18.0,22.0,5464.0,0.0584,21714.0,,25885.0,12086.0,20186.0,0.3158,0.5152,0.7073,0.3333,0.6964,18500.0,25500.0,21714.0,960.0,1140.0,SAT
216038,3327,Slippery Rock University of Pennsylvania,Slippery Rock,PA,16057,1,1,3,4,1,2,32.0,0.7149,500.0,580.0,500.0,580.0,19.0,24.0,7539.0,0.0586,18921.0,,23513.0,10205.0,14193.0,0.3132,0.6605,0.8112,,0.696,19500.0,25000.0,18921.0,1000.0,1160.0,SAT
216287,3370,Swarthmore College,Swarthmore,PA,19081,1,1,3,3,2,2,21.0,0.107,690.0,760.0,690.0,780.0,31.0,34.0,1565.0,0.0,,20511.0,66549.0,50822.0,50822.0,0.1627,0.9404,0.9783,,0.1711,15065.0,20000.0,20511.0,1380.0,1540.0,SAT
216357,3376,Thiel College,Greenville,PA,16125,1,1,3,3,2,2,31.0,0.6287,440.0,550.0,440.0,560.0,17.0,24.0,736.0,0.0041,,22446.0,44009.0,30830.0,30830.0,0.4687,0.4744,0.5459,,0.84,20000.0,27000.0,22446.0,880.0,1110.0,SAT
216524,3385,Ursinus College,Collegeville,PA,19426,1,1,3,3,2,2,21.0,0.7821,560.0,660.0,550.0,650.0,24.0,30.0,1485.0,0.0,,29219.0,64714.0,50360.0,50360.0,0.1915,0.7681,0.8534,,0.6754,27000.0,27000.0,29219.0,1110.0,1310.0,SAT
216597,3388,Villanova University,Villanova,PA,19085,1,1,3,4,2,2,21.0,0.36,620.0,710.0,630.0,730.0,30.0,33.0,6886.0,0.053,,41849.0,65640.0,51284.0,51284.0,0.1046,0.903,0.9469,,0.4236,25000.0,26000.0,41849.0,1250.0,1440.0,SAT
216694,3391,Waynesburg University,Waynesburg,PA,15370,1,1,3,4,2,2,32.0,0.9534,495.0,580.0,475.0,580.0,18.0,24.0,1371.0,0.0314,,19258.0,33638.0,24010.0,24010.0,0.3383,0.665,0.7588,,0.8308,22500.0,27000.0,19258.0,970.0,1160.0,SAT
216764,3328,West Chester University of Pennsylvania,West Chester,PA,19383,1,1,3,4,1,2,21.0,0.685,530.0,610.0,510.0,600.0,21.0,26.0,14223.0,0.0865,22193.0,,25279.0,10111.0,21591.0,0.2533,0.726,0.8509,0.2308,0.6115,19000.0,23593.0,22193.0,1040.0,1210.0,SAT
216807,3392,Westminster College,New Wilmington,PA,16172,1,1,3,4,2,2,31.0,0.7248,500.0,620.0,490.0,600.0,20.0,27.0,1174.0,0.0043,,21618.0,47424.0,36276.0,36276.0,0.3385,0.6953,0.7844,,0.7566,21375.0,27000.0,21618.0,990.0,1220.0,SAT
216852,3313,Widener University,Chester,PA,19013,1,1,3,4,2,2,21.0,0.6543,510.0,590.0,510.0,590.0,20.0,25.0,3224.0,0.0996,,30017.0,57523.0,44166.0,44166.0,0.2321,0.5709,0.8008,0.5,0.6786,20834.0,27000.0,30017.0,1020.0,1180.0,SAT
216931,3394,Wilkes University,Wilkes-Barre,PA,18766,1,1,3,4,2,2,13.0,0.7531,520.0,610.0,520.0,610.0,21.0,26.0,2379.0,0.0668,,25852.0,48410.0,34896.0,34896.0,0.335,0.5974,0.7572,0.0,0.7052,20101.0,26000.0,25852.0,1040.0,1220.0,SAT
217013,3396,Wilson College,Chambersburg,PA,17201,1,1,3,4,2,2,13.0,0.5877,480.0,570.0,460.0,540.0,21.0,26.0,697.0,0.208,,19743.0,36377.0,24452.0,24452.0,0.3516,0.5147,0.7031,,0.7019,16200.0,25303.0,19743.0,940.0,1110.0,SAT
217059,3399,York College of Pennsylvania,York,PA,17403,1,1,3,4,2,2,22.0,0.699,500.0,590.0,500.0,600.0,20.0,25.0,4079.0,0.0657,,20779.0,30217.0,19430.0,19430.0,0.2439,0.5674,0.8071,0.3333,0.6772,21250.0,26902.0,20779.0,1000.0,1190.0,SAT
217156,3401,Brown University,Providence,RI,02912,1,1,3,4,2,1,12.0,0.0849,705.0,780.0,700.0,790.0,31.0,35.0,6670.0,0.0024,,30205.0,68106.0,53419.0,53419.0,0.1411,0.9514,0.9815,,0.2147,14500.0,15500.0,30205.0,1405.0,1570.0,SAT
217402,3406,Providence College,Providence,RI,02918,1,1,3,4,2,1,12.0,0.5152,580.0,660.0,580.0,670.0,26.0,30.0,4011.0,0.0484,,38823.0,62455.0,48764.0,48764.0,0.1415,0.8422,0.9195,0.5,0.554,27000.0,27000.0,38823.0,1160.0,1330.0,SAT
217420,3407,Rhode Island College,Providence,RI,02908,1,1,3,4,1,1,21.0,0.7359,450.0,560.0,430.0,530.0,15.0,22.0,6900.0,0.2149,10366.0,,15726.0,8776.0,21289.0,0.4213,0.4619,0.7463,0.2609,0.5665,14477.0,21500.0,10366.0,880.0,1090.0,SAT
217484,3414,University of Rhode Island,Kingston,RI,02881,1,1,3,4,1,1,21.0,0.7006,530.0,620.0,520.0,610.0,22.0,27.0,14008.0,0.1011,19431.0,,27834.0,13792.0,30042.0,0.2333,0.656,0.8479,0.5238,0.6425,18500.0,23000.0,19431.0,1050.0,1230.0,SAT
217493,3409,Rhode Island School of Design,Providence,RI,02903,1,1,3,4,2,1,12.0,0.3193,570.0,660.0,560.0,710.0,25.0,31.0,1976.0,0.0,,46277.0,66047.0,48370.0,48370.0,0.1576,0.9115,0.9452,,0.3662,25000.0,27000.0,46277.0,1130.0,1370.0,SAT
217633,3418,Anderson University,Anderson,SC,29621,1,1,3,4,2,5,13.0,0.7907,530.0,620.0,510.0,610.0,21.0,26.0,2776.0,0.0818,,21439.0,40115.0,26970.0,26970.0,0.294,0.5673,0.7455,0.5,0.6424,19250.0,26471.0,21439.0,1040.0,1230.0,SAT
217688,3419,Charleston Southern University,Charleston,SC,29406,1,1,3,4,2,5,12.0,0.5632,510.0,560.0,500.0,530.0,20.0,22.0,3034.0,0.0794,,17297.0,36794.0,24840.0,24840.0,0.4669,0.3484,0.6565,0.0,0.7968,16500.0,27000.0,17297.0,1010.0,1090.0,SAT
217749,3421,Bob Jones University,Greenville,SC,29614,1,1,3,4,3,5,13.0,0.8616,485.0,615.0,475.0,570.0,20.0,27.0,2367.0,0.0258,,13504.0,24090.0,16500.0,16500.0,0.3628,0.6695,0.8183,0.625,0.3511,13500.0,18500.0,13504.0,960.0,1185.0,SAT
217819,3428,College of Charleston,Charleston,SC,29424,1,1,3,4,1,5,12.0,0.8045,550.0,630.0,520.0,600.0,22.0,27.0,9599.0,0.06,19311.0,,28426.0,12422.0,30810.0,0.234,0.6921,0.7809,0.1429,0.4293,15750.0,21608.0,19311.0,1070.0,1230.0,SAT
217864,3423,Citadel Military College of South Carolina,Charleston,SC,29409,1,1,3,4,1,5,12.0,0.8107,510.0,610.0,510.0,610.0,20.0,25.0,2814.0,0.091,17935.0,,27838.0,12056.0,33819.0,0.225,0.7343,0.846,,0.484,18594.0,23250.0,17935.0,1020.0,1220.0,SAT
217873,3424,Claflin University,Orangeburg,SC,29115,1,1,3,4,2,5,32.0,0.4117,390.0,570.0,390.0,560.0,14.0,23.0,1990.0,0.0176,,19962.0,32079.0,16480.0,16480.0,0.736,0.5319,0.7857,,0.8583,22750.0,32500.0,19962.0,780.0,1130.0,SAT
217882,3425,Clemson University,Clemson,SC,29634,1,1,3,4,1,5,21.0,0.4718,620.0,690.0,600.0,700.0,27.0,31.0,19172.0,0.0301,17696.0,,28545.0,15116.0,36058.0,0.1692,0.821,0.9264,0.6667,0.3996,19250.0,21500.0,17696.0,1220.0,1390.0,SAT
217907,3427,Coker College,Hartsville,SC,29550,1,1,3,4,2,5,32.0,0.617,470.0,560.0,450.0,540.0,17.0,21.0,1012.0,0.1018,,15872.0,37964.0,28684.0,28684.0,0.4769,0.466,0.6142,0.4,0.6928,16000.0,27000.0,15872.0,920.0,1100.0,SAT
217925,3429,Columbia International University,Columbia,SC,29203,1,1,3,4,2,5,12.0,0.2825,430.0,540.0,410.0,530.0,17.0,25.0,491.0,0.0754,,18191.0,33549.0,22390.0,22390.0,0.4427,0.6707,0.7308,1.0,0.6097,15000.0,20250.0,18191.0,840.0,1070.0,SAT
217934,3430,Columbia College,Columbia,SC,29203,1,1,3,4,2,5,12.0,0.8682,490.0,580.0,460.0,540.0,17.0,21.0,1378.0,0.418,,18340.0,40995.0,19500.0,19500.0,0.465,0.4922,0.6986,,0.7102,15000.0,20805.0,18340.0,950.0,1120.0,SAT
217961,3431,Converse College,Spartanburg,SC,29302,1,1,3,4,2,5,13.0,0.7126,500.0,600.0,470.0,560.0,20.0,26.0,916.0,0.0611,,21556.0,31631.0,17680.0,17680.0,0.4506,0.7208,0.7185,0.75,0.7414,17375.0,27000.0,21556.0,970.0,1160.0,SAT
217998,3432,Erskine College,Due West,SC,29639,1,1,3,4,2,5,42.0,0.5452,480.0,570.0,480.0,540.0,19.0,24.0,575.0,0.0122,,33408.0,50824.0,34560.0,34560.0,0.3993,0.5951,0.4928,0.3333,0.6563,12375.0,27000.0,33408.0,960.0,1110.0,SAT
218061,9226,Francis Marion University,Florence,SC,29506,1,1,3,4,1,5,23.0,0.6005,440.0,550.0,430.0,530.0,17.0,22.0,3079.0,0.0412,12619.0,,20324.0,10742.0,20918.0,0.542,0.3733,0.6461,,0.7749,18750.0,29250.0,12619.0,870.0,1080.0,SAT
218070,3434,Furman,Greenville,SC,29613,1,1,3,4,2,5,21.0,0.6118,600.0,690.0,590.0,690.0,26.0,31.0,2728.0,0.0268,,28057.0,63210.0,48348.0,48348.0,0.128,0.8051,0.9251,,0.3243,19500.0,23903.0,28057.0,1190.0,1380.0,SAT
218229,3435,Lander University,Greenwood,SC,29649,1,1,3,4,1,5,32.0,0.4757,480.0,560.0,460.0,540.0,17.0,23.0,2722.0,0.0511,14508.0,,23092.0,11700.0,21300.0,0.4539,0.4235,0.6332,,0.6459,12463.0,26264.0,14508.0,940.0,1100.0,SAT
218238,3436,Limestone College,Gaffney,SC,29340,1,1,3,4,2,5,31.0,0.5045,480.0,560.0,480.0,550.0,17.0,22.0,2491.0,0.2208,,24073.0,39156.0,25025.0,25025.0,0.5092,0.4336,0.5145,0.3889,0.7176,16000.0,27750.0,24073.0,960.0,1110.0,SAT
218414,3440,Newberry College,Newberry,SC,29108,1,1,3,3,2,5,32.0,0.5833,460.0,580.0,460.0,550.0,17.0,22.0,1173.0,0.0128,,19167.0,39478.0,25900.0,25900.0,0.4579,0.5213,0.6421,,0.7841,14000.0,27000.0,19167.0,920.0,1130.0,SAT
218441,3441,North Greenville University,Tigerville,SC,29688,1,1,3,4,2,5,41.0,0.6085,460.0,610.0,470.0,660.0,19.0,28.0,2167.0,0.0406,,26450.0,32562.0,19150.0,19150.0,0.3319,0.5112,0.7039,0.6316,0.5045,13000.0,21200.0,26450.0,930.0,1270.0,SAT
218539,3445,Presbyterian College,Clinton,SC,29325,1,1,3,4,2,5,32.0,0.6517,510.0,620.0,510.0,630.0,21.0,27.0,947.0,0.0053,,19774.0,51820.0,37842.0,37842.0,0.2643,0.6852,0.8188,,0.4657,18600.0,25503.0,19774.0,1020.0,1250.0,SAT
218645,3449,University of South Carolina-Aiken,Aiken,SC,29801,1,1,3,4,1,5,21.0,0.5294,470.0,570.0,450.0,550.0,18.0,23.0,3029.0,0.1076,14927.0,,21905.0,10502.0,20702.0,0.4064,0.4073,0.6818,0.7143,0.5805,14000.0,26000.0,14927.0,920.0,1120.0,SAT
218654,3450,University of South Carolina-Beaufort,Bluffton,SC,29909,1,1,3,3,1,5,31.0,0.6445,480.0,560.0,450.0,530.0,17.0,22.0,2011.0,0.1154,16507.0,,23052.0,10647.0,21423.0,0.4419,0.2727,0.6219,0.3333,0.6359,12000.0,25000.0,16507.0,930.0,1090.0,SAT
218663,3448,University of South Carolina-Columbia,Columbia,SC,29208,1,2,3,4,1,5,12.0,0.7231,590.0,660.0,580.0,670.0,25.0,30.0,25550.0,0.038,19519.0,,26079.0,11862.0,31962.0,0.201,0.7502,0.8823,0.8,0.46,19000.0,22724.0,19519.0,1170.0,1330.0,SAT
218724,3451,Coastal Carolina University,Conway,SC,29526,1,1,3,4,1,5,13.0,0.6119,510.0,590.0,510.0,580.0,19.0,24.0,9546.0,0.0593,16337.0,,23999.0,11200.0,25872.0,0.358,0.4229,0.6714,0.0,0.6633,15415.0,25000.0,16337.0,1020.0,1170.0,SAT
218733,3446,South Carolina State University,Orangeburg,SC,29117,1,1,3,4,1,5,32.0,0.7826,420.0,490.0,420.0,490.0,15.0,18.0,2489.0,0.0836,21795.0,,29355.0,10740.0,21120.0,0.7386,0.3598,0.6857,0.1429,0.7722,19874.0,31000.0,21795.0,840.0,980.0,SAT
218742,6951,University of South Carolina-Upstate,Spartanburg,SC,29303,1,1,3,4,1,5,22.0,0.5784,470.0,560.0,450.0,540.0,17.0,22.0,5149.0,0.1297,14896.0,,22583.0,11520.0,22848.0,0.4466,0.4328,0.6754,0.0,0.6314,15000.0,22000.0,14896.0,920.0,1100.0,SAT
218964,3456,Winthrop University,Rock Hill,SC,29733,1,1,3,4,1,5,13.0,0.7339,500.0,620.0,480.0,580.0,19.0,25.0,4710.0,0.0473,17274.0,,27239.0,15220.0,29136.0,0.408,0.5707,0.7647,0.0,0.6378,20250.0,27000.0,17274.0,980.0,1200.0,SAT
218973,3457,Wofford College,Spartanburg,SC,29303,1,1,3,3,2,5,13.0,0.6907,570.0,660.0,550.0,650.0,29.0,30.0,1675.0,0.0078,,24722.0,55098.0,41955.0,41955.0,0.1628,0.8067,0.8909,,0.4379,23250.0,26000.0,24722.0,1120.0,1310.0,SAT
219000,3458,Augustana University,Sioux Falls,SD,57197,1,1,3,4,2,4,12.0,0.678,530.0,630.0,540.0,660.0,23.0,29.0,1704.0,0.0264,,18514.0,40681.0,31960.0,31960.0,0.1892,0.7103,0.8575,0.0,0.5748,22330.0,26163.0,18514.0,1070.0,1290.0,SAT
219046,3459,Black Hills State University,Spearfish,SD,57799,1,1,3,4,1,4,32.0,0.8695,458.0,628.0,435.0,588.0,18.0,24.0,2736.0,0.2259,15839.0,,19197.0,8602.0,11602.0,0.2802,0.3532,0.6929,0.4667,0.4683,12500.0,26000.0,15839.0,893.0,1216.0,SAT
219082,3463,Dakota State University,Madison,SD,57042,1,1,3,4,1,4,32.0,0.8436,490.0,620.0,460.0,620.0,19.0,26.0,2024.0,0.3231,16940.0,,20501.0,9147.0,12077.0,0.2458,0.3605,0.718,0.4762,0.4754,13105.0,24957.0,16940.0,950.0,1240.0,SAT
219091,3461,Dakota Wesleyan University,Mitchell,SD,57301,1,1,3,4,2,4,33.0,0.7604,360.0,600.0,390.0,570.0,20.0,24.0,774.0,0.1421,,20336.0,37235.0,27030.0,27030.0,0.2981,0.5155,0.6588,,0.8464,18546.0,27000.0,20336.0,750.0,1170.0,SAT
219198,3465,Mount Marty College,Yankton,SD,57078,1,1,3,4,2,4,33.0,0.6652,,,,,19.0,24.0,566.0,0.2067,,20396.0,37814.0,26310.0,26310.0,0.1815,0.5862,0.7184,0.5833,0.381,17500.0,27000.0,20396.0,1003.3333333333334,1173.3333333333333,ACT_coverted
219259,3466,Northern State University,Aberdeen,SD,57401,1,1,3,4,1,4,33.0,0.8783,470.0,560.0,480.0,580.0,19.0,24.0,1488.0,0.1599,14821.0,,19601.0,8280.0,11210.0,0.1707,0.4512,0.7696,0.6,0.3119,16795.0,22616.0,14821.0,950.0,1140.0,SAT
219295,3467,Presentation College,Aberdeen,SD,57401,1,1,3,3,2,4,33.0,0.9628,470.0,540.0,430.0,540.0,18.0,22.0,749.0,0.3658,,19329.0,30978.0,19830.0,19830.0,0.4044,0.2727,0.5789,,0.7491,13905.0,25500.0,19329.0,900.0,1080.0,SAT
219347,3470,South Dakota School of Mines and Technology,Rapid City,SD,57701,1,1,3,4,1,4,13.0,0.8339,560.0,660.0,590.0,693.0,24.0,29.0,2295.0,0.1342,19759.0,,23835.0,10400.0,14580.0,0.2205,0.5074,0.8008,0.4,0.5343,18500.0,27000.0,19759.0,1150.0,1353.0,SAT
219356,3471,South Dakota State University,Brookings,SD,57007,1,1,3,4,1,4,33.0,0.9137,480.0,630.0,500.0,630.0,20.0,26.0,9704.0,0.1335,19415.0,,22410.0,8441.0,11689.0,0.2097,0.5492,0.7721,0.4364,0.5407,15000.0,24250.0,19415.0,980.0,1260.0,SAT
219383,3469,University of Sioux Falls,Sioux Falls,SD,57105,1,1,3,4,2,4,12.0,0.9201,450.0,660.0,460.0,640.0,20.0,25.0,1174.0,0.1201,,20014.0,38174.0,27980.0,27980.0,0.3034,0.4944,0.7296,0.4545,0.6791,16500.0,23250.0,20014.0,910.0,1300.0,SAT
219471,3474,University of South Dakota,Vermillion,SD,57069,1,1,3,4,1,4,32.0,0.8691,510.0,590.0,500.0,640.0,20.0,25.0,6171.0,0.2092,17359.0,,21239.0,8772.0,12019.0,0.2317,0.5519,0.7243,0.5493,0.5265,16879.0,25000.0,17359.0,1010.0,1230.0,SAT
219602,3478,Austin Peay State University,Clarksville,TN,37044,1,1,3,4,1,5,12.0,0.9013,513.0,605.0,473.0,598.0,19.0,24.0,9090.0,0.2238,12619.0,,20962.0,7913.0,23153.0,0.5115,0.3752,0.6851,0.5537,0.5397,12500.0,22355.0,12619.0,986.0,1203.0,SAT
219639,34403,Baptist Memorial College of Health Sciences,Memphis,TN,38104,1,1,3,3,2,5,11.0,0.5372,,,,,19.0,28.0,1050.0,0.5152,,10731.0,20606.0,11542.0,11542.0,0.54,0.7143,0.7231,0.0,0.8002,25500.0,35172.0,10731.0,1003.3333333333334,1306.6666666666667,ACT_coverted
219709,3479,Belmont University,Nashville,TN,37212,1,1,3,4,2,5,11.0,0.8119,590.0,670.0,550.0,640.0,24.0,29.0,6443.0,0.0483,,34819.0,48870.0,32820.0,32820.0,0.1648,0.6962,0.8501,0.0,0.5636,17500.0,20640.0,34819.0,1140.0,1310.0,SAT
219718,3480,Bethel University,McKenzie,TN,38201,1,1,3,4,2,5,32.0,0.9359,430.0,490.0,460.0,550.0,16.0,21.0,3975.0,0.1311,,14294.0,29608.0,16552.0,16552.0,0.5051,0.2715,0.5975,0.4286,0.6581,17250.0,30132.0,14294.0,890.0,1040.0,SAT
219790,3536,Bryan College-Dayton,Dayton,TN,37321,1,1,3,4,2,5,32.0,0.5434,510.0,630.0,480.0,580.0,20.0,26.0,892.0,0.0852,,15532.0,34338.0,25600.0,25600.0,0.315,0.4638,0.6755,,0.4381,12000.0,20500.0,15532.0,990.0,1210.0,SAT
219806,3481,Carson-Newman University,Jefferson City,TN,37760,1,1,3,4,2,5,23.0,0.6736,480.0,580.0,460.0,570.0,20.0,26.0,1633.0,0.0245,,18003.0,38664.0,27400.0,27400.0,0.4084,0.4574,0.695,,0.6286,13000.0,21250.0,18003.0,940.0,1150.0,SAT
219833,3482,Christian Brothers University,Memphis,TN,38104,1,1,3,4,2,5,11.0,0.5263,,,,,21.0,27.0,1521.0,0.0782,,9468.0,40524.0,31870.0,31870.0,0.3361,0.4332,0.7964,1.0,0.481,19184.0,26975.0,9468.0,1073.3333333333333,1273.3333333333333,ACT_coverted
219949,3485,Cumberland University,Lebanon,TN,37087,1,1,3,4,2,5,31.0,0.5408,530.0,580.0,500.0,590.0,19.0,23.0,1658.0,0.0489,,21318.0,35006.0,21810.0,21810.0,0.3287,0.4974,0.6977,,0.4445,14000.0,23000.0,21318.0,1030.0,1170.0,SAT
219976,3486,Lipscomb University,Nashville,TN,37204,1,1,3,4,2,5,11.0,0.6043,540.0,670.0,520.0,660.0,23.0,29.0,2973.0,0.0844,,24279.0,43623.0,30932.0,30932.0,0.2559,0.592,0.7864,0.5,0.5154,15750.0,22375.0,24279.0,1060.0,1330.0,SAT
220075,3487,East Tennessee State University,Johnson City,TN,37614,1,1,3,4,1,5,13.0,0.8547,490.0,600.0,470.0,590.0,19.0,26.0,10881.0,0.1171,14218.0,,21904.0,8679.0,26463.0,0.408,0.4116,0.7592,0.4706,0.4683,14025.0,20785.0,14218.0,960.0,1190.0,SAT
220181,3490,Fisk University,Nashville,TN,37208,1,1,3,4,2,5,11.0,0.4541,520.0,650.0,420.0,610.0,16.0,22.0,664.0,0.0377,,28362.0,38698.0,21480.0,21480.0,0.5497,0.5172,0.813,0.0,0.7605,24155.0,27000.0,28362.0,940.0,1260.0,SAT
220215,3492,Freed-Hardeman University,Henderson,TN,38340,1,1,3,4,2,5,32.0,0.9532,495.0,585.0,475.0,585.0,22.0,28.0,1319.0,0.0523,,17308.0,34107.0,21950.0,21950.0,0.2625,0.5469,0.7963,0.0,0.5642,18750.0,25080.0,17308.0,970.0,1170.0,SAT
220312,3494,Hiwassee College,Madisonville,TN,37354,1,1,3,3,2,5,41.0,0.6364,445.0,550.0,425.0,520.0,17.0,20.0,302.0,0.0166,,12999.0,25357.0,16469.0,16469.0,0.5819,0.2,0.6857,0.0,0.7178,9500.0,19678.0,12999.0,870.0,1070.0,SAT
220473,3495,Johnson University,Knoxville,TN,37998,1,2,3,4,2,5,41.0,0.9798,500.0,620.0,480.0,620.0,19.0,25.0,808.0,0.146,,15663.0,23477.0,14920.0,14920.0,0.4324,0.6282,0.7939,0.7143,0.5827,16370.0,22937.0,15663.0,980.0,1240.0,SAT
220516,3496,King University,Bristol,TN,37620,1,1,3,4,2,5,13.0,0.5141,470.0,562.0,482.0,591.0,18.0,26.0,1736.0,0.0743,,18317.0,38561.0,28572.0,28572.0,0.4469,0.5202,0.7006,0.0,0.6539,18431.0,22071.0,18317.0,952.0,1153.0,SAT
220598,3499,Lane College,Jackson,TN,38301,1,1,3,3,2,5,13.0,0.4847,,,,,14.0,17.0,1420.0,0.0352,,12560.0,20650.0,10690.0,10690.0,0.8921,0.212,0.5,0.3333,0.8605,15750.0,37621.0,12560.0,800.0,930.0,ACT_coverted
220604,3501,Le Moyne-Owen College,Memphis,TN,38126,1,1,3,3,2,5,11.0,1.0,,,,,14.0,17.0,862.0,0.1067,,9670.0,17645.0,11196.0,11196.0,0.7789,0.1366,0.5291,0.5,0.8196,12500.0,24820.0,9670.0,800.0,930.0,ACT_coverted
220613,3500,Lee University,Cleveland,TN,37311,1,1,3,4,2,5,13.0,0.8504,510.0,630.0,490.0,610.0,21.0,28.0,4265.0,0.0978,,18168.0,29261.0,16730.0,16730.0,0.3344,0.5195,0.81,0.2,0.6702,17500.0,27000.0,18168.0,1000.0,1240.0,SAT
220631,3502,Lincoln Memorial University,Harrogate,TN,37752,1,1,3,4,2,5,32.0,0.6534,480.0,550.0,500.0,600.0,19.0,25.0,1821.0,0.2641,,18466.0,37801.0,21410.0,21410.0,0.4609,0.461,0.7262,0.5,0.6519,14495.0,18500.0,18466.0,980.0,1150.0,SAT
220701,3504,Martin Methodist College,Pulaski,TN,38478,1,1,3,4,2,5,32.0,0.987,,,,,18.0,23.0,845.0,0.0414,,19320.0,38102.0,23800.0,23800.0,0.5178,0.3384,0.4921,0.1667,0.5702,12000.0,21300.0,19320.0,966.6666666666666,1140.0,ACT_coverted
220710,3505,Maryville College,Maryville,TN,37804,1,1,3,3,2,5,21.0,0.4927,460.0,580.0,470.0,570.0,20.0,27.0,1151.0,0.007,,18146.0,46416.0,34196.0,34196.0,0.4189,0.5939,0.7183,,0.6898,17079.0,27000.0,18146.0,930.0,1150.0,SAT
220808,3507,Memphis College of Art,Memphis,TN,38104,1,1,3,4,2,5,11.0,0.5404,,,,,19.0,26.0,277.0,0.1372,,32368.0,43765.0,33130.0,33130.0,0.5769,0.4681,0.7121,0.3636,0.8107,18519.0,30750.0,32368.0,1003.3333333333334,1240.0,ACT_coverted
220862,3509,University of Memphis,Memphis,TN,38152,1,1,3,4,1,5,11.0,0.8482,510.0,630.0,500.0,600.0,19.0,25.0,15901.0,0.2221,13921.0,,22201.0,9317.0,21029.0,0.4552,0.4321,0.7533,0.5417,0.5789,16750.0,25000.0,13921.0,1010.0,1230.0,SAT
220978,3510,Middle Tennessee State University,Murfreesboro,TN,37132,1,1,3,4,1,5,12.0,0.5935,520.0,620.0,470.0,590.0,20.0,25.0,18600.0,0.1517,12416.0,,20405.0,8612.0,26348.0,0.4019,0.4401,0.7628,0.4231,0.5009,15000.0,22500.0,12416.0,990.0,1210.0,SAT
221254,21064,O'More College of Design,Franklin,TN,37064,1,1,3,3,2,5,13.0,0.3146,,,,,18.0,22.0,148.0,0.1149,,26071.0,38997.0,29880.0,29880.0,0.3091,0.4211,0.7407,0.0,0.5758,13000.0,23250.0,26071.0,966.6666666666666,1106.6666666666667,ACT_coverted
221351,3519,Rhodes College,Memphis,TN,38112,1,1,3,4,2,5,11.0,0.5105,620.0,720.0,600.0,690.0,27.0,32.0,1975.0,0.003,,25629.0,59455.0,46504.0,46504.0,0.1256,0.8279,0.9053,,0.3637,19500.0,23000.0,25629.0,1220.0,1410.0,SAT
221731,3525,Tennessee Wesleyan University,Athens,TN,37303,1,1,3,4,2,5,32.0,0.5991,480.0,560.0,470.0,540.0,18.0,24.0,928.0,0.0711,,5815.0,29702.0,23800.0,23800.0,0.469,0.3981,0.6751,1.0,0.6631,14704.0,23250.0,5815.0,950.0,1100.0,SAT
221740,3529,The University of Tennessee-Chattanooga,Chattanooga,TN,37403,1,1,3,4,1,5,12.0,0.8279,530.0,630.0,510.0,610.0,21.0,26.0,10097.0,0.1133,14892.0,,21748.0,8664.0,24782.0,0.3269,0.4517,0.7256,0.5455,0.4975,13000.0,21184.0,14892.0,1040.0,1240.0,SAT
221759,3530,The University of Tennessee-Knoxville,Knoxville,TN,37996,1,1,3,4,1,5,12.0,0.7697,580.0,660.0,560.0,650.0,24.0,30.0,22151.0,0.0561,19335.0,,30226.0,12970.0,31390.0,0.2712,0.7023,0.8552,0.5455,0.4286,15000.0,20500.0,19335.0,1140.0,1310.0,SAT
221768,3531,The University of Tennessee-Martin,Martin,TN,38238,1,1,3,4,1,5,33.0,0.6151,,,,,20.0,25.0,5522.0,0.1063,10358.0,,19666.0,9236.0,14996.0,0.4216,0.5023,0.761,0.4615,0.5103,15644.0,23750.0,10358.0,1040.0,1206.6666666666667,ACT_coverted
221847,3523,Tennessee Technological University,Cookeville,TN,38505,1,1,3,4,1,5,33.0,0.644,500.0,630.0,510.0,620.0,21.0,28.0,9084.0,0.0954,14410.0,,23549.0,8513.0,24377.0,0.3455,0.4941,0.7854,0.2353,0.4295,12500.0,17566.0,14410.0,1010.0,1250.0,SAT
221892,3526,Trevecca Nazarene University,Nashville,TN,37210,1,1,3,4,2,5,11.0,0.7038,510.0,620.0,490.0,590.0,19.0,26.0,2112.0,0.3764,,18549.0,35805.0,25100.0,25100.0,0.3509,0.5382,0.7639,0.5,0.5445,13000.0,18350.0,18549.0,1000.0,1210.0,SAT
221953,3527,Tusculum University,Greeneville,TN,37743,1,1,3,4,2,5,32.0,0.8864,440.0,540.0,440.0,540.0,17.0,24.0,1484.0,0.0735,,16774.0,35479.0,23700.0,23700.0,0.503,0.3344,0.6541,0.0,0.6802,16750.0,24535.0,16774.0,880.0,1080.0,SAT
221971,3528,Union University,Jackson,TN,38305,1,1,3,4,2,5,13.0,0.5998,560.0,670.0,510.0,650.0,23.0,29.0,2099.0,0.2382,,22839.0,49158.0,31510.0,31510.0,0.2918,0.6844,0.8563,,0.5551,20750.0,25000.0,22839.0,1070.0,1320.0,SAT
221999,3535,Vanderbilt University,Nashville,TN,37240,1,1,3,4,2,5,11.0,0.1085,710.0,770.0,730.0,800.0,32.0,35.0,6856.0,0.0095,,19959.0,64654.0,47664.0,47664.0,0.1365,0.9172,0.9662,1.0,0.1361,13000.0,15000.0,19959.0,1440.0,1570.0,SAT
222178,3537,Abilene Christian University,Abilene,TX,79699,1,1,3,4,2,6,12.0,0.5806,510.0,620.0,515.0,600.0,21.0,26.0,3655.0,0.0402,,26037.0,45746.0,33330.0,33330.0,0.2549,0.6148,0.7654,0.537,0.5266,16000.0,24408.0,26037.0,1025.0,1220.0,SAT
222831,3541,Angelo State University,San Angelo,TX,76909,1,1,3,4,1,6,12.0,0.7359,450.0,550.0,450.0,540.0,17.0,22.0,5726.0,0.1006,13144.0,,18789.0,7201.0,17161.0,0.3076,0.3658,0.671,0.3571,0.3571,11000.0,20500.0,13144.0,900.0,1090.0,SAT
222983,3543,Austin College,Sherman,TX,75090,1,1,3,4,2,6,13.0,0.5216,590.0,680.0,570.0,680.0,23.0,29.0,1214.0,0.0082,,21008.0,51700.0,38800.0,38800.0,0.3106,0.6732,0.8058,,0.723,17500.0,24268.0,21008.0,1160.0,1360.0,SAT
223232,3545,Baylor University,Waco,TX,76798,1,1,3,4,2,6,12.0,0.3895,600.0,680.0,590.0,680.0,26.0,31.0,14284.0,0.0139,,34898.0,59063.0,43790.0,43790.0,0.1825,0.7659,0.8959,0.5714,0.4399,19500.0,24250.0,34898.0,1190.0,1360.0,SAT
224004,3557,Concordia University Texas,Austin,TX,78726,1,1,3,4,2,6,11.0,0.8878,480.0,570.0,480.0,570.0,19.0,24.0,1703.0,0.219,,23030.0,42123.0,30600.0,30600.0,0.448,0.3494,0.6037,0.5,0.6945,14251.0,25000.0,23030.0,960.0,1140.0,SAT
224147,11161,Texas A & M University-Corpus Christi,Corpus Christi,TX,78412,1,1,3,4,1,6,11.0,0.6046,420.0,530.0,430.0,530.0,17.0,23.0,10170.0,0.1785,16159.0,,20836.0,8750.0,18925.0,0.3993,0.3625,0.5899,0.6333,0.5329,12000.0,23000.0,16159.0,850.0,1060.0,SAT
224226,3560,Dallas Baptist University,Dallas,TX,75211,1,1,3,4,2,6,11.0,0.3942,560.0,640.0,530.0,610.0,19.0,24.0,3053.0,0.2191,,25334.0,37754.0,27480.0,27480.0,0.2746,0.5786,0.7013,0.0,0.6078,16000.0,22250.0,25334.0,1090.0,1250.0,SAT
224244,6941,Dallas Christian College,Dallas,TX,75234,1,1,3,3,2,6,21.0,0.4009,426.0,600.0,425.0,585.0,17.0,24.0,228.0,0.2368,,22041.0,28403.0,18734.0,18734.0,0.5726,0.2444,0.5,0.5,0.8145,14250.0,27427.0,22041.0,851.0,1185.0,SAT
224323,3651,University of Dallas,Irving,TX,75062,1,1,3,4,2,6,12.0,0.4745,590.0,700.0,550.0,670.0,24.0,31.0,1440.0,0.0132,,23663.0,52637.0,38716.0,38716.0,0.2274,0.6819,0.8491,,0.4883,18998.0,24997.0,23663.0,1140.0,1370.0,SAT
224527,3564,East Texas Baptist University,Marshall,TX,75670,1,1,3,4,2,6,32.0,0.5442,490.0,570.0,470.0,560.0,18.0,23.0,1298.0,0.0632,,19841.0,36134.0,25470.0,25470.0,0.422,0.31,0.552,,0.6804,11660.0,25590.0,19841.0,960.0,1130.0,SAT
224545,31703,Texas A&M University-Texarkana,Texarkana,TX,75503,1,1,3,4,1,6,41.0,0.5385,500.0,570.0,510.0,580.0,19.0,23.0,1593.0,0.268,11780.0,,18509.0,6963.0,18375.0,0.4984,0.2967,0.5678,0.3333,0.5486,11005.0,16000.0,11780.0,1010.0,1150.0,SAT
224554,3565,Texas A & M University-Commerce,Commerce,TX,75428,1,1,3,4,1,6,32.0,0.3454,480.0,580.0,480.0,570.0,18.0,23.0,8473.0,0.2848,11704.0,,20342.0,8434.0,20884.0,0.4666,0.4168,0.6697,0.2857,0.5257,14683.0,21500.0,11704.0,960.0,1150.0,SAT
225247,3571,Hardin-Simmons University,Abilene,TX,79698,1,1,3,4,2,6,12.0,0.8177,500.0,590.0,500.0,580.0,18.0,24.0,1670.0,0.0515,,29845.0,36644.0,27440.0,27440.0,0.3402,0.5102,0.7474,,0.5463,15750.0,26000.0,29845.0,1000.0,1170.0,SAT
225399,3576,Houston Baptist University,Houston,TX,77074,1,1,3,4,2,6,11.0,0.6901,510.0,600.0,520.0,590.0,20.0,25.0,2302.0,0.0891,,20852.0,40742.0,31730.0,31730.0,0.4344,0.4819,0.717,0.0,0.5562,13055.0,23000.0,20852.0,1030.0,1190.0,SAT
225432,3612,University of Houston-Downtown,Houston,TX,77002,1,1,3,4,1,6,11.0,0.8408,460.0,538.0,460.0,540.0,17.0,21.0,12310.0,0.4874,8950.0,,17017.0,6470.0,16430.0,0.4601,0.2076,0.7226,0.5364,0.403,15000.0,19500.0,8950.0,920.0,1078.0,SAT
225511,3652,University of Houston,Houston,TX,77204,1,1,3,4,1,6,11.0,0.6111,560.0,640.0,550.0,640.0,23.0,27.0,35985.0,0.2565,16392.0,,24678.0,9706.0,22066.0,0.3744,0.5368,0.8487,0.605,0.3905,13500.0,19000.0,16392.0,1110.0,1280.0,SAT
225548,3575,Howard Payne University,Brownwood,TX,76801,1,1,3,4,2,6,33.0,0.5917,470.0,560.0,460.0,540.0,19.0,22.0,919.0,0.0958,,22137.0,37627.0,27690.0,27690.0,0.4372,0.4143,0.4784,0.0,0.7168,10575.0,26000.0,22137.0,930.0,1100.0,SAT
225575,3577,Huston-Tillotson University,Austin,TX,78702,1,1,3,4,2,6,11.0,0.2981,420.0,530.0,420.0,520.0,16.0,20.0,1052.0,0.0466,,17384.0,27116.0,14346.0,14346.0,0.6332,0.2265,0.5132,,0.7886,17500.0,34500.0,17384.0,840.0,1050.0,SAT
225627,3578,University of the Incarnate Word,San Antonio,TX,78209,1,1,3,4,2,6,11.0,0.9385,480.0,570.0,460.0,550.0,17.0,23.0,5807.0,0.2409,,21431.0,40826.0,29990.0,29990.0,0.3877,0.5342,0.7582,0.4545,0.5437,23000.0,27666.0,21431.0,940.0,1120.0,SAT
226091,3581,Lamar University,Beaumont,TX,77705,1,1,3,4,1,6,12.0,0.8165,480.0,580.0,470.0,560.0,18.0,23.0,8928.0,0.3328,12941.0,,19367.0,8314.0,18274.0,0.4032,0.2964,0.6426,0.5278,0.4907,12500.0,21250.0,12941.0,950.0,1140.0,SAT
226152,9651,Texas A & M International University,Laredo,TX,78041,1,1,3,4,1,6,11.0,0.4959,470.0,560.0,460.0,550.0,16.0,21.0,6780.0,0.2355,4884.0,,13629.0,7143.0,17411.0,0.6004,0.4365,0.7604,0.5,0.428,10500.0,14830.0,4884.0,930.0,1110.0,SAT
226231,3584,LeTourneau University,Longview,TX,75602,1,1,3,4,2,6,13.0,0.4708,530.0,650.0,530.0,660.0,21.0,28.0,1802.0,0.2963,,21381.0,41598.0,29320.0,29320.0,0.2952,0.6021,0.8185,0.2778,0.4931,20000.0,26063.0,21381.0,1060.0,1310.0,SAT
226383,3586,Lubbock Christian University,Lubbock,TX,79407,1,1,3,4,2,6,11.0,0.9407,480.0,600.0,470.0,580.0,19.0,25.0,1439.0,0.114,,22393.0,32923.0,21794.0,21794.0,0.3535,0.4673,0.6875,,0.7967,14825.0,21500.0,22393.0,950.0,1180.0,SAT
226471,3588,University of Mary Hardin-Baylor,Belton,TX,76513,1,1,3,4,2,6,23.0,0.7884,510.0,610.0,510.0,590.0,19.0,25.0,3275.0,0.0702,,23966.0,38470.0,27600.0,27600.0,0.4033,0.4833,0.7292,0.25,0.6763,18500.0,26000.0,23966.0,1020.0,1200.0,SAT
226587,3591,McMurry University,Abilene,TX,79697,1,1,3,4,2,6,12.0,0.4335,460.0,550.0,470.0,560.0,17.0,22.0,1031.0,0.0766,,22429.0,39110.0,26887.0,26887.0,0.4669,0.3636,0.6232,,0.7111,12500.0,27250.0,22429.0,930.0,1110.0,SAT
226833,3592,Midwestern State University,Wichita Falls,TX,76308,1,1,3,4,1,6,12.0,0.814,470.0,570.0,460.0,550.0,18.0,23.0,5329.0,0.212,10451.0,,18028.0,8694.0,10644.0,0.3879,0.4455,0.6676,0.6667,0.5161,13750.0,22836.0,10451.0,930.0,1120.0,SAT
227216,3594,University of North Texas,Denton,TX,76203,1,1,3,4,1,6,12.0,0.7241,540.0,640.0,520.0,620.0,21.0,27.0,31448.0,0.1862,13832.0,,21907.0,10544.0,20504.0,0.3566,0.5431,0.7785,0.5341,0.5341,14000.0,20056.0,13832.0,1060.0,1260.0,SAT
227331,3598,Our Lady of the Lake University,San Antonio,TX,78207,1,1,3,4,2,6,11.0,0.913,470.0,550.0,460.0,530.0,17.0,21.0,1320.0,0.078,,17640.0,37121.0,28192.0,28192.0,0.5825,0.3827,0.6103,0.0,0.7291,18808.0,25584.0,17640.0,930.0,1080.0,SAT
227368,3599,The University of Texas Rio Grande Valley,Edinburg,TX,78539,1,1,3,4,1,6,13.0,0.8048,480.0,570.0,470.0,550.0,17.0,22.0,24142.0,0.228,3901.0,,13401.0,7587.0,17547.0,0.6164,0.4481,0.7923,0.6433,0.3758,9125.0,11661.0,3901.0,950.0,1120.0,SAT
227429,3602,Paul Quinn College,Dallas,TX,75241,1,1,3,3,2,6,11.0,0.5431,360.0,480.0,370.0,470.0,14.0,17.0,515.0,0.0447,,12378.0,17882.0,8495.0,8495.0,0.7179,0.1923,0.6214,1.0,0.6468,9500.0,31740.0,12378.0,730.0,950.0,SAT
227526,3630,Prairie View A & M University,Prairie View,TX,77446,1,1,3,4,1,6,32.0,0.7893,440.0,530.0,430.0,520.0,16.0,20.0,7975.0,0.0795,11090.0,,22444.0,9959.0,23488.0,0.6469,0.3479,0.7084,0.9375,0.7355,17749.0,29902.0,11090.0,870.0,1050.0,SAT
227757,3604,Rice University,Houston,TX,77005,1,1,3,4,2,6,11.0,0.1586,730.0,780.0,760.0,800.0,33.0,35.0,3970.0,0.0171,,20237.0,60518.0,45608.0,45608.0,0.1354,0.9144,0.9662,,0.1649,10250.0,11989.0,20237.0,1490.0,1580.0,SAT
227845,3621,Saint Edward's University,Austin,TX,78704,1,1,3,4,2,6,11.0,0.8418,550.0,640.0,530.0,610.0,22.0,28.0,3930.0,0.1025,,22968.0,54598.0,43300.0,43300.0,0.355,0.6359,0.7984,0.0,0.5441,19988.0,25000.0,22968.0,1080.0,1250.0,SAT
227863,3654,University of St Thomas,Houston,TX,77006,1,1,3,4,2,6,11.0,0.8094,540.0,620.0,530.0,615.0,21.0,27.0,1765.0,0.1909,,17309.0,42587.0,32660.0,32660.0,0.3538,0.5726,0.8493,0.4,0.3775,16750.0,22250.0,17309.0,1070.0,1235.0,SAT
227881,3606,Sam Houston State University,Huntsville,TX,77340,1,1,3,4,1,6,32.0,0.7439,500.0,580.0,500.0,560.0,19.0,23.0,18416.0,0.1959,13560.0,,20791.0,8062.0,18022.0,0.3543,0.5127,0.7679,0.6374,0.476,16069.0,22200.0,13560.0,1000.0,1140.0,SAT
228042,3610,Schreiner University,Kerrville,TX,78028,1,1,3,4,2,6,33.0,0.9236,480.0,580.0,480.0,560.0,19.0,24.0,1185.0,0.0717,,18204.0,36243.0,26900.0,26900.0,0.3549,0.4764,0.7086,,0.7971,14250.0,25000.0,18204.0,960.0,1140.0,SAT
228149,3623,St. Mary's University,San Antonio,TX,78228,1,1,3,4,2,6,11.0,0.799,520.0,620.0,520.0,610.0,20.0,26.0,2310.0,0.0385,,17522.0,40087.0,29300.0,29300.0,0.4539,0.6279,0.7321,0.0,0.6018,19500.0,25996.0,17522.0,1040.0,1230.0,SAT
228246,3613,Southern Methodist University,Dallas,TX,75275,1,1,3,4,2,6,21.0,0.4877,630.0,710.0,640.0,730.0,28.0,32.0,6427.0,0.0299,,32190.0,69358.0,52498.0,52498.0,0.1268,0.8054,0.9099,0.0,0.242,17125.0,19500.0,32190.0,1270.0,1440.0,SAT
228325,3616,Southwestern Assemblies of God University,Waxahachie,TX,75165,1,1,3,4,2,6,21.0,0.2788,440.0,550.0,460.0,530.0,17.0,24.0,1730.0,0.1387,,24909.0,33709.0,19994.0,19994.0,0.5197,0.4444,0.7165,1.0,0.7227,15000.0,26046.0,24909.0,900.0,1080.0,SAT
228343,3620,Southwestern University,Georgetown,TX,78626,1,1,3,3,2,6,21.0,0.4314,570.0,670.0,540.0,650.0,23.0,29.0,1387.0,0.0144,,24993.0,52553.0,40560.0,40560.0,0.2539,0.7384,0.8635,,0.5218,21500.0,26319.0,24993.0,1110.0,1320.0,SAT
228431,3624,Stephen F Austin State University,Nacogdoches,TX,75961,1,1,3,4,1,6,33.0,0.6543,500.0,600.0,490.0,580.0,18.0,24.0,10655.0,0.1056,13057.0,,20735.0,7716.0,17676.0,0.3994,0.4377,0.7161,0.3103,0.5802,17000.0,25000.0,13057.0,990.0,1180.0,SAT
228459,3615,Texas State University,San Marcos,TX,78666,1,1,3,4,1,6,23.0,0.7298,510.0,610.0,510.0,590.0,20.0,26.0,34180.0,0.1803,15545.0,,21383.0,9985.0,21605.0,0.3518,0.5394,0.777,0.5616,0.5293,14415.0,20992.0,15545.0,1020.0,1200.0,SAT
228468,3619,Southwestern Adventist University,Keene,TX,76059,1,1,3,4,2,6,31.0,0.6237,450.0,610.0,450.0,530.0,18.0,24.0,780.0,0.1705,,20553.0,31012.0,20732.0,20732.0,0.5158,0.3701,0.8134,,0.6578,19500.0,26171.0,20553.0,900.0,1140.0,SAT
228501,3625,Sul Ross State University,Alpine,TX,79832,1,1,3,4,1,6,33.0,0.9963,395.0,520.0,410.0,500.0,16.0,20.0,2208.0,0.3768,12761.0,,19544.0,8072.0,20522.0,0.5479,0.2222,0.5776,0.0,0.512,10196.0,15579.0,12761.0,805.0,1020.0,SAT
228529,3631,Tarleton State University,Stephenville,TX,76401,1,1,3,4,1,6,33.0,0.5038,480.0,570.0,470.0,560.0,18.0,23.0,11283.0,0.2529,17576.0,,20078.0,7367.0,17111.0,0.3956,0.4635,0.6716,0.6429,0.5722,13750.0,20362.0,17576.0,950.0,1130.0,SAT
228705,3639,Texas A & M University-Kingsville,Kingsville,TX,78363,1,1,3,4,1,6,32.0,0.8413,470.0,570.0,470.0,560.0,17.0,22.0,5694.0,0.121,13188.0,,21006.0,8462.0,22102.0,0.4472,0.3474,0.6806,0.4211,0.5124,14250.0,22532.0,13188.0,940.0,1130.0,SAT
228723,3632,Texas A & M University-College Station,College Station,TX,77843,1,2,3,4,1,6,12.0,0.7054,570.0,670.0,570.0,690.0,25.0,30.0,52568.0,0.1137,20282.0,,28143.0,11234.0,36606.0,0.2073,0.821,0.9166,0.9143,0.3245,15000.0,18500.0,20282.0,1140.0,1360.0,SAT
228769,3656,The University of Texas at Arlington,Arlington,TX,76013,1,1,3,4,1,6,11.0,0.7122,530.0,630.0,530.0,640.0,20.0,27.0,32955.0,0.4604,13200.0,,21154.0,9952.0,25152.0,0.3421,0.4998,0.7083,0.5466,0.4246,12500.0,18708.0,13200.0,1060.0,1270.0,SAT
228778,3658,The University of Texas at Austin,Austin,TX,78712,1,1,3,4,1,6,11.0,0.3649,620.0,720.0,600.0,740.0,26.0,33.0,39965.0,0.0614,16960.0,,24933.0,10398.0,36744.0,0.2356,0.8285,0.9455,0.8658,0.3415,18118.0,20000.0,16960.0,1220.0,1460.0,SAT
228787,9741,The University of Texas at Dallas,Richardson,TX,75080,1,1,3,4,1,6,12.0,0.7603,600.0,700.0,620.0,730.0,26.0,32.0,18375.0,0.1687,14763.0,,24154.0,11528.0,29656.0,0.3346,0.6917,0.8757,0.7391,0.449,13250.0,18250.0,14763.0,1220.0,1430.0,SAT
228796,3661,The University of Texas at El Paso,El Paso,TX,79968,1,1,3,4,1,6,11.0,1.0,460.0,570.0,460.0,560.0,16.0,22.0,21216.0,0.3395,8135.0,,16033.0,7851.0,21596.0,0.5597,0.4064,0.7392,0.4564,0.4271,11774.0,18251.0,8135.0,920.0,1130.0,SAT
228802,11163,The University of Texas at Tyler,Tyler,TX,75799,1,1,3,4,1,6,12.0,0.6499,540.0,630.0,530.0,610.0,21.0,26.0,6699.0,0.2854,13363.0,,20118.0,7822.0,20872.0,0.3399,0.4241,0.6356,0.6,0.3928,12500.0,17750.0,13363.0,1070.0,1240.0,SAT
228875,3636,Texas Christian University,Fort Worth,TX,76129,1,1,3,4,2,6,11.0,0.4108,570.0,660.0,560.0,670.0,25.0,30.0,8983.0,0.0285,,35429.0,60135.0,44760.0,44760.0,0.1263,0.8262,0.9057,1.0,0.2814,17934.0,21000.0,35429.0,1130.0,1330.0,SAT
228981,3641,Texas Lutheran University,Seguin,TX,78155,1,1,3,4,2,6,31.0,0.4853,480.0,580.0,488.0,570.0,19.0,24.0,1341.0,0.0268,,19103.0,40065.0,29960.0,29960.0,0.3264,0.5151,0.7188,,0.6605,13000.0,26000.0,19103.0,968.0,1150.0,SAT
229018,9930,The University of Texas of the Permian Basin,Odessa,TX,79762,1,1,3,4,1,6,12.0,0.8946,480.0,530.0,470.0,590.0,17.0,22.0,3730.0,0.4228,10117.0,,18123.0,5782.0,6622.0,0.2839,0.4259,0.6568,0.46,0.3223,10000.0,14950.0,10117.0,950.0,1120.0,SAT
229027,10115,The University of Texas at San Antonio,San Antonio,TX,78249,1,1,3,4,1,6,11.0,0.7946,520.0,610.0,510.0,600.0,20.0,25.0,25709.0,0.1729,12745.0,,19906.0,7969.0,19168.0,0.4319,0.3666,0.7359,0.493,0.5101,14398.0,21473.0,12745.0,1030.0,1210.0,SAT
229063,3642,Texas Southern University,Houston,TX,77004,1,1,3,4,1,6,11.0,0.6666,357.0,452.0,360.0,460.0,15.0,19.0,7967.0,0.1597,19676.0,,24089.0,9173.0,21623.0,0.6268,0.2337,0.5742,0.2927,0.664,14250.0,30347.0,19676.0,717.0,912.0,SAT
229115,3644,Texas Tech University,Lubbock,TX,79409,1,1,3,4,1,6,11.0,0.6918,540.0,620.0,530.0,620.0,22.0,27.0,30330.0,0.1005,17134.0,,22615.0,8860.0,18652.0,0.2737,0.5928,0.8415,0.6338,0.456,15154.0,21500.0,17134.0,1070.0,1240.0,SAT
229160,3645,Texas Wesleyan University,Fort Worth,TX,76105,1,1,3,4,2,6,11.0,0.3427,460.0,550.0,470.0,550.0,20.0,24.0,1656.0,0.0972,,28325.0,39601.0,27800.0,27800.0,0.2963,0.3457,0.5748,,0.351,12500.0,23000.0,28325.0,930.0,1100.0,SAT
229179,3646,Texas Woman's University,Denton,TX,76204,1,1,3,4,1,6,12.0,0.8571,460.0,550.0,430.0,530.0,17.0,23.0,9417.0,0.2609,9493.0,,17539.0,7486.0,17446.0,0.4143,0.3551,0.777,0.5833,0.513,14842.0,20500.0,9493.0,890.0,1080.0,SAT
229267,3647,Trinity University,San Antonio,TX,78212,1,1,3,4,2,6,11.0,0.3844,620.0,710.0,610.0,700.0,27.0,32.0,2393.0,0.0167,,23144.0,54714.0,41344.0,41344.0,0.1593,0.7972,0.8879,,0.3712,19500.0,23750.0,23144.0,1230.0,1410.0,SAT
229780,3663,Wayland Baptist University,Plainview,TX,79072,1,1,3,4,2,6,33.0,0.9876,450.0,520.0,460.0,540.0,17.0,23.0,3549.0,0.7227,,19137.0,27788.0,18510.0,18510.0,0.3743,0.2006,0.4241,0.44,0.4728,13420.0,21619.0,19137.0,910.0,1060.0,SAT
229814,3665,West Texas A & M University,Canyon,TX,79016,1,1,3,4,1,6,31.0,0.6136,490.0,590.0,490.0,580.0,19.0,23.0,7383.0,0.2395,14916.0,,20067.0,7846.0,9117.0,0.3534,0.4057,0.6396,0.5,0.4945,13008.0,20500.0,14916.0,980.0,1170.0,SAT
230038,3670,Brigham Young University-Provo,Provo,UT,84602,1,1,3,4,2,7,12.0,0.524,610.0,710.0,600.0,700.0,27.0,32.0,31233.0,0.0985,,12974.0,17801.0,5460.0,5460.0,0.3643,0.827,0.9003,0.8182,0.1571,9000.0,12100.0,12974.0,1210.0,1410.0,SAT
230047,1606,Brigham Young University-Hawaii,Laie,HI,96762,1,1,3,3,2,8,31.0,0.3677,550.0,633.0,540.0,620.0,22.0,26.0,2855.0,0.0673,,11428.0,17178.0,5400.0,5400.0,0.2359,0.5602,0.6159,0.0,0.149,5500.0,9016.0,11428.0,1090.0,1253.0,SAT
230603,3678,Southern Utah University,Cedar City,UT,84720,1,1,3,4,1,7,33.0,0.758,510.0,620.0,500.0,600.0,20.0,27.0,6849.0,0.1153,14376.0,,19516.0,6676.0,20288.0,0.3294,0.4677,0.7109,0.375,0.4577,7364.0,11437.0,14376.0,1010.0,1220.0,SAT
230728,3677,Utah State University,Logan,UT,84322,1,1,3,4,1,7,13.0,0.8908,490.0,600.0,510.0,620.0,21.0,27.0,21473.0,0.2064,13279.0,,17671.0,7870.0,21520.0,0.3428,0.4978,0.6891,0.4912,0.3053,8750.0,14000.0,13279.0,1000.0,1220.0,SAT
230764,3675,University of Utah,Salt Lake City,UT,84112,1,1,3,4,1,7,12.0,0.6615,560.0,670.0,550.0,680.0,22.0,29.0,23402.0,0.2377,13728.0,,19406.0,8884.0,28127.0,0.2725,0.674,0.9048,0.6331,0.3266,13200.0,17500.0,13728.0,1110.0,1350.0,SAT
230807,3681,Westminster College,Salt Lake City,UT,84105,1,1,3,4,2,7,12.0,0.9271,530.0,640.0,530.0,627.0,21.0,28.0,2002.0,0.0495,,20826.0,43181.0,33860.0,33860.0,0.236,0.6185,0.8048,0.25,0.4495,16750.0,24492.0,20826.0,1060.0,1267.0,SAT
230834,3683,Castleton University,Castleton,VT,05735,1,1,3,4,1,1,32.0,0.8154,470.0,570.0,450.0,560.0,17.0,23.0,1757.0,0.095,17215.0,,23173.0,11970.0,27522.0,0.3281,0.5418,0.6982,0.0,0.7054,18500.0,25000.0,17215.0,920.0,1130.0,SAT
230852,3684,Champlain College,Burlington,VT,05401,1,1,3,4,2,1,13.0,0.7504,560.0,670.0,530.0,630.0,23.0,29.0,3771.0,0.3116,,34833.0,55802.0,39818.0,39818.0,0.2111,0.6045,0.7877,0.3,0.5274,17500.0,26030.0,34833.0,1090.0,1300.0,SAT
230913,3688,Northern Vermont University,Johnson,VT,05656,1,1,3,4,1,1,42.0,0.8695,450.0,560.0,420.0,540.0,20.0,25.0,1317.0,0.3303,15018.0,,23178.0,11730.0,24690.0,0.4794,0.3782,0.6364,0.0,0.7054,13500.0,23981.0,15018.0,870.0,1100.0,SAT
230959,3691,Middlebury College,Middlebury,VT,05753,1,2,3,4,2,1,32.0,0.171,660.0,750.0,660.0,760.0,30.0,34.0,2532.0,0.0083,,26075.0,66332.0,52496.0,52496.0,0.1407,0.9452,0.9587,,0.2406,12000.0,13750.0,26075.0,1320.0,1510.0,SAT
231077,3685,College of St Joseph,Rutland,VT,05701,1,1,3,4,2,1,32.0,0.5411,480.0,535.0,448.0,548.0,16.0,22.0,220.0,0.0955,,17891.0,36669.0,24000.0,24000.0,0.6348,0.3171,0.5192,0.0,0.8261,13524.0,23000.0,17891.0,928.0,1083.0,SAT
231174,3696,University of Vermont,Burlington,VT,05405,1,1,3,4,1,1,13.0,0.672,600.0,680.0,580.0,670.0,25.0,30.0,10513.0,0.03,18877.0,,31606.0,17740.0,41356.0,0.1508,0.7495,0.8631,0.75,0.4328,17352.0,21504.0,18877.0,1180.0,1350.0,SAT
231420,3702,Averett University,Danville,VA,24541,1,1,3,4,2,5,32.0,0.6102,420.0,523.0,410.0,510.0,17.0,22.0,908.0,0.0198,,20938.0,42502.0,33350.0,33350.0,0.4808,0.4048,0.6229,,0.759,17750.0,25337.0,20938.0,830.0,1033.0,SAT
231554,3703,Bluefield College,Bluefield,VA,24605,1,1,3,4,2,5,32.0,0.9112,440.0,545.0,430.0,540.0,16.0,23.0,874.0,0.0744,,21785.0,36277.0,24800.0,24800.0,0.5045,0.2053,0.5169,,0.7449,12500.0,20834.0,21785.0,870.0,1085.0,SAT
231581,3704,Bridgewater College,Bridgewater,VA,22812,1,1,3,3,2,5,23.0,0.5198,500.0,600.0,470.0,570.0,18.0,25.0,1874.0,0.0032,,19538.0,47161.0,33820.0,33820.0,0.2944,0.6115,0.745,,0.7264,18500.0,26192.0,19538.0,970.0,1170.0,SAT
231624,3705,College of William and Mary,Williamsburg,VA,23187,1,1,3,4,1,5,23.0,0.3592,660.0,740.0,640.0,740.0,29.0,33.0,6243.0,0.0082,19720.0,,35991.0,22044.0,43670.0,0.1112,0.921,0.9494,1.0,0.2691,16395.0,18325.0,19720.0,1300.0,1480.0,SAT
231651,30913,Regent University,Virginia Beach,VA,23464,1,1,3,4,2,5,11.0,0.783,500.0,610.0,430.0,580.0,19.0,27.0,4087.0,0.4465,,17842.0,27995.0,17288.0,17288.0,0.5087,0.6087,0.779,0.2364,0.812,9500.0,24500.0,17842.0,930.0,1190.0,SAT
231837,6622,Jefferson College of Health Sciences,Roanoke,VA,24013,1,1,3,4,2,5,13.0,0.3922,482.0,597.0,450.0,560.0,19.0,25.0,771.0,0.2023,,29899.0,40502.0,25850.0,25850.0,0.3149,0.4571,0.675,0.0,0.726,18250.0,24750.0,29899.0,932.0,1157.0,SAT
232025,3709,Emory & Henry College,Emory,VA,24327,1,1,3,4,2,5,41.0,0.7223,498.0,590.0,490.0,580.0,19.0,25.0,977.0,0.0164,,19340.0,47516.0,33700.0,33700.0,0.3887,0.5182,0.7606,,0.7314,18846.0,27000.0,19340.0,988.0,1170.0,SAT
232043,3708,Eastern Mennonite University,Harrisonburg,VA,22802,1,1,3,4,2,5,13.0,0.5373,500.0,590.0,490.0,580.0,20.0,28.0,1089.0,0.135,,23343.0,46075.0,35800.0,35800.0,0.2621,0.6325,0.7928,0.0,0.5608,15761.0,21910.0,23343.0,990.0,1170.0,SAT
232089,3711,Ferrum College,Ferrum,VA,24088,1,1,3,3,2,5,42.0,0.7193,430.0,540.0,420.0,530.0,15.0,22.0,1122.0,0.0107,,24198.0,45325.0,33025.0,33025.0,0.5672,0.3462,0.4812,,0.84,12000.0,27000.0,24198.0,850.0,1070.0,SAT
232186,3749,George Mason University,Fairfax,VA,22030,1,1,3,4,1,5,21.0,0.8132,560.0,650.0,540.0,640.0,24.0,30.0,24395.0,0.1792,19779.0,,25196.0,11924.0,34370.0,0.284,0.7086,0.8783,0.7436,0.4445,16750.0,20000.0,19779.0,1100.0,1290.0,SAT
232256,3713,Hampden-Sydney College,Hampden-Sydney,VA,23943,1,1,3,3,2,5,42.0,0.5505,530.0,635.0,520.0,630.0,21.0,27.0,1046.0,0.0067,,31337.0,59100.0,43940.0,43940.0,0.1704,0.6406,0.8369,,0.5638,21750.0,27000.0,31337.0,1050.0,1265.0,SAT
232265,3714,Hampton University,Hampton,VA,23668,1,1,3,4,2,5,12.0,0.362,500.0,570.0,480.0,550.0,20.0,24.0,3786.0,0.0365,,26458.0,38849.0,25441.0,25441.0,0.3917,0.5556,0.7751,0.2667,0.7017,16250.0,26000.0,26458.0,980.0,1120.0,SAT
232308,3715,Hollins University,Roanoke,VA,24020,1,1,3,4,2,5,22.0,0.4838,580.0,680.0,530.0,615.0,23.0,28.0,628.0,0.0143,,19456.0,52106.0,38285.0,38285.0,0.4083,0.6209,0.7733,,0.7294,19566.0,27000.0,19456.0,1110.0,1295.0,SAT
232423,3721,James Madison University,Harrisonburg,VA,22807,1,1,3,4,1,5,13.0,0.752,560.0,640.0,540.0,620.0,23.0,28.0,19666.0,0.041,20204.0,,24750.0,10830.0,27230.0,0.1456,0.8258,0.9027,0.5,0.3777,17419.0,20500.0,20204.0,1100.0,1260.0,SAT
232557,20530,Liberty University,Lynchburg,VA,24515,1,1,3,4,2,5,13.0,0.2979,530.0,640.0,510.0,600.0,21.0,27.0,45364.0,0.4079,,27573.0,37388.0,21310.0,21310.0,0.4557,0.4697,0.8391,0.3876,0.6296,17500.0,25837.0,27573.0,1040.0,1240.0,SAT
232566,3719,Longwood University,Farmville,VA,23909,1,1,3,4,1,5,33.0,0.9183,490.0,590.0,470.0,550.0,18.0,23.0,4230.0,0.0662,20437.0,,25867.0,12720.0,27660.0,0.2248,0.6832,0.8069,0.5357,0.5378,17504.0,21750.0,20437.0,960.0,1140.0,SAT
232609,3720,University of Lynchburg,Lynchburg,VA,24501,1,1,3,4,2,5,13.0,0.7455,510.0,600.0,490.0,580.0,19.0,24.0,1979.0,0.0288,,22420.0,48720.0,37690.0,37690.0,0.3035,0.5881,0.7505,,0.6748,21745.0,27000.0,22420.0,1000.0,1180.0,SAT
232672,3723,Mary Baldwin University,Staunton,VA,24401,1,1,3,4,2,5,13.0,0.947,490.0,620.0,460.0,580.0,19.0,26.0,1058.0,0.3535,,17850.0,42491.0,31110.0,31110.0,0.5427,0.452,0.646,0.0,0.7214,18993.0,27000.0,17850.0,950.0,1200.0,SAT
232681,3746,University of Mary Washington,Fredericksburg,VA,22401,1,1,3,4,1,5,22.0,0.735,550.0,650.0,530.0,610.0,22.0,27.0,4366.0,0.1079,21227.0,,25134.0,12128.0,27374.0,0.1873,0.7065,0.8374,0.7568,0.4402,15000.0,20001.0,21227.0,1080.0,1260.0,SAT
232706,3724,Marymount University,Arlington,VA,22207,1,1,3,4,2,5,12.0,0.9226,490.0,590.0,470.0,550.0,19.0,24.0,2241.0,0.0794,,24314.0,44561.0,30876.0,30876.0,0.2609,0.5348,0.7836,0.6667,0.539,19500.0,25000.0,24314.0,960.0,1140.0,SAT
232937,3765,Norfolk State University,Norfolk,VA,23504,1,1,3,4,1,5,12.0,0.9013,430.0,530.0,410.0,510.0,17.0,21.0,4641.0,0.136,15259.0,,23992.0,9036.0,20478.0,0.6422,0.4205,0.7122,,0.7521,20695.0,31000.0,15259.0,840.0,1040.0,SAT
232982,3728,Old Dominion University,Norfolk,VA,23529,1,1,3,4,1,5,12.0,0.8572,500.0,610.0,480.0,590.0,18.0,25.0,19364.0,0.2243,15368.0,,23250.0,10050.0,27900.0,0.3735,0.544,0.7966,0.5,0.5657,17500.0,24385.0,15368.0,980.0,1200.0,SAT
233295,3733,Randolph-Macon College,Ashland,VA,23005,1,1,3,3,2,5,21.0,0.6223,540.0,630.0,510.0,603.0,21.0,27.0,1439.0,0.0111,,25621.0,51911.0,40000.0,40000.0,0.2268,0.6626,0.8384,,0.6231,23250.0,27000.0,25621.0,1050.0,1233.0,SAT
233301,3734,Randolph College,Lynchburg,VA,24503,1,1,3,4,2,5,13.0,0.8644,490.0,610.0,460.0,580.0,19.0,25.0,651.0,0.0123,,25614.0,52350.0,38155.0,38155.0,0.3107,0.5876,0.6684,,0.6983,17500.0,27000.0,25614.0,950.0,1190.0,SAT
233374,3744,University of Richmond,University of Richmond,VA,23173,1,1,3,4,2,5,12.0,0.3297,630.0,710.0,640.0,750.0,29.0,32.0,3165.0,0.0648,,26264.0,62974.0,50910.0,50910.0,0.1584,0.8821,0.9301,0.0,0.3593,19000.0,19991.0,26264.0,1270.0,1460.0,SAT
233426,3736,Roanoke College,Salem,VA,24153,1,1,3,3,2,5,22.0,0.6719,530.0,630.0,510.0,600.0,22.0,27.0,1990.0,0.0161,,27435.0,56088.0,42819.0,42819.0,0.2424,0.6704,0.8406,,0.6925,24250.0,27000.0,27435.0,1040.0,1230.0,SAT
233541,3737,Shenandoah University,Winchester,VA,22601,1,1,3,4,2,5,13.0,0.8325,510.0,610.0,500.0,590.0,20.0,26.0,2055.0,0.0311,,29280.0,45388.0,31920.0,31920.0,0.2982,0.6327,0.8066,0.5,0.7504,20500.0,25000.0,29280.0,1010.0,1200.0,SAT
233611,3738,Southern Virginia University,Buena Vista,VA,24416,1,1,3,3,2,5,32.0,0.5616,375.0,528.0,420.0,560.0,14.0,26.0,877.0,0.0274,,18554.0,25973.0,15900.0,15900.0,0.4988,0.2702,0.8103,1.0,0.5963,9500.0,21500.0,18554.0,795.0,1088.0,SAT
233718,3742,Sweet Briar College,Sweet Briar,VA,24595,1,1,3,4,2,5,22.0,0.928,530.0,630.0,463.0,550.0,20.0,28.0,281.0,0.0036,,21291.0,52885.0,37155.0,37155.0,0.3342,0.5412,0.7239,,0.5353,20500.0,25179.0,21291.0,993.0,1180.0,SAT
233897,3747,The University of Virginia's College at Wise,Wise,VA,24293,1,1,3,3,1,5,32.0,0.7751,480.0,570.0,460.0,548.0,17.0,23.0,1249.0,0.0488,11528.0,,21604.0,9825.0,27055.0,0.3506,0.4579,0.6545,0.6,0.3674,12766.0,19403.0,11528.0,940.0,1118.0,SAT
233921,3754,Virginia Polytechnic Institute and State University,Blacksburg,VA,24061,1,1,3,4,1,5,13.0,0.7006,590.0,670.0,590.0,690.0,25.0,30.0,27120.0,0.0208,20343.0,,25762.0,13230.0,31014.0,0.1617,0.844,0.9304,0.625,0.3986,20500.0,22895.0,20343.0,1180.0,1360.0,SAT
234030,3735,Virginia Commonwealth University,Richmond,VA,23284,1,1,3,4,1,5,12.0,0.839,550.0,640.0,520.0,620.0,21.0,27.0,22393.0,0.1132,21655.0,,29339.0,13624.0,33656.0,0.2808,0.6255,0.8278,0.4,0.4972,18750.0,23250.0,21655.0,1070.0,1260.0,SAT
234076,3745,University of Virginia-Main Campus,Charlottesville,VA,22903,1,1,3,4,1,5,23.0,0.2735,660.0,740.0,650.0,760.0,29.0,33.0,16207.0,0.0315,20547.0,,31186.0,16853.0,47273.0,0.1249,0.9458,0.965,1.0,0.2595,15500.0,17756.0,20547.0,1310.0,1500.0,SAT
234085,3753,Virginia Military Institute,Lexington,VA,24450,1,1,3,3,1,5,32.0,0.5314,560.0,640.0,540.0,640.0,23.0,28.0,1722.0,0.0,19905.0,,29610.0,18214.0,43902.0,0.1284,0.7661,0.8722,,0.6165,19000.0,21625.0,19905.0,1100.0,1280.0,SAT
234155,3764,Virginia State University,Petersburg,VA,23806,1,1,3,4,1,5,21.0,0.9111,420.0,510.0,400.0,500.0,15.0,19.0,4265.0,0.0685,15063.0,,22009.0,8726.0,19572.0,0.7071,0.4212,0.7135,,0.7774,19416.0,30000.0,15063.0,820.0,1010.0,SAT
234164,3766,Virginia Union University,Richmond,VA,23220,1,1,3,4,2,5,12.0,0.4392,420.0,520.0,400.0,500.0,15.0,20.0,1211.0,0.0124,,21073.0,30317.0,17448.0,17448.0,0.7453,0.2657,0.5233,0.1667,0.8816,17333.0,31000.0,21073.0,820.0,1020.0,SAT
234173,3767,Virginia Wesleyan University,Virginia Beach,VA,23455,1,1,3,3,2,5,11.0,0.6988,490.0,590.0,463.0,570.0,19.0,25.0,1369.0,0.0314,,24524.0,48344.0,36660.0,36660.0,0.4127,0.5205,0.6332,,0.7111,15750.0,27000.0,24524.0,953.0,1160.0,SAT
234207,3768,Washington and Lee University,Lexington,VA,24450,1,1,3,4,2,5,32.0,0.22,680.0,740.0,670.0,750.0,31.0,33.0,1819.0,0.0011,,25961.0,64700.0,50170.0,50170.0,0.0869,0.9189,0.9678,,0.2191,18500.0,19500.0,25961.0,1350.0,1490.0,SAT
234827,3771,Central Washington University,Ellensburg,WA,98926,1,1,3,4,1,8,32.0,0.8634,430.0,530.0,480.0,570.0,17.0,24.0,11468.0,0.1043,14382.0,,20774.0,7903.0,22010.0,0.3601,0.5154,0.7257,0.3889,0.5175,13406.0,20000.0,14382.0,910.0,1100.0,SAT
235097,3775,Eastern Washington University,Cheney,WA,99004,1,1,3,4,1,8,31.0,0.962,440.0,530.0,430.0,560.0,17.0,24.0,10500.0,0.095,12885.0,,19672.0,7109.0,23862.0,0.3767,0.5245,0.7618,0.3077,0.6909,14893.0,21000.0,12885.0,870.0,1090.0,SAT
235167,8155,The Evergreen State College,Olympia,WA,98505,1,1,3,4,1,8,22.0,0.9628,500.0,630.0,460.0,560.0,19.0,27.0,3560.0,0.0671,12147.0,,20612.0,7591.0,25051.0,0.4434,0.5728,0.6093,0.3846,0.5086,12500.0,16559.0,12147.0,960.0,1190.0,SAT
235316,3778,Gonzaga University,Spokane,WA,99258,1,1,3,4,2,8,12.0,0.6485,590.0,670.0,590.0,680.0,26.0,30.0,5119.0,0.0117,,32623.0,55181.0,41330.0,41330.0,0.1333,0.8726,0.9409,1.0,0.4491,21250.0,24700.0,32623.0,1180.0,1350.0,SAT
236133,3783,Northwest University,Kirkland,WA,98083,1,1,3,4,2,8,21.0,0.9744,510.0,630.0,500.0,600.0,19.0,26.0,911.0,0.0187,,21802.0,41130.0,30320.0,30320.0,0.3145,0.5886,0.797,0.0,0.6599,13000.0,20500.0,21802.0,1010.0,1230.0,SAT
236230,3785,Pacific Lutheran University,Tacoma,WA,98447,1,1,3,4,2,8,21.0,0.7539,520.0,640.0,520.0,630.0,21.0,27.0,2672.0,0.0165,,24034.0,51433.0,40722.0,40722.0,0.3062,0.7045,0.8319,,0.5964,19542.0,24250.0,24034.0,1040.0,1270.0,SAT
236452,3794,Saint Martin's University,Lacey,WA,98503,1,1,3,4,2,8,22.0,0.9751,490.0,600.0,490.0,590.0,18.0,24.0,1259.0,0.1136,,21416.0,47359.0,35656.0,35656.0,0.3604,0.5913,0.7637,0.5,0.5211,17187.0,21825.0,21416.0,980.0,1190.0,SAT
236577,3788,Seattle Pacific University,Seattle,WA,98119,1,1,3,4,2,8,11.0,0.9087,540.0,650.0,520.0,630.0,21.0,27.0,2900.0,0.0403,,30299.0,54315.0,40893.0,40893.0,0.2721,0.6868,0.7936,0.0,0.6107,19187.0,24500.0,30299.0,1060.0,1280.0,SAT
236595,3790,Seattle University,Seattle,WA,98122,1,1,3,4,2,8,11.0,0.738,570.0,670.0,560.0,660.0,24.0,29.0,4547.0,0.049,,35006.0,58356.0,42885.0,42885.0,0.1818,0.7483,0.8436,0.5,0.4655,18822.0,23000.0,35006.0,1130.0,1330.0,SAT
236939,3800,Washington State University,Pullman,WA,99164,1,4,3,4,1,8,32.0,0.7306,510.0,610.0,510.0,610.0,20.0,26.0,24797.0,0.1088,16314.0,,25433.0,11391.0,25817.0,0.3078,0.6244,0.8085,0.5641,0.4415,14750.0,20050.0,16314.0,1020.0,1220.0,SAT
236948,3798,University of Washington-Seattle Campus,Seattle,WA,98195,1,3,3,4,1,8,11.0,0.4642,590.0,690.0,600.0,730.0,27.0,32.0,30295.0,0.058,12037.0,,24498.0,10974.0,35538.0,0.2131,0.8439,0.9436,0.7581,0.2681,12750.0,15000.0,12037.0,1190.0,1420.0,SAT
237011,3802,Western Washington University,Bellingham,WA,98225,1,1,3,4,1,8,13.0,0.8479,550.0,650.0,530.0,630.0,22.0,28.0,14876.0,0.0801,16220.0,,22374.0,8183.0,22695.0,0.2523,0.6904,0.8118,0.6897,0.4232,14784.0,19000.0,16220.0,1080.0,1280.0,SAT
237057,3803,Whitman College,Walla Walla,WA,99362,1,1,3,3,2,8,13.0,0.5173,570.0,690.0,570.0,690.0,28.0,32.0,1468.0,0.0095,,43488.0,61972.0,49780.0,49780.0,0.1031,0.8797,0.9407,,0.4789,14787.0,17175.0,43488.0,1140.0,1380.0,SAT
237066,3804,Whitworth University,Spokane,WA,99251,1,1,3,4,2,8,21.0,0.8901,550.0,660.0,540.0,650.0,23.0,29.0,2227.0,0.0157,,28229.0,55273.0,42186.0,42186.0,0.2329,0.7495,0.8514,0.6667,0.5681,21000.0,26000.0,28229.0,1090.0,1310.0,SAT
237118,3806,Alderson Broaddus University,Philippi,WV,26416,1,1,3,4,2,5,32.0,0.4063,470.0,540.0,460.0,540.0,18.0,23.0,935.0,0.0342,,17835.0,37162.0,26610.0,26610.0,0.4587,0.4745,0.5692,,0.8135,14000.0,26602.0,17835.0,930.0,1080.0,SAT
237136,7544,Appalachian Bible College,Mount Hope,WV,25880,1,1,3,4,2,5,41.0,0.5895,517.0,612.0,477.0,552.0,19.0,25.0,157.0,0.0382,,15471.0,24699.0,14290.0,14290.0,0.3569,0.5652,0.8519,,0.1822,8750.0,11750.0,15471.0,994.0,1164.0,SAT
237181,3808,Bethany College,Bethany,WV,26032,1,1,3,4,2,5,41.0,0.9404,430.0,560.0,420.0,550.0,17.0,24.0,597.0,0.0067,,20337.0,41220.0,28454.0,28454.0,0.4543,0.4579,0.7008,,0.7085,20497.0,27000.0,20337.0,850.0,1110.0,SAT
237215,3809,Bluefield State College,Bluefield,WV,24701,1,1,3,3,1,5,32.0,0.8146,500.0,580.0,460.0,510.0,17.0,21.0,1363.0,0.1937,9065.0,,15638.0,6728.0,13032.0,0.5698,0.2069,0.6535,0.4286,0.5653,12129.0,20650.0,9065.0,960.0,1090.0,SAT
237312,3818,University of Charleston,Charleston,WV,25304,1,1,3,4,2,5,13.0,0.6449,440.0,520.0,420.0,510.0,18.0,22.0,1810.0,0.326,,14138.0,40161.0,30400.0,30400.0,0.3038,0.4939,0.5926,0.1429,0.4691,12000.0,21000.0,14138.0,860.0,1030.0,SAT
237330,3810,Concord University,Athens,WV,24712,1,1,3,4,1,5,32.0,0.9019,470.0,560.0,460.0,550.0,18.0,23.0,1830.0,0.0754,8937.0,,15780.0,7732.0,16812.0,0.4867,0.346,0.6397,0.5,0.5152,11000.0,18750.0,8937.0,930.0,1110.0,SAT
237358,3811,Davis & Elkins College,Elkins,WV,26241,1,1,3,3,2,5,33.0,0.4161,450.0,550.0,450.0,550.0,17.0,22.0,791.0,0.0076,,16843.0,41055.0,28992.0,28992.0,0.4099,0.4217,0.7238,,0.6534,14000.0,24977.0,16843.0,900.0,1100.0,SAT
237367,3812,Fairmont State University,Fairmont,WV,26554,1,1,3,4,1,5,32.0,0.7061,470.0,580.0,470.0,560.0,18.0,23.0,3488.0,0.115,10379.0,,16375.0,6950.0,14666.0,0.4193,0.366,0.6519,0.4,0.6125,12500.0,22250.0,10379.0,940.0,1140.0,SAT
237525,3815,Marshall University,Huntington,WV,25755,1,1,3,4,1,5,13.0,0.9019,490.0,608.0,470.0,560.0,19.0,25.0,8554.0,0.0913,9484.0,,18315.0,7798.0,17856.0,0.4044,0.493,0.7173,0.1429,0.5611,15250.0,23500.0,9484.0,960.0,1168.0,SAT
237640,3819,Ohio Valley University,Vienna,WV,26105,1,1,3,4,2,5,13.0,0.2859,430.0,550.0,480.0,560.0,18.0,23.0,424.0,0.0259,,17061.0,29710.0,21250.0,21250.0,0.5549,0.2973,0.6204,0.0,0.6061,12000.0,25250.0,17061.0,910.0,1110.0,SAT
237792,3822,Shepherd University,Shepherdstown,WV,25443,1,1,3,4,1,5,31.0,0.8913,490.0,580.0,480.0,570.0,19.0,24.0,2956.0,0.1167,9908.0,,16387.0,7328.0,17869.0,0.3242,0.4202,0.6494,0.4,0.521,15000.0,21500.0,9908.0,970.0,1150.0,SAT
237899,3826,West Virginia State University,Institute,WV,25112,1,1,3,4,1,5,22.0,0.9758,460.0,538.0,440.0,518.0,17.0,22.0,1905.0,0.1071,8976.0,,16585.0,7546.0,16550.0,0.3025,0.2628,0.5927,0.3,0.3719,12100.0,22052.0,8976.0,900.0,1056.0,SAT
237932,3823,West Liberty University,West Liberty,WV,26074,1,1,3,4,1,5,41.0,0.7176,390.0,470.0,410.0,480.0,17.0,23.0,1994.0,0.0697,13339.0,,20767.0,7380.0,15020.0,0.3845,0.4789,0.712,1.0,0.5985,16000.0,23250.0,13339.0,800.0,950.0,SAT
237950,3827,West Virginia University Institute of Technology,Beckley,WV,25801,0,3,3,3,1,5,13.0,0.5291,490.0,590.0,460.0,590.0,21.0,27.0,1256.0,0.1154,8710.0,,16296.0,6960.0,17544.0,0.3593,0.2145,0.6254,0.375,0.4388,14708.0,23872.0,8710.0,950.0,1180.0,SAT
237969,3830,West Virginia Wesleyan College,Buckhannon,WV,26201,1,1,3,4,2,5,33.0,0.7064,470.0,590.0,485.0,580.0,19.0,25.0,1304.0,0.0153,,18232.0,43477.0,30752.0,30752.0,0.3152,0.4963,0.7364,,0.664,19136.0,27000.0,18232.0,955.0,1170.0,SAT
238032,3827,West Virginia University,Morgantown,WV,26506,1,3,3,4,1,5,13.0,0.719,510.0,610.0,510.0,600.0,21.0,27.0,21703.0,0.0457,11825.0,,20702.0,8376.0,23616.0,0.2527,0.5676,0.7956,0.375,0.5091,14708.0,23872.0,11825.0,1020.0,1210.0,SAT
238078,3831,Wheeling Jesuit University,Wheeling,WV,26003,1,1,3,4,2,5,13.0,0.514,460.0,560.0,450.0,560.0,19.0,24.0,694.0,0.0346,,17638.0,38805.0,28110.0,28110.0,0.3048,0.6359,0.6351,,0.6095,17910.0,27000.0,17638.0,910.0,1120.0,SAT
238324,6639,Bellin College,Green Bay,WI,54311,1,1,3,4,2,3,41.0,0.8889,,,,,21.0,28.0,354.0,0.3814,,25881.0,30833.0,20500.0,20500.0,0.1757,0.6667,0.8571,,0.5711,15000.0,15000.0,25881.0,1073.3333333333333,1306.6666666666667,ACT_coverted
238430,3837,Cardinal Stritch University,Milwaukee,WI,53217,1,1,3,4,2,3,21.0,0.7835,443.0,568.0,463.0,595.0,18.0,23.0,1284.0,0.3037,,17199.0,38738.0,28844.0,28844.0,0.397,0.4453,0.7683,1.0,0.6643,24490.0,28354.0,17199.0,906.0,1163.0,SAT
238458,3838,Carroll University,Waukesha,WI,53186,1,1,3,4,2,3,13.0,0.7082,510.0,595.0,465.0,615.0,21.0,26.0,2895.0,0.0591,,22736.0,42003.0,31144.0,31144.0,0.2512,0.6581,0.7931,0.0,0.7008,23000.0,27000.0,22736.0,975.0,1210.0,SAT
238476,3839,Carthage College,Kenosha,WI,53140,1,1,3,4,2,3,22.0,0.6787,530.0,650.0,510.0,650.0,21.0,27.0,2723.0,0.0474,,26532.0,53282.0,41950.0,41950.0,0.2799,0.5979,0.7756,0.5,0.8379,19500.0,26691.0,26532.0,1040.0,1300.0,SAT
238616,3842,Concordia University-Wisconsin,Mequon,WI,53097,1,2,3,4,2,3,21.0,0.6319,,,,,20.0,26.0,3533.0,0.2607,,25457.0,42149.0,28600.0,28600.0,0.2815,0.5348,0.8174,0.1667,0.6305,19500.0,25003.0,25457.0,1040.0,1240.0,ACT_coverted
238661,3848,Edgewood College,Madison,WI,53711,1,1,3,4,2,3,11.0,0.7111,550.0,590.0,510.0,630.0,21.0,25.0,1521.0,0.1105,,24228.0,40472.0,28500.0,28500.0,0.3095,0.6088,0.7757,,0.6689,20000.0,25000.0,24228.0,1060.0,1220.0,SAT
238980,3854,Lakeland University,Plymouth,WI,53073,1,1,3,4,2,3,41.0,0.5166,570.0,590.0,590.0,600.0,16.0,22.0,1835.0,0.5771,,20281.0,38062.0,27760.0,27760.0,0.3327,0.592,0.7031,0.3333,0.6169,19200.0,25500.0,20281.0,1160.0,1190.0,SAT
239017,3856,Lawrence University,Appleton,WI,54911,1,1,3,3,2,3,13.0,0.6135,620.0,730.0,600.0,730.0,25.0,32.0,1441.0,0.016,,25117.0,56823.0,46101.0,46101.0,0.1996,0.7957,0.882,,0.5255,19849.0,25000.0,25117.0,1220.0,1460.0,SAT
239071,23172,Maranatha Baptist University,Watertown,WI,53094,1,1,3,4,2,3,31.0,0.73,583.0,650.0,500.0,610.0,20.0,25.0,686.0,0.1487,,18300.0,24832.0,14910.0,14910.0,0.369,0.5047,0.6667,0.4545,0.3765,12000.0,17246.0,18300.0,1083.0,1260.0,SAT
239080,3861,Marian University,Fond Du Lac,WI,54935,1,1,3,4,2,3,13.0,0.6758,490.0,530.0,490.0,540.0,17.0,22.0,1495.0,0.1619,,22346.0,38317.0,27400.0,27400.0,0.2986,0.4781,0.6891,,0.5925,16743.0,25500.0,22346.0,980.0,1070.0,SAT
239105,3863,Marquette University,Milwaukee,WI,53233,1,1,3,4,2,3,11.0,0.8933,570.0,660.0,560.0,650.0,24.0,29.0,8093.0,0.0163,,29120.0,52916.0,39900.0,39900.0,0.1595,0.8031,0.8926,1.0,0.4581,21261.0,24623.0,29120.0,1130.0,1310.0,SAT
239318,3868,Milwaukee School of Engineering,Milwaukee,WI,53202,1,1,3,4,2,3,11.0,0.6284,550.0,650.0,603.0,710.0,25.0,30.0,2605.0,0.0372,,21328.0,49230.0,39429.0,39429.0,0.2725,0.6689,0.8473,0.0,0.6809,25000.0,27000.0,21328.0,1153.0,1360.0,SAT
239390,3869,Mount Mary University,Milwaukee,WI,53222,1,1,3,4,2,3,11.0,0.5599,,,,,17.0,21.0,676.0,0.0784,,19156.0,41412.0,29510.0,29510.0,0.5542,0.386,0.7949,,0.7657,19750.0,25874.0,19156.0,930.0,1073.3333333333333,ACT_coverted
239628,3884,Ripon College,Ripon,WI,54971,1,1,3,3,2,3,32.0,0.6753,520.0,610.0,520.0,650.0,20.0,26.0,740.0,0.0068,,18592.0,49078.0,41835.0,41835.0,0.3392,0.6784,0.7089,,0.7768,22812.0,27000.0,18592.0,1040.0,1260.0,SAT
239716,3892,Saint Norbert College,De Pere,WI,54115,1,1,3,4,2,3,22.0,0.7922,570.0,630.0,540.0,600.0,22.0,27.0,2041.0,0.0103,,24930.0,46159.0,36593.0,36593.0,0.2065,0.7365,0.8268,1.0,0.6646,21500.0,26975.0,24930.0,1110.0,1230.0,SAT
240107,3911,Viterbo University,La Crosse,WI,54601,1,1,3,4,2,3,13.0,0.6145,510.0,620.0,510.0,570.0,21.0,26.0,1767.0,0.2111,,19421.0,37585.0,27150.0,27150.0,0.2629,0.5503,0.7106,,0.6896,20500.0,25500.0,19421.0,1020.0,1190.0,SAT
240189,3926,University of Wisconsin-Whitewater,Whitewater,WI,53190,1,1,3,4,1,3,32.0,0.7035,,,,,20.0,24.0,10543.0,0.0757,14310.0,,17480.0,7662.0,16235.0,0.263,0.6167,0.7817,0.4762,0.5887,18250.0,24230.0,14310.0,1040.0,1173.3333333333333,ACT_coverted
240268,3917,University of Wisconsin-Eau Claire,Eau Claire,WI,54701,1,1,3,4,1,3,13.0,0.7567,,,,,21.0,26.0,10070.0,0.0619,16188.0,,19591.0,8816.0,16736.0,0.229,0.6656,0.8168,0.4286,0.5594,15063.0,21617.0,16188.0,1073.3333333333333,1240.0,ACT_coverted
240277,3899,University of Wisconsin-Green Bay,Green Bay,WI,54311,1,1,3,4,1,3,12.0,0.7553,,,,,20.0,25.0,5503.0,0.262,14443.0,,18302.0,7878.0,15728.0,0.271,0.5109,0.7254,0.5556,0.4675,13000.0,20300.0,14443.0,1040.0,1206.6666666666667,ACT_coverted
240329,3919,University of Wisconsin-La Crosse,La Crosse,WI,54601,1,1,3,4,1,3,13.0,0.7337,,,,,22.0,26.0,9436.0,0.0407,14424.0,,17235.0,9096.0,17765.0,0.2017,0.7055,0.8334,0.5,0.553,17500.0,22613.0,14424.0,1106.6666666666667,1240.0,ACT_coverted
240338,21366,Wisconsin Lutheran College,Milwaukee,WI,53226,1,1,3,4,2,3,11.0,0.9025,518.0,635.0,490.0,643.0,20.0,26.0,982.0,0.0621,,20073.0,39394.0,29140.0,29140.0,0.285,0.6654,0.7851,,0.764,19208.0,25986.0,20073.0,1008.0,1278.0,SAT
240365,3920,University of Wisconsin-Oshkosh,Oshkosh,WI,54901,1,1,3,4,1,3,13.0,0.6309,,,,,20.0,24.0,9162.0,0.1358,15307.0,,18333.0,7587.0,15160.0,0.2208,0.5234,0.768,0.5714,0.4587,16750.0,22750.0,15307.0,1040.0,1173.3333333333333,ACT_coverted
240374,5015,University of Wisconsin-Parkside,Kenosha,WI,53144,1,1,3,4,1,3,22.0,0.6077,,,,,18.0,23.0,4056.0,0.193,10849.0,,15399.0,7389.0,15378.0,0.3955,0.3402,0.7271,0.3438,0.5433,14000.0,22025.0,10849.0,966.6666666666666,1140.0,ACT_coverted
240417,3915,University of Wisconsin-Stout,Menomonie,WI,54751,1,1,3,4,1,3,32.0,0.8718,,,,,19.0,25.0,7955.0,0.1747,15679.0,,19233.0,9456.0,17423.0,0.2624,0.5425,0.685,0.4231,0.5953,15750.0,24000.0,15679.0,1003.3333333333334,1206.6666666666667,ACT_coverted
240426,3925,University of Wisconsin-Superior,Superior,WI,54880,1,1,3,4,1,3,22.0,0.7618,,,,,18.0,23.0,2241.0,0.1888,13023.0,,17820.0,8109.0,15682.0,0.357,0.434,0.7224,0.2,0.591,15250.0,23722.0,13023.0,966.6666666666666,1140.0,ACT_coverted
240444,3895,University of Wisconsin-Madison,Madison,WI,53706,1,1,3,4,1,3,11.0,0.5381,620.0,690.0,660.0,760.0,27.0,31.0,29930.0,0.0458,19880.0,,25121.0,10533.0,34783.0,0.1257,0.8723,0.9534,0.875,0.3288,18750.0,20500.0,19880.0,1280.0,1450.0,SAT
240453,3896,University of Wisconsin-Milwaukee,Milwaukee,WI,53211,1,1,3,4,1,3,11.0,0.7248,,,,,20.0,25.0,19436.0,0.1338,16650.0,,21701.0,9565.0,20844.0,0.3431,0.4148,0.7421,0.4474,0.5871,16534.0,25000.0,16650.0,1040.0,1206.6666666666667,ACT_coverted
240462,3921,University of Wisconsin-Platteville,Platteville,WI,53818,1,1,3,4,1,3,32.0,0.7971,,,,,21.0,26.0,7496.0,0.1041,15237.0,,18494.0,7536.0,15386.0,0.2434,0.5283,0.7889,0.4167,0.5614,16500.0,23000.0,15237.0,1073.3333333333333,1240.0,ACT_coverted
240471,3923,University of Wisconsin-River Falls,River Falls,WI,54022,1,1,3,4,1,3,32.0,0.7452,,,,,20.0,25.0,5515.0,0.103,14553.0,,18201.0,8013.0,15586.0,0.2825,0.5291,0.7509,0.8224,0.5899,14250.0,21000.0,14553.0,1040.0,1206.6666666666667,ACT_coverted
240480,3924,University of Wisconsin-Stevens Point,Stevens Point,WI,54481,1,1,3,4,1,3,32.0,0.8356,,,,,20.0,25.0,7768.0,0.0711,14005.0,,17767.0,8209.0,16476.0,0.3234,0.6502,0.7447,0.5,0.6458,15760.0,23000.0,14005.0,1040.0,1206.6666666666667,ACT_coverted
240727,3932,University of Wyoming,Laramie,WY,82071,1,1,3,4,1,7,33.0,0.9682,520.0,650.0,520.0,640.0,22.0,27.0,9623.0,0.1397,13070.0,,19615.0,5217.0,16827.0,0.2129,0.582,0.783,0.3529,0.3497,12500.0,18498.0,13070.0,1040.0,1290.0,SAT
243106,12123,University of Puerto Rico-Aguadilla,Aguadilla,PR,00604,1,1,3,3,1,9,21.0,0.7098,474.0,581.0,462.0,580.0,,,3385.0,0.0665,3400.0,,8867.0,2082.0,4070.0,0.8201,0.4181,0.8125,,0.1222,5500.0,5500.0,3400.0,936.0,1161.0,SAT
243142,30160,University of Puerto Rico-Carolina,Carolina,PR,00984,1,1,3,3,1,9,12.0,0.3168,472.0,573.0,440.0,557.0,,,3532.0,0.222,7743.0,,13283.0,3158.0,6190.0,0.7224,0.4639,0.7262,0.6667,0.0587,4500.0,5417.0,7743.0,912.0,1130.0,SAT
243151,7206,University of Puerto Rico-Cayey,Cayey,PR,00737,1,1,3,3,1,9,21.0,0.7649,511.0,604.0,503.0,630.0,,,3469.0,0.0859,6203.0,,11742.0,2083.0,4138.0,0.7169,0.451,0.7893,0.0,0.0336,5000.0,5000.0,6203.0,1014.0,1234.0,SAT
243665,3946,University of the Virgin Islands,Charlotte Amalie,VI,00802,1,2,3,4,1,9,33.0,0.9844,420.0,545.0,380.0,490.0,15.0,18.0,1763.0,0.2785,11968.0,,16786.0,5235.0,14496.0,0.5331,0.22,0.6713,0.3704,0.482,9321.0,14750.0,11968.0,800.0,1035.0,SAT
243744,1305,Stanford University,Stanford,CA,94305,1,1,3,4,2,8,21.0,0.0473,690.0,760.0,700.0,780.0,32.0,35.0,7056.0,0.0,,13261.0,66696.0,49617.0,49617.0,0.1517,0.9425,0.9839,,0.0978,10000.0,11341.0,13261.0,1390.0,1540.0,SAT
243780,1825,Purdue University-Main Campus,West Lafayette,IN,47907,1,10,3,4,1,3,13.0,0.5747,570.0,670.0,580.0,710.0,25.0,31.0,31887.0,0.0507,13746.0,,22718.0,9992.0,28794.0,0.1672,0.7836,0.9144,0.4706,0.3044,15750.0,19500.0,13746.0,1150.0,1380.0,SAT
245652,2093,St. John's College,Santa Fe,NM,87505,1,1,3,4,2,6,41.0,0.6316,630.0,670.0,560.0,680.0,23.0,32.0,322.0,0.0404,,20605.0,63690.0,52320.0,52320.0,0.319,0.6506,0.7761,,0.4877,14750.0,27000.0,20605.0,1190.0,1350.0,SAT
262129,39574,New College of Florida,Sarasota,FL,34243,1,1,3,4,1,5,13.0,0.6896,620.0,710.0,570.0,670.0,25.0,30.0,835.0,0.0,10248.0,,20395.0,6916.0,29944.0,0.2857,0.6456,0.7879,,0.338,9150.0,16000.0,10248.0,1190.0,1380.0,SAT
366711,30113,California State University-San Marcos,San Marcos,CA,92096,1,1,3,4,1,8,21.0,0.5676,480.0,570.0,470.0,560.0,18.0,23.0,14516.0,0.2003,11029.0,,19191.0,7653.0,19533.0,0.4849,0.5313,0.7934,0.5851,0.3912,12500.0,17818.0,11029.0,950.0,1130.0,SAT
377555,3798,University of Washington-Bothell Campus,Bothell,WA,98011,0,3,3,4,1,8,21.0,0.8011,510.0,610.0,520.0,620.0,19.0,26.0,5329.0,0.1299,8893.0,,20639.0,10911.0,35475.0,0.3179,0.6362,0.8791,0.6765,0.3153,12750.0,15000.0,8893.0,1030.0,1230.0,SAT
377564,3798,University of Washington-Tacoma Campus,Tacoma,WA,98402,0,3,3,4,1,8,12.0,0.8385,490.0,600.0,490.0,590.0,18.0,24.0,4412.0,0.1065,7953.0,,19708.0,11046.0,35610.0,0.4422,0.5845,0.757,0.4444,0.4021,12750.0,15000.0,7953.0,980.0,1190.0,SAT
392840,30888,Watkins College of Art Design & Film,Nashville,TN,37228,1,1,3,3,2,5,11.0,0.4213,520.0,630.0,500.0,540.0,19.0,25.0,199.0,0.1608,,31603.0,37475.0,23700.0,23700.0,0.5128,0.3836,0.6512,0.0,0.7308,22205.0,29250.0,31603.0,1020.0,1170.0,SAT
399911,38144,Soka University of America,Aliso Viejo,CA,92656,1,1,3,4,2,8,21.0,0.3722,590.0,670.0,610.0,720.0,27.0,31.0,412.0,0.0,,13854.0,45592.0,31776.0,31776.0,0.2542,0.9364,0.9423,,0.2734,17000.0,19488.0,13854.0,1200.0,1390.0,SAT
407009,1081,Arizona State University-West,Glendale,AZ,85306,0,10,3,4,1,6,11.0,0.7965,530.0,630.0,510.0,620.0,20.0,25.0,3563.0,0.1364,8481.0,,21448.0,10301.0,26038.0,0.4651,0.5772,0.8802,0.5,0.5181,14271.0,20349.0,8481.0,1040.0,1250.0,SAT
409698,32603,California State University-Monterey Bay,Seaside,CA,93955,1,1,3,4,1,8,22.0,0.532,490.0,590.0,480.0,580.0,18.0,24.0,6557.0,0.0885,11167.0,,20834.0,7043.0,18923.0,0.4939,0.6016,0.7897,0.6667,0.4481,11000.0,13521.0,11167.0,970.0,1170.0,SAT
420574,1081,Arizona State University-Polytechnic,Mesa,AZ,85212,0,10,3,4,1,6,11.0,0.7628,540.0,640.0,540.0,660.0,21.0,28.0,4224.0,0.1281,11059.0,,23006.0,10301.0,26038.0,0.3593,0.5906,0.8515,0.4167,0.4725,14271.0,20349.0,11059.0,1080.0,1300.0,SAT
433660,32553,Florida Gulf Coast University,Fort Myers,FL,33965,1,1,3,4,1,5,21.0,0.6426,540.0,610.0,520.0,600.0,21.0,25.0,13636.0,0.2064,15376.0,,19400.0,6118.0,25162.0,0.296,0.481,0.7926,0.7805,0.4181,12625.0,19500.0,15376.0,1060.0,1210.0,SAT
436818,1417,University of Connecticut-Waterbury Campus,Waterbury,CT,06702,0,5,3,4,1,1,22.0,0.9588,500.0,610.0,470.0,580.0,21.0,25.0,851.0,0.0787,8224.0,,16051.0,12838.0,34906.0,0.3732,0.59,0.8512,0.5,0.4645,19000.0,21500.0,8224.0,970.0,1190.0,SAT
436827,1417,University of Connecticut-Avery Point,Groton,CT,06340,0,5,3,4,1,1,22.0,0.9416,530.0,610.0,510.0,590.0,18.0,24.0,619.0,0.0808,9617.0,,16025.0,12838.0,34906.0,0.2632,0.5837,0.8616,0.3333,0.4509,19000.0,21500.0,9617.0,1040.0,1200.0,SAT
436836,1417,University of Connecticut-Stamford,Stamford,CT,06901,0,5,3,4,1,1,12.0,0.8232,500.0,590.0,480.0,590.0,20.0,25.0,1670.0,0.1323,7280.0,,15747.0,12848.0,34916.0,0.3543,0.642,0.8423,0.5714,0.349,19000.0,21500.0,7280.0,980.0,1180.0,SAT
439701,35163,The King's University,Southlake,TX,76092,1,1,3,4,2,6,21.0,0.519,500.0,560.0,455.0,535.0,21.0,26.0,398.0,0.4874,,22942.0,26047.0,14400.0,14400.0,0.4251,0.1538,0.8,0.0,0.5391,16500.0,28149.0,22942.0,955.0,1095.0,SAT
441982,39463,Franklin W Olin College of Engineering,Needham,MA,02492,1,1,3,3,2,1,21.0,0.1337,710.0,770.0,740.0,800.0,33.0,35.0,345.0,0.0,,24903.0,67839.0,51936.0,51936.0,0.0767,0.9146,0.9873,,0.2778,15629.0,18146.0,24903.0,1450.0,1570.0,SAT
443410,37243,DigiPen Institute of Technology,Redmond,WA,98052,1,1,3,4,3,8,13.0,0.5387,577.0,680.0,570.0,680.0,25.0,30.0,1019.0,0.0559,,35538.0,42671.0,29000.0,29000.0,0.2643,0.4286,0.8083,0.0,0.5379,20750.0,27000.0,35538.0,1147.0,1360.0,SAT
445188,41271,University of California-Merced,Merced,CA,95343,1,1,3,4,1,8,41.0,0.6979,500.0,580.0,500.0,590.0,20.0,27.0,7375.0,0.0106,13223.0,,34330.0,13598.0,41612.0,0.6124,0.6439,0.8053,0.3333,0.5013,12750.0,19000.0,13223.0,1000.0,1170.0,SAT
446048,39413,Ave Maria University,Ave Maria,FL,34142,1,1,3,4,2,5,42.0,0.4212,500.0,630.0,480.0,600.0,21.0,27.0,1052.0,0.0162,,19129.0,33297.0,19970.0,19970.0,0.2405,0.5459,0.6842,0.0,0.536,13683.0,20500.0,19129.0,980.0,1230.0,SAT
448840,1537,University of South Florida-St Petersburg,St. Petersburg,FL,33701,0,3,3,4,1,5,11.0,0.3993,550.0,630.0,530.0,600.0,22.0,26.0,4162.0,0.3193,12086.0,,19118.0,5821.0,16735.0,0.4027,0.3559,0.7751,0.5357,0.4387,15500.0,18750.0,12086.0,1080.0,1230.0,SAT
448886,1081,Arizona State University-Downtown Phoenix,Phoenix,AZ,85004,0,10,3,4,1,6,11.0,0.7721,540.0,640.0,530.0,620.0,21.0,26.0,8898.0,0.1059,10936.0,,24977.0,10792.0,27372.0,0.3921,0.656,0.8588,0.3,0.5191,14271.0,20349.0,10936.0,1070.0,1260.0,SAT
449764,39823,Visible Music College,Memphis,TN,38103,1,1,3,3,2,5,11.0,1.0,343.0,637.0,407.0,640.0,13.0,24.0,123.0,0.1382,,25147.0,30550.0,19500.0,19500.0,0.5556,0.2917,0.7308,,0.8462,12876.0,27000.0,25147.0,750.0,1277.0,SAT
454184,40953,The King's College,New York,NY,10004,1,1,3,3,2,2,11.0,0.409,590.0,670.0,550.0,630.0,24.0,29.0,533.0,0.0131,,32222.0,54647.0,35400.0,35400.0,0.2983,0.5155,0.7329,,0.7842,12000.0,23250.0,32222.0,1140.0,1300.0,SAT
455770,41539,Providence Christian College,Pasadena,CA,91104,1,1,3,3,2,8,12.0,0.9116,,,,,2.0,9.0,167.0,0.0359,,21638.0,41007.0,29372.0,29372.0,0.378,0.5714,0.6111,,0.7866,12683.0,22875.0,21638.0,670.0,670.0,ACT_coverted
456959,3969,University of Minnesota-Rochester,Rochester,MN,55904,0,2,3,3,1,4,12.0,0.513,620.0,720.0,610.0,690.0,22.0,26.0,459.0,0.0545,15234.0,,24940.0,13352.0,13352.0,0.331,0.6126,0.6897,,0.6276,16751.0,19500.0,15234.0,1230.0,1410.0,SAT
459417,41633,Compass College of Cinematic Arts,Grand Rapids,MI,49503,1,1,3,3,2,3,12.0,0.7945,470.0,610.0,430.0,560.0,18.0,24.0,134.0,0.0149,,24221.0,28439.0,15300.0,15300.0,0.4621,0.8182,0.7609,,0.8106,22000.0,27000.0,24221.0,900.0,1170.0,SAT
462354,41937,John Paul the Great Catholic University,Escondido,CA,92025,1,1,3,4,2,8,21.0,0.9502,540.0,620.0,480.0,570.0,20.0,27.0,260.0,0.05,,29047.0,41521.0,24900.0,24900.0,0.2907,0.6071,0.8082,0.0,0.6256,19032.0,25493.0,29047.0,1020.0,1190.0,SAT
463056,1417,University of Connecticut-Hartford Campus,Hartford,CT,06103,0,5,3,4,1,1,12.0,0.9597,510.0,600.0,500.0,590.0,19.0,25.0,1244.0,0.0852,7554.0,,15788.0,12828.0,34896.0,0.4089,0.625,0.8229,0.1667,0.4297,19000.0,21500.0,7554.0,1010.0,1190.0,SAT
479956,3329,Pennsylvania State University-World Campus,University Park,PA,16802,0,23,3,4,1,2,41.0,0.6679,490.0,620.0,490.0,590.0,20.0,27.0,8108.0,0.6825,19221.0,,25626.0,13988.0,13988.0,0.3303,0.2754,0.5443,0.5108,0.5092,19500.0,26000.0,19221.0,980.0,1210.0,SAT
482149,1579,Augusta University,Augusta,GA,30912,1,1,3,4,1,5,12.0,0.7459,460.0,500.0,430.0,490.0,20.0,26.0,4978.0,0.1593,16771.0,,19970.0,8604.0,23606.0,0.4085,0.2734,0.7252,0.75,0.5128,14000.0,21472.0,16771.0,890.0,990.0,SAT
482680,1585,University of North Georgia,Dahlonega,GA,30597,1,1,3,4,1,5,31.0,0.7807,460.0,570.0,450.0,560.0,20.0,25.0,17067.0,0.2717,9854.0,,15405.0,4421.0,12834.0,0.3314,0.286,0.8093,0.5946,0.3596,9374.0,18000.0,9854.0,910.0,1130.0,SAT
484905,42421,University of North Texas at Dallas,Dallas,TX,75241,1,1,3,4,1,6,11.0,0.7397,460.0,540.0,460.0,540.0,16.0,20.0,2663.0,0.3601,4513.0,,14887.0,7848.0,20088.0,0.5153,0.2632,0.7656,0.5833,0.7152,10868.0,12500.0,4513.0,920.0,1080.0,SAT
486840,1577,Kennesaw State University,Kennesaw,GA,30144,1,1,3,4,1,5,21.0,0.6063,550.0,630.0,530.0,610.0,21.0,26.0,32309.0,0.2387,18284.0,,23919.0,6347.0,17329.0,0.3676,0.4174,0.783,0.5929,0.5198,14850.0,24126.0,18284.0,1080.0,1240.0,SAT
486901,3511,Milligan College,Milligan College,TN,37682,1,1,3,4,2,5,22.0,0.5776,500.0,630.0,500.0,590.0,23.0,27.0,806.0,0.0521,,20649.0,42297.0,32500.0,32500.0,0.2955,0.6422,0.7604,1.0,0.5864,19000.0,24187.0,20649.0,1000.0,1220.0,SAT
487524,2043,Husson University,Bangor,ME,04401,1,1,3,4,2,1,13.0,0.8627,480.0,570.0,470.0,560.0,20.0,25.0,2652.0,0.1308,,19280.0,28889.0,17561.0,17561.0,0.4289,0.5455,0.7653,0.6,0.7734,20500.0,27000.0,19280.0,950.0,1130.0,SAT
489937,2956,Piedmont International University,Winston-Salem,NC,27101,1,1,3,4,2,5,12.0,0.3633,410.0,550.0,380.0,520.0,15.0,19.0,336.0,0.2679,,13004.0,19145.0,9480.0,9480.0,0.5898,0.3371,0.6087,0.4,0.4847,10500.0,22513.0,13004.0,790.0,1070.0,SAT
490805,1827,Purdue University Northwest,Hammond,IN,46323,1,1,3,4,1,3,21.0,0.3467,490.0,590.0,480.0,580.0,19.0,25.0,8665.0,0.3094,10833.0,,16285.0,7582.0,17129.0,0.245,0.3444,0.6819,0.4433,0.2908,13250.0,20928.0,10833.0,970.0,1170.0,SAT
